token_id,denomination,issuer,holder,issued_at,algorithm,verified,transferred
CBDC-0DB970C1A3,0.1,ECB-CBDC,bc150fc35db83ca456c89bea8a3fbca,2026-01-01T00:00:00Z,SLH-DSA-128f,1,0
CBDC-08F77288EC,50.0,ECB-CBDC,bc150fc35db83ca456c89bea8a3fbca,2026-01-01T00:48:00Z,FALCON-512,1,0
CBDC-AEFF6DC5C9,1.0,ECB-CBDC,pq11c74f53296c54368abe4542c41c0,2026-01-01T01:36:00Z,ML-DSA-65,1,1
CBDC-A55A2CA8A8,100.0,PBoC-CBDC,bc150fc35db83ca456c89bea8a3fbca,2026-01-01T02:24:00Z,FALCON-512,1,0
CBDC-B3DE57D95F,10.0,PBoC-CBDC,bc1ff2cbb6af26b4f5caa275e4f2022,2026-01-01T03:12:00Z,ML-DSA-65,1,1
CBDC-4374F077F1,0.1,BoC-CBDC,bc150fc35db83ca456c89bea8a3fbca,2026-01-01T04:00:00Z,SLH-DSA-128f,1,0
CBDC-FA591C0870,0.01,Fed-CBDC,pq1f4ab2ca7bcb643c6b21fa5644102,2026-01-01T04:48:00Z,FALCON-512,1,1
CBDC-D228BF9D44,0.01,Fed-CBDC,pq1496afe564cd747068b2b3a293d9b,2026-01-01T05:36:00Z,SLH-DSA-128f,1,0
CBDC-6DCB5958D9,10.0,ECB-CBDC,pq15c87ba841c844d41ae9a999671f7,2026-01-01T06:24:00Z,FALCON-512,1,0
CBDC-544BAF7E14,0.1,BoC-CBDC,pq1f4ab2ca7bcb643c6b21fa5644102,2026-01-01T07:12:00Z,SLH-DSA-128f,1,1
CBDC-20DC9F1E2F,100.0,ECB-CBDC,pq15c87ba841c844d41ae9a999671f7,2026-01-01T08:00:00Z,FALCON-512,1,0
CBDC-5F2C336704,0.01,Fed-CBDC,pq1dadadc94bda84ce9b4cd7f6994cc,2026-01-01T08:48:00Z,SLH-DSA-128f,1,0
CBDC-55F8E0BBAA,100.0,BoC-CBDC,pq15c87ba841c844d41ae9a999671f7,2026-01-01T09:36:00Z,SLH-DSA-128f,1,0
CBDC-2511AC4D85,10.0,ECB-CBDC,pq1496afe564cd747068b2b3a293d9b,2026-01-01T10:24:00Z,FALCON-512,1,0
CBDC-C24A19C4B4,1.0,BoC-CBDC,pq1f4ab2ca7bcb643c6b21fa5644102,2026-01-01T11:12:00Z,ML-DSA-65,1,1
CBDC-CDEDC7C6DA,50.0,BoC-CBDC,bc122cb9f6c669c4fb9b446f88678b2,2026-01-01T12:00:00Z,SLH-DSA-128f,1,0
CBDC-1D23636E77,0.1,PBoC-CBDC,pq1dadadc94bda84ce9b4cd7f6994cc,2026-01-01T12:48:00Z,FALCON-512,1,0
CBDC-2BA7CBFA09,0.01,ECB-CBDC,bc122cb9f6c669c4fb9b446f88678b2,2026-01-01T13:36:00Z,ML-DSA-65,1,0
CBDC-FACFDE62E4,1.0,PBoC-CBDC,pq15c87ba841c844d41ae9a999671f7,2026-01-01T14:24:00Z,FALCON-512,1,0
CBDC-F7900F5D6E,0.01,PBoC-CBDC,pq1b0fd919e01e84830b4a7f4a3030a,2026-01-01T15:12:00Z,FALCON-512,1,1
CBDC-02A0B87028,10.0,Fed-CBDC,pq1693caa8a2f22449ebf5b287dfb6c,2026-01-01T16:00:00Z,FALCON-512,1,0
CBDC-4A7B57DB70,10.0,PBoC-CBDC,pq1f4ab2ca7bcb643c6b21fa5644102,2026-01-01T16:48:00Z,SLH-DSA-128f,1,1
CBDC-552A27C02D,50.0,BoC-CBDC,pq15c87ba841c844d41ae9a999671f7,2026-01-01T17:36:00Z,SLH-DSA-128f,1,1
CBDC-E636D37E85,0.1,PBoC-CBDC,pq1496afe564cd747068b2b3a293d9b,2026-01-01T18:24:00Z,ML-DSA-65,1,1
CBDC-56AE9CADA6,1.0,Fed-CBDC,bc122cb9f6c669c4fb9b446f88678b2,2026-01-01T19:12:00Z,SLH-DSA-128f,1,0
CBDC-D4CEE5417D,10.0,Fed-CBDC,bc150fc35db83ca456c89bea8a3fbca,2026-01-01T20:00:00Z,FALCON-512,1,0
CBDC-0D4C2337E2,50.0,BoC-CBDC,pq1dadadc94bda84ce9b4cd7f6994cc,2026-01-01T20:48:00Z,SLH-DSA-128f,1,0
CBDC-C6051B29A5,0.01,BoC-CBDC,pq11c74f53296c54368abe4542c41c0,2026-01-01T21:36:00Z,SLH-DSA-128f,1,0
CBDC-C6336C3B0F,100.0,BoC-CBDC,pq1dadadc94bda84ce9b4cd7f6994cc,2026-01-01T22:24:00Z,SLH-DSA-128f,1,0
CBDC-F27914204E,1.0,Fed-CBDC,bc150fc35db83ca456c89bea8a3fbca,2026-01-01T23:12:00Z,ML-DSA-65,1,1
CBDC-121AF04DC2,0.01,PBoC-CBDC,bc122cb9f6c669c4fb9b446f88678b2,2026-01-02T00:00:00Z,FALCON-512,1,1
CBDC-3721FC0859,0.01,ECB-CBDC,pq1496afe564cd747068b2b3a293d9b,2026-01-02T00:48:00Z,ML-DSA-65,1,0
CBDC-BB95626C51,0.1,BoC-CBDC,bc1ff2cbb6af26b4f5caa275e4f2022,2026-01-02T01:36:00Z,FALCON-512,1,0
CBDC-D9DB1D9794,50.0,ECB-CBDC,pq1dadadc94bda84ce9b4cd7f6994cc,2026-01-02T02:24:00Z,ML-DSA-65,1,0
CBDC-FB643B479A,10.0,ECB-CBDC,pq1dadadc94bda84ce9b4cd7f6994cc,2026-01-02T03:12:00Z,FALCON-512,1,0
CBDC-95F5FCC96D,10.0,BoC-CBDC,pq1693caa8a2f22449ebf5b287dfb6c,2026-01-02T04:00:00Z,SLH-DSA-128f,1,1
CBDC-8A957FBF1D,10.0,BoC-CBDC,pq11c74f53296c54368abe4542c41c0,2026-01-02T04:48:00Z,SLH-DSA-128f,1,0
CBDC-3619FFC40B,1.0,Fed-CBDC,bc122cb9f6c669c4fb9b446f88678b2,2026-01-02T05:36:00Z,ML-DSA-65,1,1
CBDC-AEAEA29442,1.0,PBoC-CBDC,pq1b0fd919e01e84830b4a7f4a3030a,2026-01-02T06:24:00Z,FALCON-512,1,0
CBDC-EBEAE9803A,0.1,PBoC-CBDC,pq15c87ba841c844d41ae9a999671f7,2026-01-02T07:12:00Z,ML-DSA-65,1,0
CBDC-37AFEB0F4D,0.01,PBoC-CBDC,bc150fc35db83ca456c89bea8a3fbca,2026-01-02T08:00:00Z,FALCON-512,1,1
CBDC-5107992B81,0.01,PBoC-CBDC,pq1b0fd919e01e84830b4a7f4a3030a,2026-01-02T08:48:00Z,SLH-DSA-128f,1,1
CBDC-8D6B3D6C19,10.0,ECB-CBDC,pq11c74f53296c54368abe4542c41c0,2026-01-02T09:36:00Z,SLH-DSA-128f,1,1
CBDC-83F9759C58,100.0,BoC-CBDC,bc122cb9f6c669c4fb9b446f88678b2,2026-01-02T10:24:00Z,ML-DSA-65,1,1
CBDC-E12909238F,100.0,ECB-CBDC,pq15c87ba841c844d41ae9a999671f7,2026-01-02T11:12:00Z,SLH-DSA-128f,1,0
CBDC-A965CA7107,50.0,PBoC-CBDC,pq1496afe564cd747068b2b3a293d9b,2026-01-02T12:00:00Z,ML-DSA-65,1,1
CBDC-F7D804E924,0.01,Fed-CBDC,pq11c74f53296c54368abe4542c41c0,2026-01-02T12:48:00Z,SLH-DSA-128f,1,1
CBDC-A957AECDD6,50.0,BoC-CBDC,bc122cb9f6c669c4fb9b446f88678b2,2026-01-02T13:36:00Z,SLH-DSA-128f,1,1
CBDC-11C4E966F0,50.0,BoC-CBDC,bc122cb9f6c669c4fb9b446f88678b2,2026-01-02T14:24:00Z,FALCON-512,1,1
CBDC-AEBE77295C,10.0,PBoC-CBDC,pq1693caa8a2f22449ebf5b287dfb6c,2026-01-02T15:12:00Z,FALCON-512,1,0
CBDC-688C6B7324,10.0,ECB-CBDC,pq1f4ab2ca7bcb643c6b21fa5644102,2026-01-02T16:00:00Z,FALCON-512,1,1
CBDC-EEEA7C6AA6,0.01,ECB-CBDC,bc1ff2cbb6af26b4f5caa275e4f2022,2026-01-02T16:48:00Z,ML-DSA-65,1,1
CBDC-8ED99D3290,0.01,ECB-CBDC,pq1f4ab2ca7bcb643c6b21fa5644102,2026-01-02T17:36:00Z,SLH-DSA-128f,1,0
CBDC-678DD6E33C,10.0,BoC-CBDC,pq15c87ba841c844d41ae9a999671f7,2026-01-02T18:24:00Z,SLH-DSA-128f,1,1
CBDC-13CC87FC20,100.0,BoC-CBDC,pq15c87ba841c844d41ae9a999671f7,2026-01-02T19:12:00Z,SLH-DSA-128f,1,0
CBDC-0417F1BA09,1.0,Fed-CBDC,bc122cb9f6c669c4fb9b446f88678b2,2026-01-02T20:00:00Z,FALCON-512,1,1
CBDC-AFE01842D8,0.01,Fed-CBDC,bc150fc35db83ca456c89bea8a3fbca,2026-01-02T20:48:00Z,SLH-DSA-128f,0,1
CBDC-6CE6CF777A,0.1,BoC-CBDC,bc1ff2cbb6af26b4f5caa275e4f2022,2026-01-02T21:36:00Z,SLH-DSA-128f,1,1
CBDC-45DA08E70C,1.0,PBoC-CBDC,bc122cb9f6c669c4fb9b446f88678b2,2026-01-02T22:24:00Z,FALCON-512,1,1
CBDC-0CE89B0D3F,1.0,Fed-CBDC,pq1496afe564cd747068b2b3a293d9b,2026-01-02T23:12:00Z,SLH-DSA-128f,1,0
CBDC-6E88BBCD90,1.0,Fed-CBDC,pq15c87ba841c844d41ae9a999671f7,2026-01-03T00:00:00Z,ML-DSA-65,1,1
CBDC-CDCA898111,1.0,PBoC-CBDC,pq15c87ba841c844d41ae9a999671f7,2026-01-03T00:48:00Z,ML-DSA-65,1,0
CBDC-812D5BD9D8,0.01,ECB-CBDC,pq11c74f53296c54368abe4542c41c0,2026-01-03T01:36:00Z,FALCON-512,1,0
CBDC-DF54CF1494,10.0,PBoC-CBDC,bc150fc35db83ca456c89bea8a3fbca,2026-01-03T02:24:00Z,SLH-DSA-128f,1,0
CBDC-145FE05717,0.1,ECB-CBDC,pq1b0fd919e01e84830b4a7f4a3030a,2026-01-03T03:12:00Z,SLH-DSA-128f,1,0
CBDC-7E48AA5D8D,0.01,ECB-CBDC,pq11c74f53296c54368abe4542c41c0,2026-01-03T04:00:00Z,SLH-DSA-128f,1,0
CBDC-5F1C0275D7,0.01,BoC-CBDC,bc1ff2cbb6af26b4f5caa275e4f2022,2026-01-03T04:48:00Z,ML-DSA-65,1,0
CBDC-2F0204FB6F,1.0,ECB-CBDC,pq1dadadc94bda84ce9b4cd7f6994cc,2026-01-03T05:36:00Z,SLH-DSA-128f,1,0
CBDC-60E4E71585,100.0,Fed-CBDC,bc150fc35db83ca456c89bea8a3fbca,2026-01-03T06:24:00Z,ML-DSA-65,1,0
CBDC-7EFFF18203,0.1,BoC-CBDC,pq11c74f53296c54368abe4542c41c0,2026-01-03T07:12:00Z,FALCON-512,1,1
CBDC-39E44BFEF6,0.01,Fed-CBDC,pq1496afe564cd747068b2b3a293d9b,2026-01-03T08:00:00Z,FALCON-512,1,0
CBDC-98C0D0E9E7,50.0,ECB-CBDC,pq11c74f53296c54368abe4542c41c0,2026-01-03T08:48:00Z,ML-DSA-65,1,0
CBDC-8F5DA88AD4,10.0,BoC-CBDC,bc122cb9f6c669c4fb9b446f88678b2,2026-01-03T09:36:00Z,ML-DSA-65,1,0
CBDC-1EABF536CF,1.0,Fed-CBDC,bc1ff2cbb6af26b4f5caa275e4f2022,2026-01-03T10:24:00Z,FALCON-512,1,1
CBDC-B57B95A09F,0.01,ECB-CBDC,pq11c74f53296c54368abe4542c41c0,2026-01-03T11:12:00Z,SLH-DSA-128f,1,1
CBDC-552268411C,100.0,ECB-CBDC,bc1ff2cbb6af26b4f5caa275e4f2022,2026-01-03T12:00:00Z,ML-DSA-65,1,1
CBDC-3AB9034432,50.0,PBoC-CBDC,pq1693caa8a2f22449ebf5b287dfb6c,2026-01-03T12:48:00Z,FALCON-512,1,0
CBDC-4C5393CDAC,100.0,BoC-CBDC,bc150fc35db83ca456c89bea8a3fbca,2026-01-03T13:36:00Z,FALCON-512,1,0
CBDC-0B6391D6BF,0.1,PBoC-CBDC,pq1dadadc94bda84ce9b4cd7f6994cc,2026-01-03T14:24:00Z,FALCON-512,1,1
CBDC-371155DBD4,50.0,ECB-CBDC,pq15c87ba841c844d41ae9a999671f7,2026-01-03T15:12:00Z,ML-DSA-65,1,0
CBDC-95227BE8C1,100.0,PBoC-CBDC,pq1693caa8a2f22449ebf5b287dfb6c,2026-01-03T16:00:00Z,ML-DSA-65,1,1
CBDC-4EF80700F2,0.1,ECB-CBDC,bc1ff2cbb6af26b4f5caa275e4f2022,2026-01-03T16:48:00Z,FALCON-512,1,1
CBDC-12B3288FE2,50.0,ECB-CBDC,pq1b0fd919e01e84830b4a7f4a3030a,2026-01-03T17:36:00Z,FALCON-512,1,0
CBDC-891D23260F,50.0,PBoC-CBDC,pq1b0fd919e01e84830b4a7f4a3030a,2026-01-03T18:24:00Z,SLH-DSA-128f,1,0
CBDC-9452DD60D9,0.1,Fed-CBDC,bc1ff2cbb6af26b4f5caa275e4f2022,2026-01-03T19:12:00Z,FALCON-512,1,0
CBDC-12229C17EA,1.0,Fed-CBDC,bc122cb9f6c669c4fb9b446f88678b2,2026-01-03T20:00:00Z,SLH-DSA-128f,1,0
CBDC-D9F4B7CC21,10.0,BoC-CBDC,bc150fc35db83ca456c89bea8a3fbca,2026-01-03T20:48:00Z,FALCON-512,1,0
CBDC-79373A10D5,0.1,PBoC-CBDC,pq1496afe564cd747068b2b3a293d9b,2026-01-03T21:36:00Z,FALCON-512,1,1
CBDC-0BFBE2D4D4,1.0,PBoC-CBDC,bc150fc35db83ca456c89bea8a3fbca,2026-01-03T22:24:00Z,FALCON-512,1,0
CBDC-BE87A0D1F1,0.1,BoC-CBDC,pq15c87ba841c844d41ae9a999671f7,2026-01-03T23:12:00Z,FALCON-512,1,0
CBDC-0E4BE93860,1.0,BoC-CBDC,bc1ff2cbb6af26b4f5caa275e4f2022,2026-01-04T00:00:00Z,ML-DSA-65,1,1
CBDC-478828296F,0.1,ECB-CBDC,pq1693caa8a2f22449ebf5b287dfb6c,2026-01-04T00:48:00Z,ML-DSA-65,1,1
CBDC-F904007D98,50.0,Fed-CBDC,pq15c87ba841c844d41ae9a999671f7,2026-01-04T01:36:00Z,FALCON-512,1,1
CBDC-589AA49E6E,0.01,BoC-CBDC,pq1dadadc94bda84ce9b4cd7f6994cc,2026-01-04T02:24:00Z,SLH-DSA-128f,1,1
CBDC-5ABCAE45C7,0.1,BoC-CBDC,pq11c74f53296c54368abe4542c41c0,2026-01-04T03:12:00Z,SLH-DSA-128f,1,1
CBDC-3D63749CCD,0.1,PBoC-CBDC,pq1f4ab2ca7bcb643c6b21fa5644102,2026-01-04T04:00:00Z,SLH-DSA-128f,1,0
CBDC-54E5E20ADC,1.0,ECB-CBDC,bc150fc35db83ca456c89bea8a3fbca,2026-01-04T04:48:00Z,ML-DSA-65,1,1
CBDC-9D2E59AAE1,0.1,BoC-CBDC,pq1b0fd919e01e84830b4a7f4a3030a,2026-01-04T05:36:00Z,FALCON-512,1,1
CBDC-6A627FB8D2,0.01,Fed-CBDC,pq1f4ab2ca7bcb643c6b21fa5644102,2026-01-04T06:24:00Z,FALCON-512,1,0
CBDC-A3AE705BC8,0.01,Fed-CBDC,bc122cb9f6c669c4fb9b446f88678b2,2026-01-04T07:12:00Z,ML-DSA-65,1,0
CBDC-D1DA125A2C,10.0,BoC-CBDC,pq11c74f53296c54368abe4542c41c0,2026-01-04T08:00:00Z,ML-DSA-65,1,1
CBDC-00AE86AA04,1.0,ECB-CBDC,pq15c87ba841c844d41ae9a999671f7,2026-01-04T08:48:00Z,SLH-DSA-128f,1,1
CBDC-B2F40EB036,0.01,ECB-CBDC,bc1ff2cbb6af26b4f5caa275e4f2022,2026-01-04T09:36:00Z,FALCON-512,1,0
CBDC-F75A8C6F86,0.1,ECB-CBDC,pq1b0fd919e01e84830b4a7f4a3030a,2026-01-04T10:24:00Z,ML-DSA-65,1,1
CBDC-E16EFE3A97,10.0,ECB-CBDC,pq1dadadc94bda84ce9b4cd7f6994cc,2026-01-04T11:12:00Z,ML-DSA-65,1,1
CBDC-7C66BAD795,10.0,ECB-CBDC,pq1496afe564cd747068b2b3a293d9b,2026-01-04T12:00:00Z,FALCON-512,1,0
CBDC-197026E69C,0.1,PBoC-CBDC,pq1496afe564cd747068b2b3a293d9b,2026-01-04T12:48:00Z,SLH-DSA-128f,1,0
CBDC-2C684FE7D9,50.0,Fed-CBDC,pq1496afe564cd747068b2b3a293d9b,2026-01-04T13:36:00Z,ML-DSA-65,1,0
CBDC-927D780F94,50.0,BoC-CBDC,bc150fc35db83ca456c89bea8a3fbca,2026-01-04T14:24:00Z,FALCON-512,1,0
CBDC-C713B4BE25,1.0,Fed-CBDC,bc1ff2cbb6af26b4f5caa275e4f2022,2026-01-04T15:12:00Z,FALCON-512,1,0
CBDC-609CE2F339,50.0,PBoC-CBDC,bc150fc35db83ca456c89bea8a3fbca,2026-01-04T16:00:00Z,SLH-DSA-128f,1,0
CBDC-57DB61F52A,0.01,ECB-CBDC,pq1b0fd919e01e84830b4a7f4a3030a,2026-01-04T16:48:00Z,ML-DSA-65,1,0
CBDC-E3F2B3A72A,100.0,BoC-CBDC,bc122cb9f6c669c4fb9b446f88678b2,2026-01-04T17:36:00Z,FALCON-512,1,1
CBDC-C4ACF0409B,50.0,ECB-CBDC,pq1496afe564cd747068b2b3a293d9b,2026-01-04T18:24:00Z,SLH-DSA-128f,1,0
CBDC-D62C3FEB75,50.0,ECB-CBDC,pq1b0fd919e01e84830b4a7f4a3030a,2026-01-04T19:12:00Z,FALCON-512,1,0
CBDC-83CD8C813C,50.0,ECB-CBDC,pq11c74f53296c54368abe4542c41c0,2026-01-04T20:00:00Z,FALCON-512,1,1
CBDC-20E96C0C8F,10.0,BoC-CBDC,pq1693caa8a2f22449ebf5b287dfb6c,2026-01-04T20:48:00Z,SLH-DSA-128f,1,0
CBDC-50D2E8FC8A,1.0,ECB-CBDC,pq1496afe564cd747068b2b3a293d9b,2026-01-04T21:36:00Z,FALCON-512,1,1
CBDC-5082FD9759,50.0,Fed-CBDC,pq15c87ba841c844d41ae9a999671f7,2026-01-04T22:24:00Z,ML-DSA-65,1,0
CBDC-B24F6B6142,0.1,Fed-CBDC,bc150fc35db83ca456c89bea8a3fbca,2026-01-04T23:12:00Z,ML-DSA-65,1,0
CBDC-1628C54943,0.01,PBoC-CBDC,pq11c74f53296c54368abe4542c41c0,2026-01-05T00:00:00Z,SLH-DSA-128f,1,1
CBDC-2AF28D076D,1.0,BoC-CBDC,pq11c74f53296c54368abe4542c41c0,2026-01-05T00:48:00Z,ML-DSA-65,1,0
CBDC-BB505B2FC5,0.01,ECB-CBDC,pq11c74f53296c54368abe4542c41c0,2026-01-05T01:36:00Z,SLH-DSA-128f,1,0
CBDC-11D9C0252F,1.0,PBoC-CBDC,bc150fc35db83ca456c89bea8a3fbca,2026-01-05T02:24:00Z,SLH-DSA-128f,1,1
CBDC-82D7F7EC6D,0.1,PBoC-CBDC,pq1dadadc94bda84ce9b4cd7f6994cc,2026-01-05T03:12:00Z,ML-DSA-65,1,0
CBDC-9B497C6692,50.0,PBoC-CBDC,bc150fc35db83ca456c89bea8a3fbca,2026-01-05T04:00:00Z,FALCON-512,1,0
CBDC-D0FC8AC08B,0.01,ECB-CBDC,pq1f4ab2ca7bcb643c6b21fa5644102,2026-01-05T04:48:00Z,FALCON-512,1,1
CBDC-BA3596299F,0.01,ECB-CBDC,pq1b0fd919e01e84830b4a7f4a3030a,2026-01-05T05:36:00Z,FALCON-512,1,1
CBDC-8DE2AEEC94,0.01,PBoC-CBDC,bc122cb9f6c669c4fb9b446f88678b2,2026-01-05T06:24:00Z,SLH-DSA-128f,1,0
CBDC-41AF4367AD,0.1,BoC-CBDC,pq1496afe564cd747068b2b3a293d9b,2026-01-05T07:12:00Z,SLH-DSA-128f,1,0
CBDC-DF309D79CC,50.0,PBoC-CBDC,pq1dadadc94bda84ce9b4cd7f6994cc,2026-01-05T08:00:00Z,SLH-DSA-128f,1,0
CBDC-6BA689EEB9,0.1,ECB-CBDC,bc150fc35db83ca456c89bea8a3fbca,2026-01-05T08:48:00Z,ML-DSA-65,1,1
CBDC-2AC35FD787,10.0,ECB-CBDC,pq1693caa8a2f22449ebf5b287dfb6c,2026-01-05T09:36:00Z,SLH-DSA-128f,1,1
CBDC-321A0BAC4A,0.01,ECB-CBDC,pq1b0fd919e01e84830b4a7f4a3030a,2026-01-05T10:24:00Z,FALCON-512,1,1
CBDC-3A54B3CB5A,0.01,ECB-CBDC,pq1b0fd919e01e84830b4a7f4a3030a,2026-01-05T11:12:00Z,SLH-DSA-128f,1,1
CBDC-4FB58E77DC,50.0,ECB-CBDC,bc1ff2cbb6af26b4f5caa275e4f2022,2026-01-05T12:00:00Z,ML-DSA-65,1,0
CBDC-35D0E3167C,0.1,ECB-CBDC,bc1ff2cbb6af26b4f5caa275e4f2022,2026-01-05T12:48:00Z,SLH-DSA-128f,1,0
CBDC-0FE7622BB5,50.0,PBoC-CBDC,pq11c74f53296c54368abe4542c41c0,2026-01-05T13:36:00Z,ML-DSA-65,1,0
CBDC-7ED45E4DCC,50.0,ECB-CBDC,pq15c87ba841c844d41ae9a999671f7,2026-01-05T14:24:00Z,SLH-DSA-128f,1,0
CBDC-E8CDB713A2,0.1,BoC-CBDC,pq1693caa8a2f22449ebf5b287dfb6c,2026-01-05T15:12:00Z,SLH-DSA-128f,1,1
CBDC-43255D7560,0.1,ECB-CBDC,bc122cb9f6c669c4fb9b446f88678b2,2026-01-05T16:00:00Z,SLH-DSA-128f,1,1
CBDC-2C9138EABF,1.0,PBoC-CBDC,bc1ff2cbb6af26b4f5caa275e4f2022,2026-01-05T16:48:00Z,SLH-DSA-128f,1,0
CBDC-EC77B0DD32,0.01,BoC-CBDC,pq1dadadc94bda84ce9b4cd7f6994cc,2026-01-05T17:36:00Z,FALCON-512,1,1
CBDC-0BD52C098D,10.0,Fed-CBDC,pq11c74f53296c54368abe4542c41c0,2026-01-05T18:24:00Z,SLH-DSA-128f,1,1
CBDC-3B32202F02,0.01,Fed-CBDC,pq1f4ab2ca7bcb643c6b21fa5644102,2026-01-05T19:12:00Z,FALCON-512,1,0
CBDC-EF96BD6F0B,0.1,PBoC-CBDC,pq1b0fd919e01e84830b4a7f4a3030a,2026-01-05T20:00:00Z,SLH-DSA-128f,1,0
CBDC-0D04108F65,1.0,Fed-CBDC,bc150fc35db83ca456c89bea8a3fbca,2026-01-05T20:48:00Z,FALCON-512,1,0
CBDC-5A10BB77A4,10.0,PBoC-CBDC,pq1496afe564cd747068b2b3a293d9b,2026-01-05T21:36:00Z,FALCON-512,1,0
CBDC-9E8BE37908,0.01,ECB-CBDC,pq11c74f53296c54368abe4542c41c0,2026-01-05T22:24:00Z,ML-DSA-65,1,0
CBDC-33CA39328C,50.0,BoC-CBDC,pq1dadadc94bda84ce9b4cd7f6994cc,2026-01-05T23:12:00Z,ML-DSA-65,1,0
CBDC-C33A667F89,100.0,BoC-CBDC,pq1b0fd919e01e84830b4a7f4a3030a,2026-01-06T00:00:00Z,ML-DSA-65,1,0
CBDC-860A3C7028,0.01,ECB-CBDC,bc122cb9f6c669c4fb9b446f88678b2,2026-01-06T00:48:00Z,SLH-DSA-128f,1,1
CBDC-60F5E2F248,100.0,ECB-CBDC,pq1693caa8a2f22449ebf5b287dfb6c,2026-01-06T01:36:00Z,ML-DSA-65,1,1
CBDC-4A91CA5CA0,50.0,BoC-CBDC,bc150fc35db83ca456c89bea8a3fbca,2026-01-06T02:24:00Z,ML-DSA-65,1,0
CBDC-FAD3292379,0.01,ECB-CBDC,bc150fc35db83ca456c89bea8a3fbca,2026-01-06T03:12:00Z,SLH-DSA-128f,1,0
CBDC-625B089CA4,100.0,PBoC-CBDC,pq1f4ab2ca7bcb643c6b21fa5644102,2026-01-06T04:00:00Z,ML-DSA-65,1,1
CBDC-A05F17C5A1,10.0,PBoC-CBDC,bc150fc35db83ca456c89bea8a3fbca,2026-01-06T04:48:00Z,FALCON-512,1,1
CBDC-544309FAE5,50.0,BoC-CBDC,bc1ff2cbb6af26b4f5caa275e4f2022,2026-01-06T05:36:00Z,SLH-DSA-128f,1,0
CBDC-441D67E205,50.0,PBoC-CBDC,pq1dadadc94bda84ce9b4cd7f6994cc,2026-01-06T06:24:00Z,SLH-DSA-128f,1,0
CBDC-07293EDA75,50.0,BoC-CBDC,pq1f4ab2ca7bcb643c6b21fa5644102,2026-01-06T07:12:00Z,FALCON-512,1,1
CBDC-C3AFFCC811,0.01,BoC-CBDC,bc122cb9f6c669c4fb9b446f88678b2,2026-01-06T08:00:00Z,FALCON-512,1,0
CBDC-96055B41AA,1.0,PBoC-CBDC,pq1b0fd919e01e84830b4a7f4a3030a,2026-01-06T08:48:00Z,ML-DSA-65,1,0
CBDC-7296762D26,1.0,ECB-CBDC,pq1496afe564cd747068b2b3a293d9b,2026-01-06T09:36:00Z,FALCON-512,1,1
CBDC-C66A2832E2,10.0,Fed-CBDC,pq1496afe564cd747068b2b3a293d9b,2026-01-06T10:24:00Z,FALCON-512,1,0
CBDC-C5E67CDF48,0.01,ECB-CBDC,pq1496afe564cd747068b2b3a293d9b,2026-01-06T11:12:00Z,SLH-DSA-128f,1,0
CBDC-E748E50ACA,50.0,Fed-CBDC,pq15c87ba841c844d41ae9a999671f7,2026-01-06T12:00:00Z,FALCON-512,1,1
CBDC-624167F60F,10.0,ECB-CBDC,pq11c74f53296c54368abe4542c41c0,2026-01-06T12:48:00Z,SLH-DSA-128f,1,0
CBDC-E3120B9B3C,10.0,Fed-CBDC,pq11c74f53296c54368abe4542c41c0,2026-01-06T13:36:00Z,ML-DSA-65,1,0
CBDC-E1F84E1C81,10.0,Fed-CBDC,pq1f4ab2ca7bcb643c6b21fa5644102,2026-01-06T14:24:00Z,ML-DSA-65,1,0
CBDC-E3A6EFA5F7,0.1,ECB-CBDC,bc1ff2cbb6af26b4f5caa275e4f2022,2026-01-06T15:12:00Z,ML-DSA-65,1,1
CBDC-5E365DE4A3,10.0,BoC-CBDC,pq1496afe564cd747068b2b3a293d9b,2026-01-06T16:00:00Z,SLH-DSA-128f,1,0
CBDC-BB67277507,0.1,Fed-CBDC,pq1693caa8a2f22449ebf5b287dfb6c,2026-01-06T16:48:00Z,FALCON-512,1,0
CBDC-C8BE92160C,50.0,Fed-CBDC,pq1b0fd919e01e84830b4a7f4a3030a,2026-01-06T17:36:00Z,ML-DSA-65,1,1
CBDC-A3EB92C47F,0.1,ECB-CBDC,bc122cb9f6c669c4fb9b446f88678b2,2026-01-06T18:24:00Z,FALCON-512,1,1
CBDC-B4392CBFDF,1.0,Fed-CBDC,bc1ff2cbb6af26b4f5caa275e4f2022,2026-01-06T19:12:00Z,SLH-DSA-128f,1,1
CBDC-820660C330,0.1,PBoC-CBDC,pq1f4ab2ca7bcb643c6b21fa5644102,2026-01-06T20:00:00Z,ML-DSA-65,1,1
CBDC-96CD55021A,1.0,ECB-CBDC,pq1693caa8a2f22449ebf5b287dfb6c,2026-01-06T20:48:00Z,FALCON-512,1,0
CBDC-3941AE8713,10.0,PBoC-CBDC,pq1693caa8a2f22449ebf5b287dfb6c,2026-01-06T21:36:00Z,FALCON-512,1,0
CBDC-A2F166AC48,100.0,BoC-CBDC,pq1b0fd919e01e84830b4a7f4a3030a,2026-01-06T22:24:00Z,FALCON-512,1,0
CBDC-F2EFDCE5C9,100.0,ECB-CBDC,bc150fc35db83ca456c89bea8a3fbca,2026-01-06T23:12:00Z,FALCON-512,1,0
CBDC-37DE5DAD9B,0.1,Fed-CBDC,pq1dadadc94bda84ce9b4cd7f6994cc,2026-01-07T00:00:00Z,ML-DSA-65,1,1
CBDC-59FE65FBA3,1.0,PBoC-CBDC,pq1b0fd919e01e84830b4a7f4a3030a,2026-01-07T00:48:00Z,ML-DSA-65,1,1
CBDC-1307F6F765,0.01,ECB-CBDC,pq1b0fd919e01e84830b4a7f4a3030a,2026-01-07T01:36:00Z,ML-DSA-65,1,1
CBDC-7C07BDD63A,0.01,Fed-CBDC,pq1f4ab2ca7bcb643c6b21fa5644102,2026-01-07T02:24:00Z,FALCON-512,1,1
CBDC-D7A3A0549E,10.0,ECB-CBDC,pq1496afe564cd747068b2b3a293d9b,2026-01-07T03:12:00Z,ML-DSA-65,1,0
CBDC-7D85968EBE,100.0,Fed-CBDC,pq15c87ba841c844d41ae9a999671f7,2026-01-07T04:00:00Z,SLH-DSA-128f,1,1
CBDC-44A22B93A2,100.0,Fed-CBDC,bc1ff2cbb6af26b4f5caa275e4f2022,2026-01-07T04:48:00Z,ML-DSA-65,1,1
CBDC-B2D45167A2,10.0,Fed-CBDC,pq1b0fd919e01e84830b4a7f4a3030a,2026-01-07T05:36:00Z,SLH-DSA-128f,1,0
CBDC-A5F22D05FF,10.0,Fed-CBDC,pq1f4ab2ca7bcb643c6b21fa5644102,2026-01-07T06:24:00Z,SLH-DSA-128f,1,0
CBDC-D7EC6A833A,0.01,ECB-CBDC,pq1f4ab2ca7bcb643c6b21fa5644102,2026-01-07T07:12:00Z,FALCON-512,1,1
CBDC-93C2E3C122,0.1,ECB-CBDC,bc1ff2cbb6af26b4f5caa275e4f2022,2026-01-07T08:00:00Z,ML-DSA-65,1,0
CBDC-9A3D20D1D1,10.0,ECB-CBDC,pq1b0fd919e01e84830b4a7f4a3030a,2026-01-07T08:48:00Z,FALCON-512,1,0
CBDC-71CA8742F1,0.01,PBoC-CBDC,bc1ff2cbb6af26b4f5caa275e4f2022,2026-01-07T09:36:00Z,SLH-DSA-128f,1,1
CBDC-9544E6B5B5,100.0,PBoC-CBDC,bc1ff2cbb6af26b4f5caa275e4f2022,2026-01-07T10:24:00Z,SLH-DSA-128f,1,1
CBDC-2BFEFB86F7,1.0,ECB-CBDC,pq1f4ab2ca7bcb643c6b21fa5644102,2026-01-07T11:12:00Z,ML-DSA-65,1,1
CBDC-B765C23E2C,1.0,PBoC-CBDC,pq1f4ab2ca7bcb643c6b21fa5644102,2026-01-07T12:00:00Z,ML-DSA-65,1,0
CBDC-56DF457B53,1.0,BoC-CBDC,bc1ff2cbb6af26b4f5caa275e4f2022,2026-01-07T12:48:00Z,SLH-DSA-128f,1,0
CBDC-054A4124D9,1.0,PBoC-CBDC,bc150fc35db83ca456c89bea8a3fbca,2026-01-07T13:36:00Z,FALCON-512,1,0
CBDC-89E22B6C8E,50.0,ECB-CBDC,pq1f4ab2ca7bcb643c6b21fa5644102,2026-01-07T14:24:00Z,FALCON-512,1,0
CBDC-0F11CD929A,1.0,ECB-CBDC,pq1dadadc94bda84ce9b4cd7f6994cc,2026-01-07T15:12:00Z,FALCON-512,1,0
