Pregnancies,Glucose,BloodPressure,SkinThickness,Insulin,BMI,DiabetesPedigreeFunction,Age,Outcome
4,99.1,77.2,37.3,30.4,38.1117,1.1819,38.7107,1
6,110.4,72.8,18.3,217.0,28.5659,0.5004,35.4144,0
4,181.1,71.5,15.7,114.6,36.0065,0.8432,47.2209,1
9,148.4,74.2,41.6,14.0,27.648,0.5071,36.1012,0
8,123.8,71.5,14.7,14.0,30.6216,0.7695,43.3881,0
9,152.9,74.9,7.5,14.0,18.0,0.4474,20.0,0
6,86.6,72.8,7.0,14.0,36.4373,0.4835,23.5153,0
6,82.0,53.3,23.7,14.0,28.7023,0.078,33.0881,1
4,104.4,103.3,39.8,14.0,21.6442,0.2523,20.0,0
7,161.7,55.7,26.4,202.5,40.0265,0.671,48.491,1
7,160.2,81.1,66.4,14.0,36.0533,0.1342,28.4336,0
6,0.0,60.2,16.9,14.0,30.7921,0.6377,24.5197,0
10,0.0,52.7,7.0,110.8,18.0,0.078,42.4588,0
5,107.8,65.6,30.3,52.3,27.7651,0.1678,48.1454,0
12,127.2,68.9,18.8,81.4,41.2316,0.6016,20.0,0
6,77.9,61.0,29.4,142.5,20.8977,0.9948,20.0,0
7,72.4,62.0,15.1,14.0,38.7731,0.4115,32.722,0
8,101.5,68.6,25.5,14.0,28.8965,0.663,49.4435,0
6,145.7,72.5,34.5,66.9,36.6693,0.5216,34.1402,1
0,162.3,0.0,15.2,44.4,44.6536,1.1267,30.1559,1
8,105.0,83.5,7.3,65.7,26.89,0.078,25.5354,0
0,140.2,79.4,61.2,14.0,23.8348,0.9441,40.0686,1
4,184.9,55.3,30.9,14.0,25.178,0.078,34.4611,1
7,120.2,80.6,29.9,14.0,27.9009,0.2557,33.6137,0
3,123.9,62.6,55.2,170.9,65.2889,0.248,36.7768,1
1,78.2,0.0,12.5,123.6,28.2146,0.3885,36.927,0
0,95.2,81.0,15.3,0.0,19.7775,0.4785,23.9356,0
13,84.2,52.6,14.4,216.8,19.9496,0.9902,36.6989,0
10,60.0,73.0,33.0,107.0,0.0,0.1611,32.6746,0
6,97.8,62.6,23.4,14.0,27.1893,0.6306,30.9209,0
7,134.2,0.0,7.0,14.0,34.4467,0.078,21.954,0
1,131.5,93.5,7.0,19.0,18.0,0.2174,42.9816,0
3,102.0,78.0,11.9,88.4,35.6125,0.5909,23.7478,0
2,108.1,82.6,13.0,14.0,19.7815,0.354,43.4315,0
12,97.7,56.5,29.4,105.2,20.7541,0.4623,20.0,0
13,112.8,81.8,7.0,14.0,26.8348,0.3266,30.0918,0
2,172.0,76.1,57.4,75.3,47.5956,0.3564,20.0,1
3,113.0,46.2,28.8,171.5,30.6532,0.3763,20.0,0
5,140.3,73.5,24.5,14.0,30.557,0.1583,37.5983,0
9,136.8,67.0,44.8,179.1,44.4339,0.1599,47.2647,0
11,109.8,88.4,20.1,14.0,35.5255,0.078,34.8071,0
6,129.3,80.2,32.0,43.8,42.5653,0.4518,35.9088,1
6,101.7,73.1,26.3,126.5,26.708,0.1948,40.5042,0
12,127.6,76.1,34.5,16.7,43.4264,0.6768,21.9135,0
1,158.7,0.0,46.0,101.2,33.2206,0.2574,40.5056,1
8,91.7,60.2,13.5,271.9,30.6196,0.2282,50.4506,0
3,118.7,58.3,44.9,116.8,37.9785,0.1142,23.6565,0
3,55.2,74.7,28.9,33.9,36.8238,0.3168,24.6196,0
11,105.0,88.4,29.4,25.6,26.7831,0.7564,20.7245,0
4,105.2,52.3,25.7,253.4,45.7946,0.4433,49.7213,1
0,0.0,71.9,42.1,14.0,36.0992,0.1943,29.2025,1
5,141.0,44.9,27.5,14.0,33.3731,0.5031,20.2917,0
3,136.4,72.2,19.3,14.0,25.2154,0.078,47.9903,1
11,67.5,74.0,36.7,143.9,41.0073,0.4424,47.6324,0
1,88.7,60.3,28.3,14.0,39.3604,0.9036,34.9462,0
4,0.0,61.5,7.0,310.9,43.0155,0.5307,29.462,1
12,159.3,76.4,11.0,14.0,32.9383,0.3559,22.0216,0
7,111.7,70.7,46.7,14.0,36.098,0.6144,49.851,1
9,135.5,70.9,38.4,214.2,39.4076,0.7796,31.166,0
12,115.3,68.7,32.3,90.0,25.2333,0.078,20.0,0
10,135.3,72.4,16.6,172.5,32.7524,0.0822,25.0906,1
7,84.7,74.7,37.2,162.3,25.3302,0.7025,48.963,0
11,128.3,85.8,25.5,206.3,45.6928,0.6867,20.0,1
1,0.0,72.5,13.0,74.3,35.1387,0.8527,26.0678,0
3,0.0,68.0,39.8,412.6,29.9404,0.1858,47.4823,1
0,152.7,69.7,43.5,37.1,34.6865,0.0872,21.9538,1
4,0.0,72.3,25.9,14.0,36.1997,0.6016,28.8908,0
6,153.4,66.5,33.3,240.0,33.8457,0.1792,24.636,1
10,80.7,69.8,39.0,62.4,18.6476,0.4464,23.1235,0
7,121.9,82.6,53.2,0.0,0.0,0.8478,27.9605,1
6,151.9,76.7,39.5,155.5,28.9223,0.7437,35.541,1
3,130.0,80.8,8.9,105.8,0.0,0.078,32.1163,0
3,220.2,62.8,39.7,159.7,57.2148,0.4737,27.2079,1
1,143.6,60.2,36.2,295.2,38.5015,0.0914,41.2183,0
6,150.4,54.3,7.0,91.8,22.4215,0.458,33.3069,0
13,124.2,58.7,33.3,14.0,18.0,0.0922,46.1702,0
5,134.4,80.4,52.9,14.0,49.0922,0.078,35.007,1
9,99.3,0.0,19.4,41.3,28.5888,0.15,30.2889,0
0,0.0,72.5,10.4,14.0,18.8021,0.9068,20.0,0
7,164.7,97.7,37.9,14.0,27.424,0.2166,51.8347,1
6,74.3,65.0,26.3,175.5,50.3634,0.6537,20.0,0
0,159.4,82.6,22.8,222.2,33.5538,0.3483,29.9398,0
5,149.9,94.3,27.4,113.6,28.8575,0.4817,38.6459,1
6,88.3,91.0,39.1,129.2,26.1314,0.8258,34.4917,1
3,108.8,69.4,17.1,154.0,26.6342,0.6187,20.0,1
0,238.0,39.9,42.2,234.0,34.2704,1.2126,37.2274,1
4,207.1,80.5,37.6,355.3,27.3645,0.8103,23.9304,1
9,91.9,49.4,13.1,56.8,26.0669,0.7436,27.2607,0
6,87.2,0.0,35.1,27.9,38.6015,0.2355,32.9326,0
6,176.0,74.3,26.9,202.1,25.7681,0.6151,38.5498,1
7,82.5,79.3,30.4,14.0,21.2403,0.4223,21.5849,1
6,112.5,79.9,39.1,456.6,38.7311,0.078,35.4081,1
3,157.2,74.3,10.2,120.1,18.0,0.078,33.5755,0
6,90.8,67.8,47.7,209.9,29.6802,0.1926,36.1218,0
2,103.5,72.7,40.4,258.8,33.9141,1.3568,36.8096,1
2,133.5,68.6,43.3,14.0,35.9449,0.4214,48.6149,1
9,168.3,0.0,7.0,268.1,35.0553,0.1424,20.0,0
10,95.4,0.0,7.0,277.5,28.8536,0.3347,42.0111,0
3,103.4,101.6,0.0,228.3,33.1848,1.1319,58.6917,1
10,84.7,78.1,28.0,34.8,42.4252,1.0069,35.6839,1
7,118.8,85.4,25.8,14.0,41.1965,0.8441,42.8457,0
6,83.7,51.9,48.6,32.4,32.0068,0.8793,36.4114,0
10,132.7,76.9,34.3,47.7,37.8424,0.196,20.0,0
2,138.2,65.3,23.1,290.4,26.4622,0.2474,68.1522,1
8,110.8,52.3,20.5,125.7,29.8856,0.3289,30.8029,0
8,101.8,39.6,19.3,21.0,37.6143,0.183,40.4014,0
6,169.4,62.8,7.0,144.2,33.809,0.078,29.0161,0
9,139.4,78.3,7.0,14.0,34.3425,0.5084,47.5608,0
6,95.7,66.2,34.0,139.2,18.0,0.8242,20.0,0
11,135.5,74.1,37.5,53.8,18.6927,0.2412,20.0,0
13,136.0,0.0,31.2,165.4,23.4884,0.2599,32.7494,0
0,104.2,62.8,24.5,20.3,30.7358,0.2557,43.7179,1
11,117.9,61.3,31.5,21.6,34.1898,1.2072,20.5027,0
12,148.8,52.1,49.4,41.7,30.8935,0.3477,41.737,1
10,165.0,72.6,33.9,73.4,24.8618,0.1122,20.0,0
13,80.7,71.3,17.4,168.0,33.9928,0.4751,35.4621,0
2,135.2,72.9,27.3,25.0,34.8591,0.7789,31.2716,0
6,125.3,88.1,27.8,155.9,32.0621,0.3511,51.6652,0
4,122.4,70.7,17.3,14.0,28.8946,0.0933,31.2202,0
3,135.6,67.1,15.7,14.0,30.523,0.6181,57.6308,1
2,132.3,72.1,0.0,14.0,36.642,0.7517,40.5889,1
12,140.9,73.7,43.4,187.7,37.3604,0.5031,30.9662,0
12,98.8,67.9,7.0,14.0,31.4641,0.2784,26.6093,0
4,0.0,55.3,10.3,225.5,25.2025,0.4702,41.9491,0
8,72.2,73.4,12.0,28.4,32.7396,0.5957,31.7645,0
2,108.6,69.3,27.7,267.0,33.229,0.6266,36.7228,1
0,171.0,61.8,22.2,48.0,29.7115,0.2994,29.0775,0
0,55.6,74.7,17.8,162.0,35.9096,1.0391,33.4973,0
9,71.6,52.2,19.5,219.9,31.7569,0.202,29.0202,0
6,99.6,77.4,25.4,89.0,45.1228,0.6326,20.0,0
3,164.2,94.3,37.3,117.4,44.5926,0.3379,25.8949,1
3,146.9,76.2,21.3,14.0,48.5399,0.6036,28.8495,1
11,151.1,69.0,20.8,137.1,31.2494,0.2188,45.1264,0
12,105.3,73.9,32.2,85.0,36.4826,0.5951,31.8758,0
7,110.4,61.2,41.1,124.3,28.4626,0.6338,53.7675,0
9,0.0,77.0,7.0,0.0,27.5939,0.4644,60.7956,0
4,94.2,50.5,46.6,14.0,38.8995,0.2562,59.9881,1
5,152.9,55.7,26.1,66.7,28.2942,0.078,45.9858,1
0,142.3,67.9,27.4,205.6,27.1413,0.8347,29.8201,1
2,139.3,83.6,19.5,14.0,39.987,0.382,34.7451,1
6,138.4,81.7,51.0,164.3,39.8753,0.6241,46.7841,1
4,154.3,0.0,19.0,133.9,0.0,0.7583,26.8323,0
5,128.6,95.0,55.2,35.0,0.0,1.1369,21.972,1
1,95.8,87.1,0.0,0.0,23.194,0.7475,38.0368,0
5,169.0,99.3,24.7,14.0,33.2219,0.7649,33.2606,1
8,0.0,51.7,0.0,0.0,26.1255,0.3005,35.8704,0
7,142.8,71.8,16.0,54.6,27.8271,0.8578,39.4033,0
11,130.9,84.4,7.0,68.7,32.7184,0.078,20.0,0
10,95.5,78.0,20.5,16.8,20.8971,0.7569,46.4003,0
6,68.4,71.1,7.0,127.8,31.7004,0.8688,34.3327,0
3,156.8,78.1,32.0,14.0,24.7697,0.1687,28.6289,1
3,109.8,38.3,20.9,55.7,21.4583,0.9168,20.0,0
3,121.9,65.9,23.8,140.5,39.5101,0.078,25.2179,0
3,82.7,80.6,29.0,177.9,22.2871,0.3771,31.9611,0
7,75.0,62.9,38.9,0.0,29.2477,0.4469,35.8224,0
4,102.0,68.1,30.0,54.3,33.0467,0.2342,37.0491,0
13,89.9,76.8,15.1,14.0,30.3531,0.7502,41.3683,0
1,130.2,76.9,18.4,14.0,29.0674,0.369,64.9878,1
0,82.9,67.5,15.8,14.0,25.156,0.6279,52.0134,0
9,163.8,70.8,11.6,79.0,31.3763,0.4667,24.3342,1
13,131.8,65.2,7.0,59.3,33.2127,0.3748,44.1382,0
11,116.5,83.1,0.0,89.5,28.5013,0.4472,20.0,0
9,74.8,60.2,21.4,321.2,22.1545,0.5888,20.0,0
7,135.6,48.2,22.7,57.2,22.5717,0.6275,29.5201,0
0,142.8,79.5,36.0,0.0,33.2348,0.078,39.5911,1
3,119.9,74.7,34.2,14.0,24.3367,0.7776,48.7126,1
11,160.5,0.0,32.7,118.5,36.071,0.1557,31.2173,1
13,124.2,69.5,53.9,14.0,18.0,0.1557,42.25,0
10,147.2,55.6,38.5,14.0,23.9284,0.3335,38.5173,0
5,100.5,63.2,21.2,0.0,35.0833,0.701,33.8573,1
0,108.5,70.7,0.0,235.6,43.3677,0.407,22.3408,0
13,105.4,60.3,24.9,14.0,23.3745,0.4776,20.0,0
0,118.9,73.4,42.1,132.0,37.5274,0.3645,29.6041,1
6,193.9,63.2,24.1,229.8,35.121,1.1729,66.2739,1
3,53.7,66.1,49.9,129.8,33.089,0.1626,20.0,0
10,193.2,73.8,36.4,14.0,48.0695,1.1105,36.2482,1
1,131.4,70.7,41.2,267.6,37.0904,0.078,29.8145,0
2,127.9,57.5,27.9,0.0,29.2251,0.078,55.1297,1
9,120.6,73.7,29.3,14.0,21.1025,0.6896,23.2996,0
8,166.0,77.7,29.3,14.0,52.5009,0.4268,20.0,1
0,115.9,92.3,37.3,242.1,37.3778,0.078,20.0,0
8,124.1,55.1,15.0,14.0,32.219,0.3758,32.7635,0
1,175.8,84.2,36.4,173.8,25.4987,0.8994,45.1453,1
11,77.2,71.6,26.8,66.4,22.4166,0.233,40.0728,0
1,86.3,0.0,7.0,89.1,27.0135,0.5189,45.3363,0
10,107.7,55.4,18.9,259.0,20.6604,0.3605,20.0,0
0,202.4,70.6,27.7,218.0,36.8541,0.078,24.3513,1
5,160.0,99.1,40.2,198.3,0.0,0.7988,49.6557,1
5,113.3,63.2,43.9,162.0,34.924,0.2971,42.8361,0
13,107.5,57.9,7.0,14.0,31.2977,0.25,25.8658,0
10,98.1,68.5,0.0,134.7,0.0,0.4597,35.7098,0
4,79.7,76.0,30.9,102.9,35.8849,0.692,47.3071,0
3,111.5,76.4,52.8,55.2,31.3513,0.5695,27.7837,1
11,0.0,63.3,26.1,47.5,41.1449,0.7611,21.6249,0
10,94.7,79.4,19.6,198.0,18.0,0.2342,36.0671,0
10,137.9,59.4,16.6,14.0,40.1018,0.4609,25.3157,0
2,103.6,66.7,20.1,48.7,40.9181,1.0336,24.7403,0
11,104.4,69.0,35.5,68.1,32.9308,0.0963,29.3298,0
13,151.0,74.7,35.5,14.0,18.0,0.4852,44.1337,0
0,212.6,85.3,31.5,121.1,28.7429,0.5139,31.1962,1
10,0.0,59.9,0.0,156.3,46.112,0.9267,45.8889,1
12,110.9,59.1,16.5,14.0,33.4933,0.6714,31.6068,0
10,94.7,54.7,11.1,69.9,28.6344,0.4769,49.0374,0
1,127.4,77.6,7.0,0.0,30.854,0.5495,21.4184,0
0,120.1,80.5,7.0,14.0,28.743,0.2326,20.0,0
6,126.1,52.0,45.0,14.0,29.6112,0.4009,20.0,0
4,204.2,80.3,37.3,14.0,38.3385,0.7339,26.3718,1
3,204.0,66.2,24.2,114.3,37.3499,0.8744,45.2741,1
9,79.5,68.8,33.2,134.7,18.0,0.3446,35.5286,0
12,96.0,78.9,46.3,93.2,34.4116,0.8645,30.5201,0
0,144.7,86.9,41.2,14.0,43.6779,0.8823,40.646,1
13,107.6,62.1,7.0,39.9,24.351,0.2517,32.1891,0
6,133.7,61.9,7.0,55.0,34.8184,0.4789,28.4145,0
3,91.9,49.1,15.7,14.0,27.8413,0.4326,32.3843,0
8,86.9,69.0,7.0,97.8,41.6083,0.1025,30.4341,0
6,169.7,68.2,31.1,15.5,27.6116,0.7668,53.112,1
5,87.7,65.3,29.6,0.0,26.936,0.1854,26.5578,0
13,89.4,74.8,7.0,14.0,33.2675,0.4242,36.8116,0
13,114.1,66.3,7.0,14.0,0.0,0.078,42.2971,0
13,110.0,74.7,29.8,14.0,42.6919,0.6398,42.3916,0
7,117.5,74.4,17.6,122.2,29.2115,0.1852,20.0,0
4,136.7,89.5,26.8,33.2,33.9532,0.6979,41.5395,0
1,68.7,73.1,7.2,91.0,30.5168,0.3025,20.0,0
8,135.3,76.8,35.1,149.5,26.3555,0.8321,20.0,0
6,125.4,82.7,43.6,63.6,41.9601,0.4773,38.7123,1
8,218.4,90.8,15.5,191.4,35.2891,0.9573,30.9614,1
1,116.7,77.1,14.9,192.1,23.8864,0.4253,20.0,0
11,132.0,75.7,44.0,0.0,18.0,0.6199,44.6245,0
2,131.3,56.1,19.5,14.0,26.4462,1.2641,43.2094,1
10,154.9,82.8,7.0,14.0,24.6164,0.0855,31.7242,0
9,167.0,59.3,41.1,201.7,25.282,0.4808,29.5305,1
1,115.2,65.8,48.7,14.0,40.4877,0.1771,20.0,0
6,195.1,76.1,30.2,70.8,25.5205,0.6916,21.5371,1
1,120.7,63.6,32.7,330.7,24.3647,0.5813,31.5829,1
6,163.8,64.1,19.8,60.4,29.1844,0.2729,55.4864,1
12,156.4,73.5,30.1,14.0,28.9279,0.5184,31.4203,0
3,146.5,69.2,12.4,149.0,30.1042,0.2559,51.8707,0
0,100.1,89.3,20.6,14.0,23.7344,0.7668,31.9402,0
3,175.0,68.4,38.1,110.2,0.0,0.2796,42.6205,1
11,71.2,66.2,9.5,120.7,31.446,0.1115,49.7434,0
3,86.5,0.0,45.5,146.9,26.4968,0.7852,55.1371,0
12,173.9,69.8,24.5,14.0,40.9011,0.078,22.7504,1
7,102.3,67.6,7.0,34.0,24.6051,0.8164,39.041,0
5,114.8,0.0,7.0,14.0,0.0,0.078,20.0,0
9,147.7,84.3,24.6,277.5,34.9497,0.8022,38.1524,1
7,46.4,59.7,7.0,50.5,32.2333,0.6244,28.1087,0
0,106.8,65.1,19.1,166.2,27.9936,0.2956,26.2327,0
3,143.5,73.5,26.3,232.9,30.9329,0.516,27.9289,1
5,110.9,76.5,7.0,14.0,27.9793,0.3769,41.6975,0
3,137.3,81.4,38.6,129.1,35.7811,0.4191,28.5733,1
1,147.5,65.5,27.3,76.8,26.9661,1.2106,20.0,0
1,112.7,73.3,16.8,42.3,29.1056,0.5575,35.4758,0
6,155.7,82.8,19.0,81.8,36.8319,1.0818,25.0372,0
1,85.4,0.0,12.1,64.9,28.9054,0.4128,33.0602,0
2,180.8,0.0,20.5,14.0,32.444,0.7449,47.1189,1
2,0.0,69.4,8.3,14.0,32.0942,0.8506,35.9357,0
13,107.6,73.2,7.0,91.7,38.8702,0.4737,27.3838,0
0,119.5,90.1,7.0,151.9,31.4354,0.5431,27.541,0
1,185.4,65.2,26.8,14.0,32.9021,0.5043,21.303,1
0,140.7,90.5,21.4,14.0,24.7445,0.4212,21.7352,0
7,89.8,66.4,32.5,46.4,36.7021,0.5176,25.9429,0
0,159.1,64.4,48.0,49.2,35.4563,0.3397,55.1343,1
1,115.3,56.5,7.0,133.4,42.5038,0.3554,20.0324,0
2,155.0,54.6,26.5,35.6,35.8366,0.5023,20.0,1
4,132.4,79.7,8.2,14.0,25.7754,0.7371,20.0,0
6,95.0,70.8,43.1,42.0,24.4977,0.4776,38.9595,1
0,125.2,66.9,35.3,223.1,22.0217,0.4139,25.7238,0
5,129.5,59.5,7.0,273.5,27.8356,0.5722,21.8027,0
9,132.7,70.8,22.3,173.9,24.7069,0.5685,26.0017,0
13,114.6,39.0,42.0,14.0,0.0,0.078,33.644,0
5,159.5,84.5,51.8,434.2,39.5887,0.3962,28.5972,1
4,137.2,0.0,27.0,100.7,36.6742,0.2094,57.6172,1
5,143.9,76.7,20.8,14.0,29.9216,0.2549,36.6739,0
3,150.1,63.7,22.7,128.0,24.0782,0.0933,32.8683,1
5,120.5,41.1,28.1,123.7,25.0231,0.555,53.472,1
8,161.4,97.8,29.0,359.7,21.9591,0.6558,46.6219,1
11,159.2,67.8,43.9,37.7,25.0551,0.1531,34.4322,0
11,150.3,68.1,19.1,244.6,26.2921,0.1972,20.0,0
0,94.8,67.0,34.1,0.0,51.3207,0.5814,39.6531,1
6,116.9,71.2,0.0,14.0,0.0,0.7557,43.8972,0
5,123.1,65.9,20.0,38.9,26.2306,0.7128,42.6494,1
2,143.0,74.8,30.3,36.8,32.39,0.8077,49.1092,1
10,90.4,63.0,21.3,42.4,0.0,0.7021,20.0,0
1,169.7,74.6,35.6,158.5,43.3908,0.5087,38.8343,1
8,206.1,70.6,60.1,150.2,30.6654,0.7034,32.1952,1
9,85.4,73.2,7.0,47.3,29.1746,0.3354,52.8134,0
3,122.6,61.4,37.7,14.0,28.591,0.5309,27.6477,0
5,132.4,70.8,11.0,76.1,41.9859,0.9438,29.9814,1
1,99.8,52.3,0.0,14.0,43.1812,0.9011,23.9932,0
5,104.1,57.7,11.8,26.1,27.5467,0.6824,30.4055,0
10,143.0,64.6,7.0,61.7,46.4467,0.3495,20.0,0
8,0.0,80.9,33.3,179.7,31.7551,0.1312,32.4936,1
8,108.9,64.0,46.8,302.1,41.9855,0.6148,43.1441,1
3,128.5,98.5,45.8,76.4,45.0148,0.841,34.186,1
12,138.3,88.0,7.0,88.0,35.9954,0.9963,50.013,0
10,103.4,54.9,30.1,14.0,30.3024,0.4601,20.0,0
13,126.7,68.9,25.3,215.0,21.5303,1.1278,34.7074,0
9,140.6,59.5,40.5,136.9,43.8245,0.3288,42.8976,1
7,133.9,83.4,26.6,248.9,46.8581,0.8378,33.5687,1
11,112.4,76.9,26.5,14.0,35.817,0.5465,36.5715,0
11,108.6,63.4,46.4,198.3,20.5623,0.2424,34.1675,0
4,75.7,0.0,29.3,112.3,31.8188,0.5351,29.8019,0
2,139.3,61.8,12.0,14.0,48.0195,0.6402,29.4069,1
4,105.9,66.9,44.5,62.7,40.7777,0.4504,20.0,1
12,98.0,70.8,19.6,140.8,25.1588,0.4774,53.1931,0
0,108.6,67.8,40.7,249.0,22.8962,0.3322,26.7818,1
2,105.6,0.0,0.0,14.0,27.0443,0.078,31.193,0
0,148.0,79.3,19.7,14.0,48.8953,0.4165,52.0607,1
2,140.8,69.3,30.3,183.7,29.5997,0.3286,40.0301,0
6,172.0,68.7,13.9,185.4,37.0933,0.4289,30.5488,0
6,129.6,59.2,45.2,34.6,23.52,0.6462,44.6989,0
0,123.5,62.6,46.9,173.5,34.471,0.1226,33.5186,1
4,135.5,77.7,21.1,156.8,26.0529,0.554,34.8294,0
2,107.7,63.5,16.2,240.1,0.0,0.1077,35.0335,0
2,99.7,73.5,17.6,68.6,18.0,0.6411,23.8732,0
13,116.1,71.5,32.1,14.0,29.5732,0.078,20.0,0
0,179.8,89.1,28.2,279.0,48.1353,0.3976,33.026,1
5,125.8,0.0,36.9,165.4,32.778,0.7535,38.757,1
0,134.2,82.3,34.6,46.4,37.4204,0.2669,37.9179,1
9,0.0,84.9,45.1,14.0,33.2391,0.4218,50.867,1
0,50.6,78.3,7.0,170.8,36.2778,0.078,22.9251,0
5,115.6,64.6,0.0,120.5,43.179,0.078,31.0658,1
4,112.3,73.8,7.0,14.0,20.3525,0.3973,26.7246,0
12,103.8,52.6,26.1,76.3,39.2444,0.4996,20.0,0
4,85.2,71.4,16.5,14.0,43.9893,0.136,28.1911,0
7,112.2,108.2,20.0,14.0,23.607,0.4685,20.0,0
0,184.3,76.7,45.7,14.0,42.866,0.5637,37.4358,1
7,113.3,75.1,17.9,180.6,28.3079,0.1659,64.4684,0
5,173.5,79.2,38.8,122.5,27.3547,0.8059,33.3452,1
5,112.6,59.1,19.0,63.4,22.3932,0.484,23.3042,0
1,96.6,79.5,22.3,14.0,18.0,0.5965,20.0,0
1,140.4,87.5,23.2,87.3,35.0695,0.2003,20.0,0
0,97.7,77.4,39.4,0.0,34.724,0.3562,30.1784,1
2,114.5,85.3,13.0,178.2,24.8593,1.1025,39.0637,0
8,126.3,84.0,25.7,14.0,35.7648,0.7749,26.3225,0
2,174.9,74.7,22.0,191.0,33.0518,0.4677,21.6017,1
4,112.9,62.3,15.3,152.2,24.9902,0.078,37.4883,0
6,102.2,55.0,29.2,278.3,26.2953,0.1598,35.5212,0
13,137.8,74.2,42.3,14.0,18.7288,0.3205,22.5164,0
3,137.6,60.1,30.8,55.1,29.3086,0.078,26.2753,1
7,171.2,58.4,42.1,249.6,34.9321,0.9368,29.4489,1
5,107.7,58.6,18.5,130.6,28.4801,0.6202,24.5892,0
4,0.0,85.1,7.0,228.3,35.0986,0.6139,43.7126,1
6,142.1,64.8,52.5,148.4,18.0,0.4227,59.2192,0
2,130.6,71.0,10.5,68.9,0.0,0.078,33.3106,0
7,140.1,50.4,39.6,92.1,23.7791,0.7531,41.661,1
7,92.7,81.7,7.0,182.5,36.719,0.078,29.933,0
0,0.0,70.6,43.1,14.0,34.9866,1.1656,33.4415,1
5,147.0,91.5,31.3,265.5,39.9371,0.6836,34.6383,1
4,105.9,61.0,20.0,36.0,40.1154,0.3324,35.1204,0
6,132.9,74.0,19.5,50.0,18.0822,0.1841,20.0,0
3,113.3,50.7,38.6,131.5,33.4967,0.3081,20.0,0
9,174.7,66.3,36.4,14.0,43.2242,0.6122,30.7196,1
10,74.0,68.9,29.6,14.0,41.1154,0.078,41.5714,1
6,66.7,65.1,36.3,23.8,0.0,0.2544,20.0,0
8,125.9,61.4,26.0,201.1,34.0677,0.3434,20.0,0
2,96.2,72.7,30.7,0.0,43.7388,0.9533,52.7029,1
0,145.4,68.1,27.1,19.0,31.3733,0.078,28.1794,1
1,129.4,91.2,34.1,74.5,0.0,0.2601,49.029,1
4,145.7,94.0,19.4,14.0,29.7755,0.4669,33.8358,0
3,87.9,74.9,7.0,14.0,35.6979,0.3918,21.4149,0
5,96.1,63.1,22.7,110.9,38.2857,0.15,29.8942,0
7,112.3,99.0,9.9,101.4,26.662,0.1369,52.1998,0
13,81.7,78.8,37.4,14.0,18.0,0.5476,38.1741,0
4,119.6,70.7,34.3,14.0,27.7592,0.4701,20.0,0
11,118.3,59.0,17.7,113.7,31.1494,0.3664,24.1054,0
9,148.5,89.4,31.7,220.9,29.232,0.6226,35.3173,1
8,74.5,60.2,0.0,32.4,40.0489,0.3396,25.955,0
9,189.8,76.4,20.8,14.0,38.7442,0.078,30.5462,0
6,0.0,83.2,19.4,14.0,33.5999,0.2685,38.9319,0
7,142.6,79.2,29.0,93.9,37.5592,0.8084,37.8303,1
5,92.0,71.0,34.7,191.0,32.0687,0.5972,56.3635,1
5,96.5,71.4,14.8,217.8,29.3504,0.8224,32.1055,0
2,92.9,77.5,64.8,14.0,38.7277,0.4544,43.8658,1
2,130.5,77.5,20.5,14.0,44.2104,0.7459,35.2219,1
2,127.0,85.1,28.6,160.3,29.3454,0.6263,21.2567,1
4,134.4,93.5,9.7,44.7,48.889,0.078,20.0,0
9,110.1,74.1,34.8,204.2,25.6431,0.8737,41.254,1
5,98.6,87.0,32.3,285.5,35.3689,0.2116,45.4474,1
1,145.5,70.0,36.5,14.0,34.5275,0.2135,46.4525,1
4,154.5,91.2,23.3,95.7,33.6532,0.415,32.1524,1
2,120.1,91.1,10.0,203.1,27.9843,0.6762,56.9729,0
10,122.2,79.3,9.6,29.0,23.7377,0.078,52.9678,0
6,165.7,77.0,40.2,123.1,35.1908,0.4699,32.9576,1
8,120.0,84.3,34.7,14.0,39.1426,0.927,41.2554,1
5,136.8,51.6,22.6,0.0,0.0,0.3767,29.7101,0
8,106.8,75.2,23.1,242.7,36.591,0.5198,40.6365,0
8,205.5,63.1,30.5,0.0,48.6436,0.3393,32.2557,1
5,142.2,86.8,28.0,108.7,27.872,0.3636,51.4226,0
1,134.7,60.4,30.3,327.8,31.1133,0.2678,41.4585,1
2,140.1,76.5,0.0,14.0,31.3038,0.5569,23.0767,1
8,150.4,0.0,48.5,333.0,40.4554,0.078,51.8934,1
0,124.5,63.2,49.1,93.8,23.1289,0.5509,20.0,0
10,105.2,65.3,7.0,118.1,32.9874,0.2997,32.7833,0
8,105.4,47.7,7.5,14.0,37.6612,0.4431,23.3386,0
8,108.5,0.0,13.0,14.0,28.6522,0.1638,35.1601,0
5,129.7,61.1,0.0,163.2,28.6224,0.3043,20.0,0
5,163.9,55.4,10.8,68.5,23.462,0.3073,24.718,1
2,132.6,54.1,28.4,14.0,30.3034,0.3033,29.5279,0
2,112.3,76.8,21.8,118.0,26.3666,0.9697,27.8523,0
12,141.5,56.8,17.0,91.1,25.032,0.3,34.6773,0
1,113.8,58.5,7.0,14.0,39.0554,0.078,25.4223,0
13,112.8,90.1,18.7,57.2,31.1091,0.7094,40.6842,0
13,151.0,93.1,7.3,78.0,41.8222,0.3268,56.4867,0
12,97.8,50.9,30.2,129.6,29.8024,0.3136,26.3672,0
11,67.7,76.4,8.0,263.7,29.8521,0.3673,26.0037,0
2,90.8,73.4,44.9,137.9,32.3834,0.6976,45.6597,1
7,127.2,77.4,40.9,122.3,34.212,0.5762,20.0,0
12,60.1,63.8,46.5,127.4,26.0047,0.1842,47.6092,0
7,0.0,59.5,0.0,14.0,30.8175,0.6475,20.0,0
11,79.1,81.9,33.3,84.2,33.0035,0.4086,20.0,0
10,91.8,88.4,7.0,131.3,20.0528,0.6124,35.7484,0
7,201.2,86.8,0.0,14.0,31.7,1.1827,22.8266,1
5,131.6,57.5,28.9,34.6,33.3217,0.1206,35.0524,0
2,88.6,62.9,7.0,0.0,26.7893,0.9449,43.5227,0
1,181.7,89.6,46.1,20.4,37.6074,0.3314,53.5148,1
8,94.8,79.7,18.2,70.3,27.7838,0.3878,34.6826,0
2,125.8,75.8,34.9,58.3,33.5642,0.078,39.0909,0
4,114.1,58.0,7.0,64.0,31.1333,0.3694,20.0,0
4,114.3,81.5,36.4,193.4,33.651,0.4803,46.6727,1
6,120.6,64.4,11.9,14.0,30.838,0.3742,46.6394,0
4,167.8,56.2,7.0,93.4,29.0018,0.078,32.3385,0
0,164.8,73.1,47.3,0.0,45.6515,0.1858,30.6089,1
13,47.9,74.0,11.4,14.0,20.3593,0.5901,29.8985,0
5,119.9,75.5,49.7,83.7,24.9279,0.4687,25.7374,1
0,0.0,92.5,42.2,0.0,20.6682,0.5981,35.2285,1
0,190.6,77.0,26.1,127.2,34.4261,0.4229,41.0872,1
3,122.1,69.8,7.0,98.5,33.8019,0.6328,37.1864,0
11,122.6,72.3,7.0,180.3,35.3055,0.5693,48.8512,0
9,217.5,66.4,32.9,298.1,38.74,0.9733,45.6064,1
12,131.3,57.0,12.1,78.7,26.7272,0.2898,31.2482,0
6,122.4,79.3,0.0,14.0,37.6491,0.3168,40.5548,1
0,76.9,63.0,7.0,48.2,18.0,0.2297,20.0,0
11,116.4,83.5,19.9,14.0,44.4956,0.5347,25.7659,0
5,139.3,68.7,22.9,86.8,43.0783,0.8646,22.5232,1
7,120.6,95.8,23.0,170.4,18.0,0.3689,46.6329,1
11,93.2,65.7,42.0,34.3,38.3046,1.338,20.0,0
9,143.6,75.5,7.4,71.8,27.6393,0.3434,29.1807,0
3,0.0,75.4,24.9,14.0,35.1923,0.7673,45.0006,0
6,161.3,53.5,39.6,49.6,45.6329,0.4348,20.0,1
7,130.1,91.9,0.0,201.1,18.0913,0.4805,34.0029,0
8,73.5,75.1,39.0,170.4,31.8218,0.4915,43.1086,0
6,166.2,87.2,39.1,14.0,30.9139,0.4688,45.3618,1
9,110.3,41.4,57.5,47.6,24.1501,0.5306,38.8368,0
0,139.7,74.0,31.5,14.0,34.4754,0.2891,48.8914,1
12,134.6,62.0,37.7,214.3,29.9355,0.1732,27.0283,0
8,88.4,65.4,7.0,14.0,28.4439,0.6038,22.2734,0
9,160.2,62.2,0.0,0.0,46.2899,0.5352,40.3025,1
0,151.6,91.0,21.6,205.7,25.9664,0.2412,21.6408,0
7,133.4,83.5,7.0,137.1,34.7862,0.2906,49.261,0
3,111.0,69.5,11.4,80.1,31.9144,0.6296,28.878,0
0,135.9,69.4,33.0,260.0,41.5654,0.5095,44.2693,1
9,91.7,72.2,27.4,280.7,38.1059,0.3375,20.0,0
7,99.6,68.6,19.2,242.7,25.4889,0.855,20.3087,0
7,171.2,63.8,68.3,84.1,36.1012,0.8319,36.8135,1
7,108.5,96.0,44.6,99.9,23.6692,0.8567,50.254,1
13,107.5,66.9,7.0,78.6,40.7181,0.078,23.5681,0
3,120.5,67.5,44.9,14.0,39.0548,0.6495,35.2125,1
4,176.5,60.2,33.3,350.4,27.0928,0.4222,54.9514,1
11,108.3,66.0,10.3,107.6,25.2911,0.2629,34.4741,0
8,87.5,74.6,16.1,157.6,28.4511,0.2596,42.6859,0
10,90.1,54.0,7.0,14.0,0.0,0.5398,21.8441,0
10,48.1,70.0,7.0,168.6,37.6089,0.2224,31.6118,0
4,142.2,89.2,28.2,83.9,27.654,0.8353,20.0,0
5,146.5,42.8,15.8,139.3,31.4479,0.078,47.7228,0
0,92.3,71.4,23.3,127.5,28.8879,0.4891,48.0349,0
6,116.0,62.1,35.5,191.9,28.0598,0.2261,36.509,0
7,84.1,58.4,0.0,247.3,37.2092,0.5128,34.0482,0
8,123.3,98.5,22.7,42.9,25.3463,0.4081,42.6596,0
9,60.0,84.2,7.0,83.6,33.4456,0.3647,35.66,0
9,133.8,63.2,21.8,17.8,29.2327,0.5653,44.503,0
8,104.9,80.6,10.2,81.7,0.0,0.3804,34.3563,0
1,107.4,71.3,29.4,77.2,23.4234,0.078,40.8245,0
13,90.4,0.0,18.4,14.0,44.3764,0.078,20.0,0
2,166.2,50.2,33.1,14.0,36.1192,0.078,37.3757,1
4,81.9,61.0,16.7,177.3,35.7482,0.2844,20.0,0
10,91.9,44.7,16.2,97.2,26.8438,0.5718,34.8668,0
9,79.9,71.5,25.0,189.9,43.026,0.3049,37.4047,0
13,76.7,71.9,7.0,59.9,34.3396,0.6553,35.6994,0
4,158.4,67.6,70.4,14.0,50.7526,0.5968,28.9049,1
5,173.3,67.3,29.4,65.8,34.9456,0.7451,39.4824,1
4,147.2,57.4,34.4,0.0,38.5241,0.7029,20.0,1
2,136.7,63.1,21.7,80.5,32.163,0.4043,49.3268,0
1,120.6,83.3,7.8,14.0,19.2837,0.3194,43.0469,0
5,112.5,87.9,38.5,0.0,36.5954,0.1442,40.1488,1
1,145.1,69.2,49.1,14.0,47.3464,0.078,22.2951,1
11,70.0,76.1,30.4,212.9,44.1769,0.4803,22.616,0
9,115.7,67.7,11.4,14.0,25.5353,0.6561,46.0189,0
7,128.6,67.2,37.6,48.7,34.393,0.1038,20.0,0
13,112.6,68.6,31.9,177.7,24.9395,0.7268,20.0,0
0,107.0,68.0,19.6,374.1,19.0496,0.8639,33.9891,1
2,113.4,61.8,14.8,137.2,31.7721,0.2637,26.1305,0
7,152.5,79.1,27.9,14.0,42.6683,0.6751,20.0,1
2,88.8,74.3,21.7,73.9,23.9435,0.078,36.8562,0
1,49.2,86.2,18.3,110.7,43.0452,0.4836,20.0,0
10,83.4,76.7,16.7,14.0,37.5457,0.6864,47.5434,0
6,117.0,62.0,41.3,161.2,49.2615,1.3966,34.746,1
13,0.0,61.1,7.0,14.0,18.0,1.113,27.3581,0
0,165.8,79.2,27.4,0.0,32.5852,0.078,30.6618,1
1,83.9,74.5,0.0,39.3,24.6101,0.5008,22.8007,0
7,101.5,88.6,29.4,14.0,34.8502,0.078,28.5392,1
7,110.3,86.5,15.5,109.2,26.883,0.2861,28.5011,0
2,115.3,77.0,23.0,62.9,27.7193,0.6697,30.496,0
5,127.2,71.3,62.5,375.6,36.3404,0.6335,48.3034,1
2,80.2,66.6,20.8,56.3,34.5285,0.9846,44.1865,1
6,88.7,72.0,30.6,254.7,31.7697,0.8962,31.1519,1
8,198.0,74.6,43.7,111.5,25.2791,0.3231,45.1197,1
6,127.2,0.0,19.2,127.2,30.1814,0.2088,39.5101,0
5,188.1,75.8,19.1,236.8,27.6146,0.9032,21.1101,1
8,160.2,67.8,7.0,138.0,24.2671,0.3488,25.0319,0
1,103.2,69.0,8.4,193.1,27.5882,0.4877,20.0,0
13,94.7,61.1,38.0,49.2,18.0,0.4767,29.1376,0
0,167.0,62.9,10.0,14.0,18.6862,0.15,43.7762,0
3,158.7,73.6,36.5,0.0,30.1914,0.4387,52.3379,1
4,154.2,60.0,25.7,14.0,44.1596,0.7927,42.1029,1
0,177.5,51.2,0.0,188.5,33.0794,0.078,21.9418,1
8,110.3,79.9,7.0,0.0,30.796,0.3638,40.1334,0
2,89.1,87.6,28.7,144.8,19.9681,0.8982,29.743,0
0,99.3,65.1,14.5,14.0,48.0409,0.9426,34.4838,1
0,81.0,65.0,45.2,14.0,23.4897,0.6416,37.5797,0
3,71.3,84.0,41.8,14.0,23.2927,0.9071,38.9725,1
9,84.0,62.6,7.8,96.2,23.3823,0.078,28.6184,0
6,133.4,84.2,52.0,110.7,28.3455,0.1084,20.0,1
13,139.3,51.9,11.8,113.2,0.0,0.9683,20.0,0
10,98.3,70.0,35.6,21.5,19.1502,0.8019,48.2293,0
1,131.4,71.8,20.2,138.9,24.6807,0.078,36.9961,0
6,110.4,75.0,7.0,14.0,26.8389,0.6149,49.6593,0
6,92.6,80.9,18.9,191.1,36.6838,0.4481,43.6148,0
0,115.6,85.2,25.8,37.1,33.8443,0.1705,24.4692,0
5,83.4,73.8,14.8,47.5,23.9971,0.3787,20.0,0
7,81.6,72.4,19.0,74.3,32.9487,0.2844,37.6739,0
0,139.7,75.4,21.5,14.0,44.0018,0.5634,21.3629,1
11,95.9,72.2,14.1,57.0,30.4689,0.078,20.0,0
8,100.7,80.7,10.0,52.2,45.8275,0.1515,36.5567,0
0,121.5,72.7,7.0,71.9,42.672,0.4526,37.9725,0
4,186.7,56.3,7.2,14.0,35.5939,0.4835,43.9475,1
10,104.6,72.4,29.2,124.2,36.4422,0.078,49.6765,1
12,169.3,69.4,9.3,14.0,37.8042,0.5025,47.3383,0
13,100.1,74.6,32.8,14.0,35.9418,0.4926,24.7967,0
0,132.6,88.3,37.7,208.5,27.8151,0.4153,36.0965,1
13,104.5,75.4,15.5,52.4,18.0,0.7397,40.7145,0
7,60.5,56.8,17.7,123.2,36.2554,0.5123,20.0,0
13,64.7,0.0,11.1,107.1,33.2544,0.9464,41.1864,0
9,124.9,65.5,7.0,0.0,22.9557,0.078,22.9655,0
2,156.8,85.5,39.1,218.8,35.3673,1.1023,30.9005,1
13,113.1,80.8,15.8,14.0,30.4628,1.1004,31.8014,0
1,86.8,57.2,47.8,116.6,34.113,0.078,38.1051,0
0,0.0,0.0,23.9,238.0,41.0712,0.6845,34.869,1
4,152.1,0.0,31.3,189.4,39.4786,0.3444,20.0,1
5,144.2,62.7,30.1,151.6,42.5832,0.671,53.2546,1
3,85.9,84.7,17.4,52.6,32.1942,0.2746,21.6998,0
4,94.8,76.0,32.4,14.0,18.3497,0.4043,20.0,0
5,112.5,67.1,7.0,121.1,24.5561,0.5872,40.185,0
11,133.2,89.1,40.0,14.0,20.8596,0.4283,39.4477,0
2,86.0,81.3,18.2,93.1,33.2322,0.1945,43.0516,0
10,87.5,74.1,7.0,57.9,30.3891,0.3731,20.0,0
5,91.9,63.3,16.4,153.8,42.4249,0.8976,37.1926,1
0,160.3,65.3,11.9,14.0,35.253,0.7282,44.6614,1
9,139.2,83.1,57.0,59.7,28.7586,0.1762,23.9429,0
4,117.7,78.2,14.5,296.2,34.1399,0.5169,31.7505,1
5,125.8,68.0,43.4,285.1,36.1759,0.0989,29.5902,0
8,128.8,64.4,48.3,232.7,26.6474,0.9619,46.1463,1
11,64.7,72.2,7.0,78.3,22.9076,0.3291,32.9654,0
10,98.6,62.6,22.7,186.8,37.5996,0.2305,30.7037,0
1,128.2,62.4,37.8,14.0,39.4136,0.2119,54.9701,0
3,105.7,78.1,15.8,14.0,30.0582,0.8713,20.0,0
9,97.0,82.3,42.3,216.3,27.2948,0.7534,46.1953,1
13,57.0,73.6,19.0,88.9,20.9071,0.1435,37.3595,0
0,115.5,78.9,7.0,14.0,38.3185,0.1815,28.3427,0
6,112.9,65.1,36.4,124.4,37.1802,0.5047,51.3857,0
11,79.5,83.6,44.8,197.2,36.3054,0.2958,39.1931,0
1,99.5,78.6,16.9,202.3,33.7914,0.6926,20.8938,0
2,163.2,71.0,22.3,14.0,30.8488,0.5963,47.5788,1
3,159.1,92.5,38.4,157.1,38.2244,0.6048,29.781,1
11,100.5,69.3,7.0,112.7,31.5935,0.4835,20.0,0
4,0.0,70.6,29.6,14.0,23.3546,0.078,21.9477,0
7,78.2,62.0,7.0,58.7,24.8103,0.1448,37.1042,0
1,99.3,94.8,7.4,229.5,35.332,0.9023,20.4092,0
0,92.2,71.8,39.3,127.8,31.8972,0.7479,39.5584,1
6,133.9,0.0,19.8,35.9,35.7068,0.1653,33.9083,1
2,149.4,87.7,43.0,151.5,47.6096,0.4434,51.3415,1
0,0.0,76.6,50.4,14.0,39.5766,1.5218,20.0,1
2,163.2,0.0,13.6,14.0,33.1865,0.078,44.1748,1
9,151.1,79.2,11.6,144.4,30.1527,0.078,29.7951,0
11,108.9,58.7,10.1,207.3,37.7835,0.211,20.0,0
7,58.4,68.8,31.4,14.0,32.8478,0.2555,24.4248,0
5,215.7,84.0,20.5,14.0,50.0593,0.4734,23.8361,1
3,136.1,83.8,18.5,26.6,18.0,0.6126,40.062,1
1,60.6,74.2,13.9,239.9,29.379,0.3867,34.4723,0
11,53.7,58.5,37.1,14.0,30.8464,0.7821,23.2481,0
3,111.9,72.7,26.5,68.3,43.2119,0.3812,37.047,1
9,91.7,69.1,29.8,22.3,23.3677,0.6466,20.0,0
5,161.9,85.7,31.6,14.0,26.0858,0.5104,25.7032,1
0,173.1,0.0,38.5,14.0,25.3006,0.078,36.31,1
4,203.2,95.9,41.3,389.0,29.6813,0.9773,35.8349,1
11,97.9,62.2,13.6,14.0,33.4283,0.4097,20.5337,0
9,144.0,50.7,31.7,95.7,44.2146,1.0946,41.0178,1
8,174.9,54.2,36.3,0.0,44.3502,0.8842,26.5113,1
13,122.2,73.4,31.3,76.5,39.441,0.8581,32.5777,0
12,75.2,65.6,10.5,14.0,29.5189,0.4817,25.0596,0
11,122.6,79.8,30.8,14.0,28.3271,0.6041,20.0,0
5,73.6,58.5,12.6,108.2,29.457,0.4295,28.8309,0
12,81.3,62.7,20.1,158.4,27.9726,0.3931,20.0,0
4,136.6,0.0,8.9,14.0,24.6174,0.6587,44.1155,0
4,98.0,72.5,34.8,14.0,31.5436,0.9746,25.2628,1
0,172.8,78.9,34.2,305.9,46.5929,0.0879,54.1565,1
6,66.5,85.4,13.8,14.0,39.8131,0.9239,31.0698,0
7,115.4,82.0,39.0,84.0,44.4783,0.8042,50.3041,1
2,92.9,65.9,26.0,100.2,37.5544,0.3732,23.1191,0
9,130.9,88.0,40.2,73.1,41.8572,0.321,36.1142,1
10,94.7,73.4,26.5,163.4,24.5396,0.4496,28.2511,0
8,0.0,65.1,7.0,94.4,0.0,0.5305,24.7498,0
3,137.1,92.3,38.3,40.7,34.5722,1.3071,21.0588,0
3,118.1,77.8,23.6,182.8,38.7673,0.1582,41.5954,1
3,239.8,92.9,32.0,14.0,26.439,0.1695,37.0152,1
2,129.5,84.1,33.7,14.0,37.7788,0.6807,37.5048,1
9,44.0,66.6,14.6,125.5,25.5092,0.4794,33.6215,0
11,112.0,85.0,7.0,197.4,28.4583,0.3084,20.0,0
7,0.0,80.8,7.0,217.4,32.4928,0.6624,35.2078,0
6,126.7,89.5,38.1,113.8,25.1774,0.5551,35.777,0
5,149.5,60.2,47.3,14.0,28.8942,0.9935,27.404,1
9,92.3,72.7,36.7,213.4,20.9775,0.9977,40.8169,0
6,103.6,92.5,24.7,99.4,18.0,0.6036,29.6278,0
12,76.6,79.4,30.6,14.0,42.9627,0.2536,32.7868,0
5,141.4,76.6,35.2,272.3,34.8802,0.0825,34.7169,1
0,0.0,55.4,44.7,117.0,36.1571,0.6926,27.8699,1
3,172.2,0.0,32.0,14.0,32.1078,0.7709,38.0784,1
3,123.3,79.8,13.9,36.5,33.4168,0.078,32.836,0
8,96.4,55.3,23.9,14.0,23.8807,0.078,28.7061,0
5,191.9,77.9,41.0,14.0,35.3809,0.6155,57.1643,1
10,100.1,84.8,37.7,54.7,32.3117,0.4489,20.0,0
0,175.6,67.1,34.3,59.7,36.7585,0.5732,50.0947,1
1,71.6,59.5,27.0,129.6,26.4713,0.6881,23.3781,0
8,97.9,55.6,18.3,14.0,20.8196,0.4308,42.3197,0
9,106.6,67.9,21.7,17.2,32.8634,0.5256,20.0,0
5,93.0,90.4,33.0,151.6,33.5672,0.2714,34.1315,0
11,156.3,0.0,37.3,76.0,28.976,0.3586,34.544,1
10,141.9,62.7,25.9,208.2,55.3186,0.33,26.5783,1
3,62.3,75.2,36.0,139.2,0.0,0.8924,24.0394,0
13,138.9,65.8,55.1,165.1,43.4937,0.4411,39.226,1
2,139.3,71.3,38.7,14.0,33.9232,0.9227,39.9292,1
10,112.5,86.6,22.6,228.8,18.0,0.078,20.0,0
4,96.7,89.9,34.1,18.0,24.5755,0.4482,29.6475,0
6,180.4,82.8,30.3,267.1,27.0731,0.5426,44.9214,1
9,0.0,80.1,27.2,89.3,44.4524,0.5204,53.1311,1
5,183.1,91.7,7.0,118.3,29.6995,0.159,45.4975,1
12,144.1,56.5,24.8,120.9,32.5763,0.7004,40.1631,0
6,102.2,71.4,15.1,36.5,27.1261,0.4281,20.0,0
1,135.3,58.1,33.2,14.0,23.7378,0.2057,59.958,0
1,94.9,93.4,7.0,14.0,27.9689,0.4777,49.7304,0
0,155.4,65.6,29.9,99.8,33.6444,0.3237,26.6113,1
7,139.8,67.4,14.1,224.4,23.7805,0.4455,41.0359,0
7,129.6,77.3,21.7,51.8,37.8051,0.2647,44.4089,0
11,107.1,0.0,14.2,0.0,18.113,0.1939,36.6932,0
5,106.5,85.5,46.1,106.1,37.307,0.3542,30.9342,1
3,141.6,56.6,45.7,281.5,31.4403,0.5283,27.3877,0
13,151.1,50.7,16.2,125.2,29.3996,0.3143,25.8837,0
13,141.8,79.2,23.4,94.8,27.9615,0.5457,46.9338,1
2,124.3,95.0,16.3,88.6,30.2352,0.078,28.5574,0
11,165.3,84.5,20.2,91.8,26.7515,0.078,20.0,0
6,97.1,62.2,8.9,14.0,30.2773,0.4879,31.0041,0
6,0.0,72.3,22.1,14.0,26.3495,0.7907,34.4418,0
0,113.7,62.4,0.0,91.8,35.1984,0.078,35.0012,0
0,123.0,64.1,11.9,14.0,18.0,0.5786,23.026,0
4,122.9,78.8,15.4,184.2,34.0707,0.2029,45.9905,0
6,55.0,85.1,20.6,39.7,40.1144,0.1944,28.5065,1
8,93.8,63.3,24.5,87.2,41.0855,0.4715,30.0814,0
0,94.5,73.6,38.9,35.0,0.0,0.0842,27.3139,1
7,117.9,82.2,23.0,270.6,29.8514,0.3913,33.9884,0
1,121.7,48.4,15.2,14.0,50.8815,0.8522,34.8192,0
5,65.5,79.2,7.0,14.0,0.0,0.121,40.8691,0
4,186.8,85.8,40.0,43.5,33.0673,0.078,20.0,1
8,0.0,79.8,13.1,98.3,35.7841,0.7745,38.7166,0
1,122.5,0.0,7.0,153.4,32.0368,0.5539,37.6722,0
12,115.6,0.0,12.6,14.0,46.2701,0.6468,24.4301,0
13,88.9,86.0,14.5,14.0,32.31,0.2104,29.953,0
3,137.7,65.4,39.0,14.0,36.1423,1.3867,30.1754,1
8,115.6,70.9,16.7,29.7,18.0,0.5997,38.702,0
13,92.3,89.7,28.3,36.3,35.1209,0.4071,26.1059,0
6,168.5,84.0,32.3,202.6,32.4377,0.3543,47.0233,1
4,156.8,56.8,18.6,344.9,45.7143,1.4365,24.1713,1
7,96.0,70.1,7.0,121.4,45.6262,0.4539,42.3049,0
7,0.0,0.0,13.1,81.4,20.5694,0.5903,34.9719,0
6,107.9,64.6,36.9,233.2,29.0978,0.4263,43.98,1
9,151.0,74.7,48.0,14.0,31.7922,1.0623,32.8366,1
7,161.1,92.3,35.6,148.8,37.0241,0.4892,42.6146,1
1,53.6,56.4,26.3,14.0,23.125,0.078,37.0024,1
2,130.4,71.8,23.1,60.6,37.6075,0.9321,30.7285,1
3,91.2,97.8,28.3,168.5,33.1623,0.3259,48.0814,1
6,119.9,90.7,30.5,21.1,24.1096,0.5142,37.8483,1
0,112.3,77.5,7.0,14.0,25.8476,0.3035,36.7522,0
1,115.5,70.9,9.1,14.0,34.5922,1.0532,25.1522,0
11,124.9,45.8,22.2,201.0,42.4783,0.5756,43.913,0
13,138.1,91.1,18.8,154.2,42.0887,0.1508,20.5893,0
9,113.7,88.9,7.0,14.5,18.1575,0.2159,33.941,0
6,171.3,86.6,26.1,153.7,38.2571,1.329,42.2947,1
2,75.8,71.6,40.9,159.6,25.3591,0.7141,20.0,0
2,185.4,84.6,18.6,14.0,28.3378,0.3703,35.8602,1
1,0.0,63.8,50.9,22.2,24.9693,0.1514,55.6974,0
1,95.2,79.3,36.6,0.0,34.8775,0.1588,45.6914,0
0,117.6,83.3,35.7,183.4,45.902,0.3782,30.2574,1
2,82.2,83.9,14.7,278.0,38.4718,0.1426,29.6682,1
8,109.2,79.2,15.5,203.4,18.6647,0.3476,36.4144,0
0,140.0,78.9,49.8,196.5,42.7791,0.078,42.8255,1
6,73.5,78.6,31.4,85.7,24.4652,0.3085,33.6998,0
3,112.0,86.9,16.8,257.4,35.803,0.512,44.4837,1
6,131.5,74.4,28.0,0.0,29.1541,0.7967,28.7699,0
1,131.2,64.2,7.0,14.0,29.017,0.078,25.9958,0
6,69.2,67.6,32.9,14.0,22.8755,0.4518,41.2927,0
6,131.1,74.9,15.6,95.3,29.4343,0.8296,34.1326,0
7,172.4,67.9,7.0,42.2,18.3975,0.4677,34.0357,0
2,78.4,69.6,7.2,194.3,38.067,0.4009,48.008,0
7,99.6,85.6,13.5,45.0,24.6927,0.2766,20.0,0
9,110.3,69.6,15.6,14.0,28.5095,0.7522,33.3489,0
8,130.1,86.7,13.0,14.0,35.3888,0.4978,47.5723,0
11,0.0,50.6,7.0,125.5,29.1308,0.2654,47.0257,0
7,112.1,75.2,18.0,14.0,38.6718,0.078,27.6781,1
11,126.7,73.7,7.0,14.0,18.1805,0.2555,31.6305,0
8,115.1,96.8,22.9,189.0,21.2295,0.4929,48.0178,0
0,216.6,84.0,15.8,316.0,38.4104,0.6234,25.8848,1
13,63.6,69.8,7.0,66.6,35.948,0.5542,36.4948,0
8,178.0,73.4,21.4,269.5,32.6012,0.8863,39.5652,1
0,130.5,50.3,34.7,14.0,30.8595,0.8472,20.0,0
1,168.8,100.2,37.6,91.7,35.7878,0.5921,30.7712,1
6,127.0,0.0,37.1,278.4,48.6347,0.078,30.3654,1
1,182.2,72.3,25.3,184.2,25.2729,0.5042,34.5387,0
3,64.6,58.4,10.7,20.0,29.8628,0.4961,34.5377,0
9,104.9,85.5,18.8,14.0,40.2289,0.078,42.8256,0
11,108.8,89.0,25.9,200.1,35.9058,0.2183,29.5841,0
7,91.7,66.5,55.6,97.8,21.173,0.479,29.6803,0
10,147.1,86.8,14.4,153.0,31.9656,0.078,37.9255,0
3,157.4,73.1,16.5,46.4,32.2635,0.5619,46.8126,0
3,135.2,62.7,15.1,14.0,35.2442,0.3047,20.0,0
7,125.1,93.0,32.8,14.0,0.0,0.3099,46.1684,0
2,83.6,71.0,42.6,82.3,28.8372,0.7639,24.0979,0
7,99.9,68.5,7.0,16.8,29.4257,0.3353,37.5224,0
4,152.0,76.3,37.9,32.7,19.8704,0.9734,20.0,1
0,108.4,53.7,7.0,0.0,31.1416,0.6464,28.4009,0
4,141.0,61.0,16.9,50.4,18.301,0.2405,36.3176,0
5,177.1,67.6,7.0,61.6,27.5738,0.2152,25.0651,0
3,114.4,83.8,31.0,0.0,34.2781,0.4882,44.1538,0
8,116.3,76.4,38.9,108.5,44.0509,0.6865,40.292,1
11,44.0,77.9,10.2,159.3,19.0004,1.2769,40.0516,0
11,89.8,67.4,25.4,14.0,0.0,0.4279,34.5656,0
9,113.3,60.7,0.0,14.0,36.2597,0.2678,25.4741,0
2,100.8,63.6,19.4,133.0,33.4001,0.1928,31.3694,0
9,141.9,69.9,21.8,84.0,24.2993,0.078,23.9169,0
0,106.6,59.5,40.6,60.0,27.0261,0.8869,20.0,0
0,139.8,79.6,7.0,167.6,38.0774,0.613,51.4832,0
12,149.9,66.8,21.9,157.2,18.0,0.5509,51.8927,0
4,114.3,89.4,37.2,14.0,43.081,0.89,56.0848,1
13,124.9,71.7,35.7,18.1,18.0,0.078,38.9307,0
2,139.4,74.1,29.7,245.8,29.6931,0.078,33.8101,1
1,65.4,58.8,7.0,14.0,28.7857,0.5006,27.297,0
1,186.1,78.4,48.0,14.0,37.8118,0.7183,40.8691,1
7,110.8,0.0,33.8,125.8,39.6467,0.0974,40.5381,0
8,106.3,63.9,7.0,14.0,34.4639,0.3457,46.8533,0
6,175.3,72.4,38.8,68.8,46.4113,1.0101,29.047,1
1,134.3,59.1,19.2,14.0,23.7442,0.2213,46.8695,0
7,149.6,97.6,18.4,129.0,28.4584,0.4816,49.3605,1
0,98.0,63.2,27.9,94.2,42.7801,0.582,50.0796,1
12,61.5,60.9,17.7,14.0,34.047,0.3647,40.7465,0
13,109.7,90.4,20.4,14.0,35.591,0.078,35.2786,0
0,126.9,75.0,42.9,163.0,44.7445,0.333,32.3039,1
10,111.8,24.0,13.1,126.7,33.7794,0.4643,37.6815,1
7,114.2,66.5,23.4,209.2,33.5559,0.772,20.0,0
3,98.4,81.7,35.3,173.6,36.454,0.2951,37.2862,1
9,100.0,71.5,39.2,124.6,41.0654,0.078,44.7427,1
10,61.8,83.9,18.5,35.0,25.9813,0.7343,37.9678,0
10,128.9,70.3,40.0,27.5,18.0,0.078,24.7679,0
9,89.6,86.2,43.6,127.7,27.5489,0.078,37.492,0
6,91.9,0.0,30.1,14.0,40.2348,0.3416,41.8972,1
8,109.3,66.1,28.5,44.0,0.0,0.7553,50.6719,0
0,134.0,68.7,22.0,14.0,38.4914,0.8129,46.3416,1
1,122.7,79.5,7.0,117.2,22.9211,0.078,20.0,0
1,91.3,61.7,11.5,14.0,28.8023,0.078,21.6584,0
2,194.8,80.8,15.7,64.5,39.5051,0.9441,37.8913,1
5,116.8,87.6,44.9,224.6,39.1988,0.9512,41.6701,1
4,130.1,74.0,19.8,55.8,24.9183,0.185,20.0,0
1,89.0,80.0,7.3,15.9,27.7639,0.4567,46.3588,0
2,148.3,76.0,13.3,92.3,27.7587,1.0085,23.0649,0
4,136.0,70.4,27.7,14.0,25.3041,0.8038,37.4273,0
3,151.3,86.8,46.3,76.5,37.4909,0.1516,26.2878,0
7,152.8,69.9,0.0,55.8,32.5638,0.5365,28.2219,0
2,99.9,80.6,28.1,14.0,23.0345,0.5115,24.8373,0
8,150.0,51.8,38.3,195.8,46.0436,0.078,39.3298,1
6,0.0,69.1,20.8,14.0,28.1045,0.3218,20.0,0
9,107.0,63.2,11.5,195.1,42.5721,0.3628,20.4181,0
2,86.8,68.0,26.7,14.0,32.7964,0.4151,29.3663,0
8,153.2,77.4,11.0,70.6,32.3621,0.3237,28.8866,0
7,146.2,57.2,42.1,14.0,44.1913,0.078,28.7697,1
4,155.6,59.8,23.3,75.4,41.0768,0.4306,36.1327,1
6,126.3,65.3,20.3,14.0,30.7314,0.8321,52.0187,0
7,87.7,67.5,7.0,111.5,28.699,0.078,34.985,0
11,103.8,65.4,18.7,14.0,37.932,0.325,39.0223,0
8,110.1,57.1,7.0,172.4,52.4958,1.0655,36.2028,0
1,121.0,68.1,38.6,153.9,39.0547,0.4428,38.0094,0
4,140.3,78.7,45.0,14.0,49.387,0.078,32.6791,1
4,129.1,57.5,18.8,148.1,24.4616,0.078,57.8047,0
10,74.0,59.5,31.1,17.2,27.7698,0.1123,24.9853,0
4,89.8,76.8,7.0,128.7,32.5017,0.4021,31.737,0
12,130.1,89.0,0.0,68.6,32.7759,0.078,36.8486,0
11,76.2,75.4,18.9,44.9,26.932,0.2465,53.4364,0
1,102.1,78.9,36.2,28.5,18.0,0.2852,39.6705,0
4,127.6,71.4,25.4,62.2,32.5583,1.2361,43.8156,1
0,134.0,89.0,34.0,73.7,35.4441,0.2416,42.7416,0
13,113.4,55.0,17.5,142.6,0.0,0.6531,34.6964,0
7,182.9,85.6,33.0,14.0,28.3533,0.7144,33.8072,1
13,129.5,76.6,19.8,14.0,31.3179,0.078,27.564,0
9,102.7,75.1,16.1,71.7,37.1688,0.2776,44.3969,0
2,147.0,92.0,28.5,101.3,32.9372,0.5406,40.051,1
10,129.0,57.7,12.3,0.0,22.8985,0.078,46.7229,0
0,119.0,49.0,0.0,278.0,42.1117,1.0119,40.8548,1
13,110.0,72.4,17.5,107.6,36.654,0.078,24.9025,0
6,194.4,52.1,42.4,50.3,49.3399,0.6182,29.6291,1
7,0.0,54.6,14.0,167.4,32.0624,0.8007,41.5428,1
8,157.0,62.8,33.9,14.0,22.5616,0.5368,20.0,1
1,114.1,66.1,0.0,185.4,25.498,0.078,39.6336,1
12,130.5,0.0,7.0,107.5,31.7406,0.5285,27.0486,0
4,178.9,0.0,44.7,224.0,27.6581,0.2286,27.1654,1
5,172.4,74.8,0.0,94.4,38.0656,0.6686,58.4389,1
7,111.1,65.2,24.5,71.5,36.7699,0.6846,61.9666,0
8,144.5,81.4,36.5,156.4,26.5902,1.0943,30.3019,1
7,148.9,56.1,17.3,20.0,19.2955,0.2321,20.0,0
11,108.2,67.9,33.2,63.5,26.4119,0.3577,44.5989,0
7,119.5,77.6,25.3,14.0,35.4659,0.4741,22.941,0
7,69.2,76.3,0.0,21.4,39.1888,0.078,34.3497,1
2,199.6,80.8,36.3,24.1,31.5168,1.0529,39.3254,1
9,162.2,70.1,66.9,195.2,27.0958,0.6063,30.0908,0
0,115.5,64.7,7.0,270.9,42.0946,0.3863,27.396,0
7,132.7,64.7,28.7,14.0,29.3344,0.8139,21.7918,1
3,102.5,63.4,7.0,135.7,24.7455,1.2887,25.815,0
7,102.7,79.4,29.1,31.8,0.0,0.5614,39.1232,0
4,98.8,85.3,11.5,86.5,28.4431,0.4262,45.2234,0
6,66.4,71.7,7.0,285.2,28.5046,0.4598,27.9631,0
12,138.2,62.5,38.4,49.5,31.0121,0.5673,41.0113,0
8,0.0,51.5,53.1,14.0,34.4166,0.813,42.766,0
4,125.1,52.9,30.6,14.0,40.8503,0.4826,20.0,0
12,120.2,73.9,7.0,82.6,33.3177,0.3864,38.5793,0
7,118.6,80.4,7.0,188.9,38.0316,0.0881,32.5459,0
0,94.3,67.6,10.1,14.0,0.0,0.9446,30.4808,0
3,112.3,50.4,24.7,86.7,0.0,0.61,51.5358,0
5,135.3,82.0,25.0,14.0,31.367,0.9093,41.3534,1
9,116.4,91.2,0.0,97.4,42.5447,0.9441,46.6401,0
8,118.1,51.0,10.2,138.5,27.9811,0.6605,29.0369,0
3,100.8,66.3,15.9,155.2,24.2349,0.078,36.6551,0
3,98.1,74.3,19.0,74.8,0.0,0.7755,27.6892,0
10,172.5,74.2,46.8,22.0,30.1746,0.71,53.2285,1
12,74.7,87.8,8.6,39.7,30.5689,0.787,37.008,0
7,127.6,67.7,27.2,68.0,52.0596,0.078,43.6829,0
5,100.3,83.6,7.0,138.3,27.2104,0.9906,26.3612,0
3,94.7,69.6,39.9,82.6,40.2188,0.361,29.8224,0
9,133.6,60.1,10.2,65.1,39.3087,0.3499,31.4124,0
2,86.8,83.2,9.2,14.0,39.2387,1.0876,53.7005,0
12,83.8,97.7,14.1,122.8,32.6585,0.3445,35.181,0
9,105.1,71.5,46.8,14.0,37.0586,0.7494,31.0607,1
9,106.0,91.1,12.4,383.2,27.1569,0.5139,37.356,1
10,122.4,62.9,20.5,72.3,33.343,0.1728,43.8748,0
1,146.8,57.0,7.0,14.0,30.8757,0.478,29.9249,0
3,90.9,72.2,7.0,164.1,50.3617,1.3511,39.8069,1
0,87.4,60.1,0.0,101.0,23.9788,0.2652,41.0288,0
2,111.4,65.1,7.0,208.6,41.1444,0.4864,20.0,0
3,82.4,77.4,48.0,116.2,38.1254,0.1334,48.5789,0
11,102.9,79.7,31.6,120.0,27.0925,0.1265,35.0018,0
4,172.5,69.4,28.6,128.5,37.7533,0.2676,45.2923,1
1,126.8,68.2,16.7,225.8,30.9314,0.8329,48.4527,0
7,0.0,61.2,31.1,0.0,40.1002,0.6492,32.7431,0
0,171.2,85.8,41.6,14.0,28.7826,0.078,34.4152,1
0,0.0,86.9,33.7,14.0,0.0,0.078,32.656,0
3,131.3,64.8,37.5,164.5,41.0829,0.541,30.3369,1
12,112.2,60.8,7.0,60.4,26.2319,0.078,24.0624,0
5,126.3,83.2,42.5,45.6,37.4177,0.078,46.9685,1
1,0.0,81.4,17.5,426.6,29.4222,0.393,22.9369,1
0,146.8,65.9,40.9,35.6,28.6069,0.6866,20.0,0
13,122.8,61.3,26.2,140.7,24.1239,0.5152,31.7877,0
4,112.4,89.3,41.5,14.0,44.313,0.4557,20.0,0
12,56.8,43.8,30.5,167.2,35.6046,0.3012,42.035,0
10,62.7,78.8,7.0,193.8,21.4425,0.3753,39.3754,0
12,93.8,70.3,38.2,28.1,18.0,0.7996,36.4717,0
4,128.6,54.3,30.1,250.5,31.5779,0.2039,31.8074,1
0,122.7,67.0,22.4,125.4,43.1958,0.75,31.9593,1
3,54.4,83.5,16.7,119.1,25.7482,0.1901,40.5831,0
7,162.0,62.1,51.2,14.0,39.0086,0.5439,41.1891,1
11,76.6,83.3,16.1,14.0,39.1783,0.4373,20.0,0
0,132.1,58.5,19.3,34.2,38.2894,0.078,37.53,0
4,110.8,46.1,30.1,98.3,38.0915,0.5405,33.2313,1
8,60.4,82.0,12.7,214.2,36.2025,0.0882,21.738,0
5,0.0,55.4,40.6,478.7,29.0555,0.9258,40.1254,1
8,69.5,56.9,22.1,290.9,34.1373,0.5221,39.351,0
3,135.1,75.2,7.0,106.1,18.6158,0.431,40.9847,0
6,159.3,110.9,35.4,0.0,33.2608,1.0413,41.9055,1
10,183.7,0.0,17.4,63.6,37.0073,0.3798,36.318,1
11,124.1,73.9,15.2,141.1,27.409,0.5295,49.5791,0
9,93.6,65.5,46.3,114.0,18.0,0.078,45.1653,0
3,98.6,63.8,7.0,99.9,26.0589,0.9116,20.0,0
0,165.9,71.2,33.1,247.3,46.5059,1.0239,38.6672,1
6,98.5,70.5,29.6,14.0,35.2536,0.2305,27.2757,0
3,168.7,68.8,35.1,214.5,37.8879,0.3754,35.3002,1
8,138.8,79.8,28.8,31.8,26.1201,0.4471,22.3423,0
7,93.3,86.0,7.0,14.0,28.3449,0.078,37.1279,0
2,88.2,80.4,25.3,14.0,18.0,0.334,53.8768,0
13,44.0,62.9,13.3,173.1,18.0,0.3822,28.9365,0
0,168.4,77.0,38.9,66.0,40.8633,1.2293,24.8868,1
10,126.4,64.9,23.2,40.8,42.3655,0.4032,20.0,0
10,136.7,69.0,22.2,14.0,25.3187,0.5994,43.5402,0
0,186.6,79.1,34.2,14.0,27.4835,0.485,23.4705,1
4,172.2,95.0,35.4,94.4,36.1262,0.268,45.7234,1
7,95.3,80.3,8.3,211.5,34.4312,0.3383,67.1675,0
10,109.5,91.9,18.0,28.2,43.3596,0.3801,45.1916,0
11,110.2,79.3,23.7,144.1,33.995,0.5119,22.75,0
4,67.8,103.5,14.0,73.3,31.1204,0.2103,20.0,0
0,142.6,82.3,0.0,49.0,32.4348,1.0308,37.2105,1
9,130.0,59.2,25.5,14.0,42.4525,0.6612,49.1679,1
1,152.2,66.1,41.4,165.4,33.6438,0.2583,31.2493,1
5,111.5,95.2,22.8,278.7,36.2986,0.078,28.719,0
11,128.4,85.3,7.0,14.0,28.8983,0.6444,24.2954,0
11,78.6,81.9,31.2,101.9,47.7765,0.2912,21.2054,0
3,51.4,65.5,30.9,14.0,0.0,0.1429,23.9906,0
2,152.2,59.4,29.0,14.0,38.2522,0.1614,39.4081,1
0,135.9,58.6,28.4,101.1,0.0,0.5214,39.6318,1
0,109.1,90.9,24.1,43.1,27.4568,0.8601,35.9979,1
4,114.5,84.6,29.5,155.1,45.5571,0.3986,32.8292,1
3,177.9,58.2,45.0,144.7,35.7368,0.078,22.5288,0
12,149.7,79.2,11.5,39.9,31.6207,0.2841,36.5848,0
2,114.1,69.3,7.0,183.0,25.2814,0.3923,42.3409,0
3,116.9,66.2,27.8,192.4,33.2643,0.078,51.5446,1
5,86.4,69.7,7.0,109.4,34.0622,0.4578,32.4424,0
10,122.0,67.2,17.6,57.6,39.6461,0.5675,35.5025,0
1,85.0,70.4,7.0,14.0,31.4544,0.3644,51.7613,0
8,161.9,79.3,45.0,14.0,28.8189,0.7767,33.4979,1
9,105.4,70.7,61.3,75.6,47.3876,0.4113,53.0802,1
10,113.3,56.6,48.5,14.0,33.7807,1.0324,28.856,1
6,99.1,57.2,20.0,151.1,28.1875,0.5717,33.5101,1
6,96.8,74.7,18.5,14.0,44.8279,0.3761,42.6745,1
8,99.3,74.1,36.1,14.0,18.0,0.3411,30.3197,0
11,115.0,69.6,7.0,14.0,20.7792,0.4549,26.9667,0
1,160.0,70.2,7.0,143.6,33.8806,0.5251,36.8197,0
6,164.9,78.3,30.5,14.0,37.6575,0.2192,28.4863,1
11,98.2,73.5,23.0,101.8,31.5516,0.3371,29.0928,0
4,158.1,65.4,7.0,89.0,37.82,0.078,24.0438,0
8,158.1,75.8,28.7,99.1,40.4227,0.4381,53.9887,1
4,149.0,68.4,31.9,14.0,35.7831,0.8463,23.5682,1
0,109.0,0.0,45.0,181.5,24.7066,0.5239,20.712,0
2,92.7,84.7,19.2,112.2,33.8538,0.4525,20.4485,0
12,97.9,77.0,7.0,217.9,21.2333,0.5256,20.5591,0
4,90.7,84.9,38.0,188.9,29.6817,1.1417,31.2234,1
4,121.3,76.9,29.4,129.6,34.7398,0.7174,22.7601,1
9,0.0,91.8,30.5,114.3,39.5466,0.078,27.9161,1
10,84.8,0.0,7.0,71.9,34.0108,0.3484,24.3055,0
5,127.7,72.3,32.3,321.5,26.6838,0.4013,41.9005,1
11,0.0,79.0,24.9,0.0,30.8119,0.5713,45.5925,0
1,120.2,62.8,7.0,18.8,41.8028,0.5148,37.0924,0
6,119.3,84.4,7.0,0.0,38.2961,0.6124,35.0441,0
13,102.4,63.4,28.1,83.3,36.7916,0.3518,20.0,0
3,121.5,51.2,34.2,55.9,40.4987,0.4616,55.3938,1
3,141.7,42.8,49.7,14.0,32.1121,0.1166,36.3839,1
0,125.5,0.0,32.7,97.9,36.7156,0.1826,20.0,1
2,125.1,87.1,17.1,186.7,27.2447,0.3313,55.6795,0
10,102.7,71.5,32.2,14.0,40.0243,0.711,29.28,0
2,155.6,79.4,27.7,96.2,29.298,1.2849,24.2327,1
1,148.6,66.9,19.2,95.9,30.8242,0.078,27.8765,0
11,102.5,77.7,18.8,116.2,39.191,0.4184,29.7344,0
9,158.0,74.3,46.6,100.3,22.3215,0.4247,30.0063,0
11,83.4,54.2,32.9,14.0,39.3821,0.3462,23.9603,0
6,152.7,74.0,0.0,263.6,54.2273,0.8962,30.3739,1
0,156.2,66.0,15.5,390.7,24.3548,0.9358,63.6364,1
0,62.7,78.0,14.2,14.0,21.9997,0.5066,20.8388,0
8,132.0,67.7,20.1,217.5,20.5339,0.8188,48.1156,0
2,78.9,80.8,7.0,14.0,35.6843,1.1563,37.1338,0
0,154.5,68.7,9.6,32.2,33.8105,0.5885,22.363,0
11,0.0,70.5,7.0,78.7,31.257,0.7532,45.3212,0
0,184.8,0.0,27.9,74.5,0.0,0.3363,29.6938,1
4,59.8,40.4,14.2,153.8,19.8701,0.4328,28.0652,0
13,119.3,78.0,19.6,168.6,26.2543,0.3023,22.6062,0
3,146.5,75.5,35.2,98.9,38.1214,0.4989,46.5946,1
9,110.3,84.5,19.6,14.0,30.4438,0.2943,27.4175,0
10,115.2,57.7,17.3,61.6,35.9434,0.5217,28.3821,0
7,103.6,81.5,21.4,101.7,44.0635,0.5322,54.1647,1
4,0.0,80.3,25.2,123.7,33.4787,0.4603,39.4852,1
2,92.6,70.1,14.9,196.9,25.1897,0.7279,28.1896,0
11,116.1,75.4,15.3,27.2,33.3864,0.078,59.4622,0
6,122.4,61.0,7.0,14.0,27.577,0.4931,23.1502,0
3,167.6,83.5,50.3,222.9,43.1646,0.078,25.9162,1
2,104.4,47.1,8.7,14.0,29.9116,0.4556,38.0926,0
10,89.5,54.3,0.0,21.4,32.3103,0.2935,42.665,0
1,58.8,72.7,18.7,33.2,36.766,0.078,27.2752,0
0,88.4,75.3,24.6,118.7,28.6438,1.0254,23.3827,0
0,139.0,93.1,45.0,224.8,25.5036,0.981,50.2202,1
7,103.7,73.8,49.0,57.1,28.5268,0.2914,30.3687,0
0,109.1,40.6,49.9,62.9,42.5821,0.8521,20.2851,0
3,116.0,67.1,23.3,331.6,26.5474,0.6669,26.7204,0
1,130.4,61.5,49.1,42.8,32.4328,0.3348,54.4403,1
0,116.2,59.2,8.0,50.8,34.0113,0.6249,20.0,0
6,101.8,0.0,22.7,14.0,31.4695,0.6152,25.4671,0
4,0.0,66.3,46.1,208.6,48.7636,0.078,32.3755,1
9,73.9,48.3,15.7,14.0,0.0,0.7675,20.0,0
8,191.3,57.5,49.6,231.9,43.1965,0.078,48.1552,1
12,130.6,74.2,7.0,59.3,26.3319,0.2356,20.0,0
7,150.8,75.0,17.7,14.0,31.0156,0.7377,35.656,0
5,127.1,56.6,37.3,14.0,31.3732,0.078,34.923,0
13,82.6,85.3,55.7,170.2,20.7061,0.433,35.819,0
0,142.1,71.0,36.4,14.0,27.0159,0.2511,25.498,0
13,99.7,62.9,20.6,32.1,0.0,0.4031,20.2459,0
5,99.0,99.6,9.1,128.6,26.1376,0.3439,53.6814,0
12,87.8,82.8,39.2,14.0,29.8217,0.6965,47.8319,0
7,126.5,75.1,27.6,341.1,0.0,0.078,20.0,0
4,120.0,79.2,27.5,115.4,38.6414,0.2837,36.4821,1
7,86.1,55.5,16.2,14.0,26.9064,0.078,43.7786,0
3,164.3,62.1,14.7,273.7,28.2174,0.5034,36.678,1
2,131.0,62.0,17.7,14.0,24.509,0.078,24.1161,0
6,107.6,76.2,0.0,89.5,22.2846,0.3596,47.2401,0
12,44.3,49.6,30.1,154.1,38.3436,0.5911,24.8777,0
13,101.3,84.2,34.3,14.0,40.1633,1.0043,35.5052,0
8,89.1,58.5,30.5,132.6,18.0,0.3863,34.8711,0
1,88.9,84.4,22.4,59.9,35.4404,0.0978,20.0,0
12,113.5,77.1,20.1,171.3,30.2703,0.9732,20.0,0
9,124.1,62.3,16.2,130.3,24.9819,1.0617,42.0054,0
8,137.5,64.6,45.7,271.3,37.6477,1.0268,22.1705,1
8,87.4,69.2,30.9,14.0,32.4692,0.1937,20.0,0
7,94.8,52.2,16.5,14.0,44.2263,0.3516,20.0,0
8,98.1,68.5,34.6,0.0,32.8273,0.1808,22.6826,0
2,98.6,66.6,10.6,194.3,29.1403,0.1502,29.0623,0
1,121.3,53.4,39.8,14.0,28.5623,0.3531,32.428,0
0,85.4,72.0,28.4,14.0,26.3283,0.3413,44.8941,0
10,103.2,70.9,12.7,144.7,30.4892,0.8735,36.0974,0
4,165.2,81.7,31.2,14.0,37.2509,1.0283,38.9474,1
1,98.7,60.6,37.7,323.6,48.9567,0.9209,40.7972,1
12,102.0,77.6,25.6,37.3,36.0963,0.4738,26.0673,0
3,164.9,0.0,31.5,148.0,45.7076,0.078,41.341,1
1,90.1,83.0,7.0,210.9,22.4346,0.4346,33.0277,1
0,132.9,80.0,53.2,14.0,34.4879,0.7958,22.0199,1
10,114.4,77.1,34.6,14.0,24.9393,0.5055,31.7256,0
8,96.0,77.3,12.5,14.0,41.5254,0.8134,25.5761,0
3,95.4,67.7,41.7,89.9,38.9811,0.886,46.0394,0
11,141.5,65.4,36.6,274.9,37.5969,0.5798,40.0082,0
0,175.2,83.4,30.9,14.0,43.2628,0.9237,20.0,1
5,126.4,71.3,7.0,467.0,29.3646,0.4518,20.0,0
4,89.5,83.5,26.7,93.8,34.3245,0.4373,45.8997,0
0,164.5,50.4,44.3,201.8,30.5717,0.2771,53.12,1
2,68.7,75.4,7.1,115.2,27.5285,0.9844,30.5202,0
8,116.0,58.9,12.1,0.0,35.9091,0.4309,26.6173,0
5,108.7,75.5,37.2,14.0,31.5805,0.078,32.9922,0
8,103.0,77.8,20.1,232.0,34.6164,0.1756,45.9471,0
8,120.0,71.4,14.3,36.8,37.5585,0.078,42.5798,0
5,167.4,75.2,33.4,299.6,33.7189,0.475,26.3128,1
5,135.1,53.9,27.4,14.0,34.098,1.1223,37.7068,1
12,72.3,66.3,20.3,14.0,30.5954,0.4055,45.7221,0
10,68.9,69.6,14.5,22.3,37.7007,0.6236,25.9972,0
13,58.5,67.1,26.6,14.0,19.6402,0.3137,27.848,0
6,125.8,95.0,16.9,14.0,18.0,0.078,23.0027,0
12,129.9,79.3,11.7,14.0,26.4577,0.6826,29.3582,0
9,121.4,58.1,27.6,188.6,25.9074,0.5818,24.9118,1
9,92.8,68.6,36.1,14.0,35.435,0.4849,47.2015,0
0,143.3,64.7,27.3,149.8,31.7235,0.3065,48.559,1
2,135.7,80.6,32.7,14.0,30.8381,0.1153,29.2904,1
8,131.6,68.8,36.8,14.0,0.0,0.3868,41.4691,1
7,169.2,84.4,28.0,42.2,38.613,1.0288,35.1942,1
2,149.5,84.5,7.0,208.0,0.0,0.555,43.8858,1
4,100.5,0.0,12.9,255.1,26.3478,0.6547,23.748,0
3,0.0,72.9,7.0,81.9,33.9641,0.2717,33.3487,0
6,116.9,69.3,24.0,14.0,0.0,0.9454,43.6772,1
8,183.0,74.1,15.3,14.0,44.9984,0.5183,51.5517,1
1,100.4,62.1,28.9,0.0,41.0726,0.078,53.0321,0
6,113.8,69.5,12.9,36.1,31.1267,0.331,31.8802,0
3,174.1,72.4,34.9,145.1,30.4162,0.5117,34.6363,1
6,154.1,69.8,25.6,396.0,29.1185,0.2673,42.7207,1
4,133.0,88.8,42.9,14.0,31.8682,0.6385,34.7618,1
9,116.8,88.2,16.0,290.1,28.4868,0.4859,30.3831,0
1,97.1,65.3,43.5,98.8,34.5566,0.6558,27.1473,0
3,127.5,102.8,27.4,14.0,18.0,0.078,52.6827,0
11,77.4,85.4,29.4,149.7,26.1235,0.2104,52.5992,0
6,174.9,73.0,44.4,122.3,35.5287,0.5606,54.4711,1
4,83.9,77.2,7.0,124.3,27.3696,0.1826,42.6205,0
2,183.5,47.7,7.5,14.0,38.8864,0.9285,47.9612,1
0,92.7,0.0,19.9,123.1,18.0,0.2386,45.8428,0
11,97.1,0.0,50.5,120.1,35.9425,0.9383,20.0,0
0,130.8,58.7,42.1,226.3,37.6637,0.4778,20.0,0
3,94.0,66.2,50.2,101.6,25.5132,0.61,30.1532,0
8,139.8,52.5,41.5,223.7,36.125,0.6672,20.0,0
9,104.0,54.9,14.9,71.4,39.2901,0.389,55.9418,0
12,97.9,74.0,30.2,108.9,32.3891,0.2902,37.7046,0
1,113.0,80.6,13.3,14.0,0.0,0.1605,20.0,0
13,116.6,96.3,28.6,24.2,28.2744,0.078,33.284,0
12,83.5,61.6,7.0,14.0,34.9011,0.5797,22.3665,0
3,90.1,56.4,24.2,14.0,22.1549,0.078,30.835,1
10,154.5,76.9,36.0,173.5,34.0011,0.2574,43.9336,0
2,109.2,88.0,34.8,126.9,31.6471,0.5394,40.8459,0
11,137.3,79.3,15.2,208.1,22.5339,0.3938,57.6465,0
4,79.7,98.7,16.2,142.1,20.0164,0.6024,33.1276,0
6,128.9,65.0,36.3,14.0,44.9104,0.3705,47.4421,0
0,0.0,83.4,38.5,14.0,28.3256,0.5585,21.7427,1
10,112.8,55.3,13.0,233.4,21.3224,0.078,30.4656,0
11,77.1,75.0,38.6,16.0,33.5588,0.3212,22.3736,0
5,172.1,92.5,31.3,193.7,43.5363,0.7257,38.3519,1
0,147.2,64.0,26.7,548.8,29.5805,1.0013,29.1347,1
14,106.9,78.4,26.9,43.5,33.8981,0.7838,20.0,1
11,128.9,82.1,17.2,128.2,0.0,0.8216,27.3505,0
0,81.9,74.3,26.4,270.4,26.4009,0.1888,34.724,0
10,117.3,71.0,37.7,80.9,25.6563,0.5436,20.0,0
4,166.1,99.5,50.3,427.3,24.7208,1.2803,46.1952,1
3,95.9,61.3,41.6,105.2,22.1747,0.4298,22.1659,0
3,166.4,77.4,53.7,318.1,0.0,1.1293,31.9835,1
1,120.8,56.0,25.2,116.4,26.7649,0.3616,43.5153,0
7,102.7,0.0,28.9,14.0,0.0,0.3244,37.0325,1
6,126.9,69.3,41.4,69.6,0.0,0.8151,20.0,0
4,139.6,57.5,48.9,14.0,18.4397,0.1144,20.0,1
12,96.2,77.9,11.7,216.1,39.037,0.4029,32.9895,0
11,90.5,78.5,7.0,156.7,33.1391,0.078,51.8801,0
11,111.8,50.1,7.0,14.0,33.9399,0.7592,38.2734,0
7,109.1,82.3,7.0,230.3,36.2474,0.5942,38.2305,0
3,86.3,47.9,7.0,73.0,27.576,0.4308,20.0,0
4,149.2,0.0,36.7,62.4,21.7266,0.6986,20.0,0
10,124.7,63.2,21.0,162.3,28.2261,0.3249,59.9611,0
7,127.6,60.5,47.9,205.3,21.5262,0.5318,23.9229,0
12,124.4,47.4,24.8,82.0,26.6934,0.2687,26.4245,0
0,113.2,71.6,7.0,160.4,19.157,0.368,22.78,0
6,129.9,75.9,22.1,63.0,29.8405,0.4225,51.9529,1
3,115.5,75.9,22.2,14.0,34.7197,0.3895,38.5933,0
9,105.7,0.0,8.0,14.0,27.921,0.3199,42.9824,0
7,117.1,66.3,0.0,52.9,18.0,0.3358,37.3703,0
6,95.3,58.8,55.7,49.5,31.9417,0.3171,33.1951,0
5,75.0,73.8,26.6,14.0,30.6693,0.5136,21.3823,0
0,143.7,77.0,34.3,127.3,29.1187,0.1332,20.0,0
1,133.9,65.5,7.0,14.0,19.7246,1.1719,33.5946,0
7,194.6,75.0,25.8,14.0,27.7577,0.6893,39.2183,1
0,173.7,81.1,21.5,14.0,27.871,1.1343,30.7571,1
9,93.2,77.4,34.5,131.0,32.7758,0.7898,20.0,0
0,112.4,81.9,15.1,14.0,32.773,0.5045,39.3615,0
8,115.2,35.3,36.9,81.1,29.0834,0.078,38.5011,0
13,79.0,63.5,30.8,43.9,33.6062,1.2353,39.2069,0
1,98.4,70.0,25.7,14.0,21.4563,0.5605,20.0,0
13,118.2,80.9,7.0,130.3,24.5973,0.078,35.6245,0
3,164.2,81.9,31.7,198.6,30.8848,0.892,32.9044,1
1,151.5,62.5,41.3,259.3,40.8716,1.292,37.1037,1
0,125.9,83.5,34.8,14.0,29.2936,0.18,28.4054,0
11,132.3,61.8,47.9,14.0,23.5705,0.078,28.474,1
9,82.4,59.7,31.7,58.9,18.0,0.4148,37.1536,0
11,80.8,68.6,22.7,96.7,27.1074,0.6386,52.4271,0
11,44.0,67.8,24.3,21.5,23.3647,0.4591,24.1696,0
4,115.2,76.9,9.4,14.0,25.1613,0.2851,24.4292,0
7,93.5,73.6,36.4,0.0,29.1173,0.3478,50.0917,1
9,127.8,56.9,35.9,36.7,35.0578,0.3953,25.8848,0
10,88.3,76.6,19.7,22.7,33.3655,0.9195,39.6637,0
9,82.5,69.9,14.6,209.0,36.864,0.2331,40.2358,0
0,91.7,69.6,28.4,101.9,38.4553,0.2979,30.3727,1
4,87.4,0.0,0.0,86.6,27.4113,0.4635,29.1392,0
1,76.8,72.8,16.8,157.2,0.0,0.1265,35.3308,0
11,183.3,79.2,21.9,62.9,18.0,0.4028,29.8918,0
6,65.2,72.6,9.3,53.1,23.0133,0.4186,35.7295,0
9,148.5,61.9,36.3,125.0,38.2977,0.6677,38.9892,0
11,0.0,82.2,25.1,51.9,39.5724,0.5838,42.0699,1
8,73.3,71.4,39.7,14.0,36.6052,0.2976,20.0,0
3,135.9,76.0,14.3,190.3,35.1085,1.138,21.1766,0
5,110.5,71.6,17.0,375.1,29.9182,0.3063,48.2714,1
7,156.9,85.4,20.7,14.0,44.0303,0.078,33.2727,1
4,175.5,65.3,50.2,14.0,39.3145,0.9077,23.8627,1
13,157.5,53.4,0.0,187.7,38.768,0.3616,34.5566,0
11,117.0,60.6,13.8,14.0,34.0949,0.633,52.5939,0
12,125.2,74.9,29.2,80.3,30.4418,0.449,32.334,0
10,125.7,53.1,17.3,175.8,0.0,1.1279,39.5945,0
1,142.6,63.0,26.9,29.9,41.308,0.2451,36.6026,1
4,74.7,75.2,7.0,176.6,31.9693,0.1345,29.7128,0
8,88.5,67.9,13.5,260.1,21.0684,0.5511,31.0862,0
1,127.9,91.6,18.9,14.0,43.6884,0.2915,27.653,0
6,129.3,81.7,0.0,0.0,31.3425,1.4892,24.4462,1
1,148.6,47.2,16.1,180.4,36.3148,0.2101,41.2681,0
0,93.9,0.0,20.6,14.0,18.6135,0.3067,20.2632,0
1,101.5,82.5,16.3,14.0,37.1517,0.078,21.0462,1
0,154.1,77.6,42.9,118.6,30.1413,0.9626,29.302,1
12,89.7,79.3,28.0,14.0,18.0,0.1908,39.0626,0
7,80.5,70.0,15.6,18.3,26.5312,0.2511,20.0,0
1,162.6,63.3,32.7,113.1,23.4642,0.5693,44.2126,1
6,143.1,87.9,30.7,220.9,33.854,1.1893,58.0148,1
7,103.2,63.6,41.0,22.5,25.2237,0.1983,35.8655,0
7,96.5,62.6,7.0,14.0,43.775,0.2716,34.4992,0
12,0.0,63.9,20.7,14.0,38.2811,0.4255,20.0,1
4,163.3,61.6,34.8,14.0,33.427,0.5466,20.0,1
1,110.0,57.9,17.0,14.0,37.0678,0.339,20.0,0
7,112.9,79.2,7.7,14.0,42.2962,0.2562,20.0,1
6,131.5,53.4,45.7,18.8,35.0485,0.5135,22.1826,0
13,178.7,78.8,35.6,14.0,36.9177,0.6466,43.9601,0
1,92.7,61.0,33.5,0.0,46.0488,0.4305,28.5069,0
2,133.3,85.5,17.8,14.0,0.0,0.0958,47.1154,0
1,83.4,94.3,19.1,0.0,41.6253,0.1009,29.4104,0
8,105.1,65.0,7.9,14.0,20.3388,0.078,35.9377,0
8,147.8,84.1,21.3,92.1,29.6938,0.9699,49.1991,1
3,80.2,60.4,8.2,77.8,32.7367,1.1236,20.0,0
9,117.2,80.0,35.8,14.0,25.8129,0.2607,32.4283,0
4,126.5,92.2,26.5,318.1,28.3385,0.4041,60.143,1
10,121.0,74.7,30.9,32.4,29.8636,0.529,20.0,0
0,98.2,87.4,37.4,78.2,26.522,0.3787,46.8255,1
5,116.5,64.0,42.3,128.2,36.3469,0.795,46.87,1
6,73.3,68.8,7.0,138.9,31.2672,0.078,34.7787,0
0,159.9,78.1,17.1,14.0,37.0243,0.5636,58.4327,1
7,68.2,72.0,24.1,168.1,36.3488,0.2033,20.0,0
3,175.1,0.0,14.3,14.0,32.1175,0.5996,42.2815,1
11,111.9,55.1,28.3,15.3,38.6973,0.7465,33.219,0
6,52.9,62.0,16.9,14.0,28.7092,0.4855,44.5468,0
5,140.3,86.6,19.1,90.5,42.8172,0.5364,30.2772,1
9,90.1,59.4,19.1,136.7,28.9831,0.508,20.0,0
5,111.0,73.4,7.0,0.0,46.8856,0.884,31.5468,0
13,65.3,50.6,22.9,108.8,37.7268,0.6451,29.3756,0
5,102.2,65.2,33.9,157.4,43.4151,0.2465,22.2383,1
2,136.7,56.6,31.9,68.4,30.3937,0.3244,27.7058,0
11,117.1,64.5,28.1,14.0,18.2672,0.527,37.8145,0
9,78.7,63.6,0.0,21.3,26.1904,0.247,20.0,0
5,134.1,71.7,51.1,21.9,39.1938,0.2609,25.4611,0
0,112.4,65.7,25.2,18.5,30.1582,0.8509,32.1361,1
13,74.1,69.8,14.0,116.9,31.4008,0.139,34.2375,0
0,149.0,68.0,0.0,115.5,31.7734,0.6193,24.9873,1
3,158.7,56.7,35.0,254.1,58.4324,0.7618,25.6969,1
7,131.3,83.6,53.9,14.0,18.9599,0.6559,52.4812,1
5,147.1,51.4,11.6,202.4,26.6848,0.6076,42.2694,0
1,135.8,58.6,7.0,48.5,33.314,0.444,25.2525,0
4,111.6,83.6,7.0,122.4,36.1509,0.078,24.8192,0
6,46.3,45.3,21.8,159.8,34.7944,0.702,56.5946,0
2,59.8,57.9,59.5,14.0,23.6252,0.5103,35.3956,0
6,123.0,61.2,7.0,249.1,21.1118,0.2612,53.8226,0
2,97.1,80.6,11.8,14.0,24.4054,0.7096,50.2016,0
5,119.9,74.8,18.6,110.2,27.0688,0.553,51.8576,0
3,166.3,88.4,45.0,14.0,33.8123,0.6833,40.9046,0
0,133.2,83.7,40.4,203.2,30.6561,0.2384,46.0395,1
13,131.1,0.0,7.0,14.0,24.8037,0.3744,31.3773,0
10,96.3,67.1,26.9,199.4,35.1489,0.4726,37.5072,0
0,63.9,73.6,9.0,14.0,28.002,0.6018,28.585,0
7,153.4,66.3,38.2,14.0,29.056,0.3919,39.7647,1
13,107.2,62.2,19.9,14.0,28.6433,0.4141,47.3396,0
13,105.9,75.1,18.0,144.7,41.9034,0.457,42.6104,0
9,90.7,69.5,0.0,14.0,30.5789,0.1943,45.4825,0
12,117.6,64.5,13.3,79.7,39.5988,0.4232,36.7137,0
2,155.5,75.5,41.6,0.0,29.0266,0.7194,35.6272,1
6,137.3,74.8,40.4,14.0,0.0,0.5586,23.4344,0
5,93.2,58.9,7.0,0.0,30.7885,0.3116,20.0063,0
0,98.1,70.7,40.4,14.0,28.5508,0.3575,35.2183,0
6,111.7,95.4,7.0,17.3,35.0471,0.4151,24.1979,0
8,176.1,45.5,12.0,92.3,21.6396,0.475,25.9321,0
6,131.2,75.0,32.8,189.0,38.4951,0.6872,38.1861,1
5,125.6,52.7,55.7,29.2,37.115,0.2993,37.4128,1
6,99.0,70.4,20.4,110.5,29.2766,0.2587,20.0,0
2,120.2,83.0,14.9,187.7,35.6272,0.078,43.3152,0
5,117.7,68.6,30.8,231.2,30.965,0.507,23.1289,0
12,97.2,77.2,7.0,194.9,31.293,0.659,20.0,0
3,144.1,78.6,44.2,14.0,27.1106,0.5467,37.2614,1
12,75.2,60.4,7.0,14.0,39.1648,0.5677,42.7631,0
4,139.7,74.2,20.8,14.0,30.4172,0.5457,37.826,0
1,96.0,61.8,0.0,174.2,30.1668,0.1682,32.7613,0
9,117.3,62.7,20.1,30.0,28.3826,0.078,20.0,0
10,131.8,49.8,7.0,69.7,0.0,0.4039,42.8661,0
4,104.4,58.6,22.6,134.2,42.8819,0.363,40.691,0
8,115.1,80.8,20.2,14.0,31.0535,0.9834,36.6571,1
2,137.0,91.0,34.0,158.9,38.2579,0.557,43.6993,1
10,95.9,75.9,26.4,24.8,18.0,0.0797,22.8583,1
10,132.9,80.6,35.4,333.2,32.3353,0.3696,32.3627,1
3,127.1,83.2,29.3,14.0,42.2226,0.8519,29.6904,1
1,133.8,81.8,7.0,0.0,37.1531,0.1813,46.6023,0
3,139.5,68.5,26.0,51.0,30.9712,1.3721,47.2122,1
12,145.0,82.0,29.9,73.1,21.2484,0.1598,53.044,1
0,96.0,72.7,26.6,124.7,30.3006,0.078,30.1371,0
10,98.7,62.7,15.9,38.6,32.2566,0.5889,32.3631,0
9,94.9,51.4,7.0,0.0,18.6902,0.078,45.5923,0
5,111.9,75.2,18.2,120.8,25.2758,0.3629,20.6461,0
10,87.0,70.1,0.0,78.3,32.4565,0.1052,24.3228,0
0,102.3,69.7,33.7,14.0,38.6368,0.1995,27.0519,0
8,137.4,70.9,38.2,14.0,29.7141,0.3125,33.5173,0
10,174.0,67.3,20.9,400.6,0.0,0.7674,43.9282,1
2,139.4,69.4,21.9,37.0,26.4867,0.4406,30.9413,0
7,108.9,66.9,12.8,124.4,30.2237,0.4241,20.0,0
12,60.0,63.6,8.5,42.8,27.7496,0.8279,39.9039,0
9,95.8,0.0,32.7,108.5,38.0524,0.9453,31.0896,0
6,154.7,78.2,31.3,157.9,49.105,0.2777,35.514,1
9,131.3,90.8,34.6,96.1,33.3069,1.07,20.0,0
1,133.3,73.7,16.3,61.7,41.3483,0.8946,26.8076,0
3,81.9,77.6,7.0,14.0,29.8766,0.078,36.6757,0
5,142.8,58.5,27.6,14.0,18.8954,0.7031,26.0526,1
13,151.5,72.6,7.0,14.0,24.5216,0.089,33.9491,0
0,184.6,64.4,48.9,123.7,30.2233,0.9238,31.348,0
11,83.0,74.0,26.2,39.3,25.9525,0.3992,28.7842,0
10,111.2,62.2,7.0,177.9,37.4667,0.6864,20.0,0
12,167.7,54.8,7.0,44.6,0.0,0.4783,42.4777,0
4,114.9,58.3,37.0,14.0,31.0071,0.4623,23.0002,1
10,180.6,73.9,48.5,116.0,31.6845,0.132,20.0,0
4,175.3,80.2,26.1,86.0,33.3652,0.7265,35.3798,1
5,150.5,94.5,15.3,229.8,30.4952,0.7549,44.9865,1
4,0.0,78.5,42.9,280.2,35.8555,0.5006,52.8079,1
2,102.9,105.4,34.1,121.1,33.1524,0.7896,62.3821,0
10,86.5,68.6,0.0,46.4,34.2685,0.3442,24.9811,0
11,0.0,92.2,11.8,60.1,23.8074,0.5062,35.9457,0
3,159.6,67.9,23.0,28.2,32.155,0.078,55.6137,0
10,102.8,93.0,14.0,14.0,19.1739,0.3686,28.8103,0
6,169.2,56.0,16.9,90.9,42.6366,0.078,33.6606,0
0,187.8,79.2,32.4,115.3,30.5707,0.9106,50.5718,1
12,82.0,55.1,0.0,14.0,28.7692,0.8973,20.0,0
7,101.6,49.3,29.7,43.0,29.5121,0.423,37.1455,0
3,153.4,60.2,23.2,14.0,43.5578,0.5805,52.8003,1
2,134.6,77.6,30.0,14.0,43.6636,0.5609,43.2087,1
5,91.9,72.7,32.7,209.0,34.2296,0.5034,44.7319,0
8,127.6,87.5,54.2,41.4,30.2257,0.6749,27.584,0
3,124.1,90.3,45.5,14.0,21.0343,0.6447,26.3016,1
8,205.8,89.5,32.6,0.0,27.8818,0.5376,39.7026,1
5,183.4,57.5,29.5,65.7,26.9524,0.4326,41.8392,0
2,139.3,67.1,27.7,14.0,30.7658,0.2027,34.168,0
7,151.1,84.5,19.9,14.0,35.2457,0.8022,33.8825,0
7,120.7,61.5,52.1,162.6,33.1267,0.1909,20.0,0
10,109.9,75.7,16.4,117.6,28.4038,0.5689,20.0,0
0,0.0,49.0,43.3,225.8,31.6771,1.2421,48.5638,1
0,149.8,66.1,43.6,14.0,37.8761,1.0029,20.0,1
1,94.2,65.7,18.8,19.3,39.8121,0.1917,20.0,0
0,115.7,77.2,33.3,14.0,25.6701,0.078,48.5045,0
0,0.0,74.0,43.6,14.0,32.5789,0.655,22.3351,1
13,81.6,60.6,15.4,271.3,44.8572,1.0256,24.7174,0
11,91.1,66.7,40.3,124.7,35.5066,0.2329,50.9224,0
8,196.9,56.1,21.6,14.0,33.5579,0.3488,30.0538,1
5,145.8,79.4,26.9,234.3,31.1028,0.6934,26.3231,0
12,127.7,82.7,7.0,72.3,29.4863,0.0915,40.9351,0
5,92.1,57.9,17.6,171.5,26.1778,0.6064,24.0136,0
10,95.8,84.5,14.5,207.9,34.2337,0.2738,35.181,0
10,87.5,70.7,33.7,14.0,43.3636,0.3188,40.344,0
1,137.0,61.5,22.9,48.8,34.3789,0.1679,33.8454,0
13,93.5,74.2,17.6,51.2,27.9825,0.8646,24.5048,0
8,47.8,59.9,23.8,14.0,37.9977,0.5973,40.7007,0
6,137.9,78.2,14.9,152.5,32.0768,0.4605,45.6738,0
12,125.3,56.0,30.3,145.0,35.9412,0.457,33.2725,0
0,152.4,72.5,26.2,14.0,37.2945,0.5416,38.5815,1
1,146.1,79.4,33.3,180.0,43.5549,0.3464,49.8774,1
1,83.1,0.0,35.3,58.9,35.3144,0.078,48.1629,0
4,181.7,79.6,23.6,46.8,25.4741,0.078,54.0242,1
4,120.1,80.4,13.1,125.8,32.7134,1.2953,36.5508,1
5,122.7,75.8,22.6,14.0,44.8156,1.2458,31.3878,1
6,146.8,71.1,15.2,150.5,22.2619,0.078,38.9264,0
13,75.5,81.4,7.0,94.7,26.6551,0.1742,22.4031,0
5,155.1,96.4,14.8,96.6,29.3643,0.078,59.0993,0
6,117.7,59.8,24.4,14.0,32.0175,0.0887,58.2362,0
5,123.8,58.4,33.0,38.9,42.4178,0.2333,41.7481,1
8,82.7,77.5,16.2,39.5,24.5171,0.2822,37.4324,0
5,122.9,52.0,25.6,14.0,18.0,0.223,49.6424,0
0,138.6,59.1,8.1,14.0,28.6342,0.5772,31.4401,0
1,131.9,75.9,16.2,159.3,26.3705,0.4614,52.9025,0
1,61.5,64.3,44.5,78.3,33.8919,0.6958,38.1784,0
9,111.7,89.4,7.0,191.1,31.4294,0.1721,31.3845,0
6,76.1,85.3,33.6,20.7,43.837,0.5746,39.3862,1
4,176.6,88.7,31.2,281.6,26.3572,1.3798,20.428,1
3,166.2,84.2,34.6,58.2,29.2255,0.078,20.2703,1
11,107.2,62.8,0.0,93.1,0.0,0.2254,35.1703,0
3,89.4,88.3,20.6,142.6,37.4045,0.2936,25.2721,1
13,147.5,68.8,7.0,69.1,32.4161,0.5926,20.3846,0
2,135.6,65.2,7.0,183.4,22.7391,0.6331,30.5061,0
6,127.8,78.9,27.2,47.8,27.0962,0.3001,20.0,0
8,111.1,79.0,34.4,160.0,27.6964,0.4949,37.8349,0
13,99.4,79.3,9.5,14.0,34.8778,0.2241,40.0305,0
6,123.2,51.0,28.3,14.0,21.7716,0.4732,33.4043,0
5,0.0,74.9,47.7,401.3,36.8556,0.5064,36.5889,1
7,122.9,77.0,16.6,141.4,22.6462,0.078,38.0617,0
12,117.1,63.1,22.0,195.1,18.0,0.7866,46.2378,0
10,70.9,91.9,26.8,14.0,34.1321,0.8655,20.0,0
5,107.0,76.9,41.7,16.0,29.8263,0.2259,27.4203,0
3,118.6,58.6,15.5,26.2,34.5754,0.7078,38.951,1
9,207.5,66.4,31.5,14.0,50.5426,0.1266,32.4609,1
6,0.0,61.9,40.9,0.0,36.9647,0.4598,39.208,1
11,113.6,65.2,15.0,64.3,29.9033,0.4372,27.4504,0
10,0.0,73.8,0.0,133.0,21.3309,0.078,43.702,0
3,90.8,65.0,26.4,14.0,41.847,0.078,21.3063,0
1,126.5,78.5,15.0,98.9,25.4452,0.4203,20.0,0
4,226.5,66.8,34.9,115.7,26.7372,0.9573,39.8835,1
3,120.6,94.8,50.8,237.0,37.7691,0.5264,27.1314,1
0,62.9,70.0,7.0,14.0,29.6147,0.4266,29.946,0
12,49.3,61.6,20.0,38.9,30.0695,0.6359,20.0,0
0,138.4,83.0,17.2,21.7,29.4614,0.4856,22.6823,1
0,136.1,50.2,23.2,154.3,29.0978,0.7004,29.8603,0
6,151.8,105.3,41.1,23.7,35.9859,0.325,48.3141,1
3,180.1,71.8,43.9,215.6,35.1695,0.8707,50.7574,1
8,147.7,70.1,11.0,118.2,32.3381,0.2393,20.0,0
6,170.3,65.7,53.6,77.4,22.2814,1.128,24.5411,1
10,0.0,85.2,32.0,142.4,27.6401,0.4007,29.4582,0
8,120.2,65.9,36.4,45.6,24.852,0.4663,38.3282,0
8,112.1,76.4,32.1,128.1,24.315,0.2454,25.392,0
2,111.7,74.7,0.0,14.0,35.9805,0.5889,28.8416,0
10,56.4,69.7,28.8,14.0,41.604,0.6687,29.5756,0
2,94.9,54.6,7.0,81.1,31.11,0.5296,22.5853,0
4,99.5,77.9,46.6,14.0,39.0666,1.0208,20.0,1
6,115.2,65.5,37.9,94.9,41.0591,0.589,32.5246,1
6,0.0,73.5,0.0,30.6,26.6987,0.1602,20.0,0
3,86.1,64.7,7.0,314.1,31.2593,0.9172,20.0,0
0,91.9,74.8,10.4,95.9,26.8482,0.5294,21.2104,0
1,130.0,62.1,7.0,114.1,22.0838,0.5786,34.8991,0
1,156.8,76.2,36.2,82.3,32.738,0.8354,26.622,1
3,117.2,65.3,7.0,51.0,27.3548,0.9492,20.0,0
7,112.5,49.3,7.0,50.0,28.8002,0.078,21.992,0
1,136.7,82.4,7.0,49.3,26.291,0.2905,31.3923,0
8,147.2,68.9,32.2,314.1,32.4423,0.6799,51.1008,1
0,101.4,34.4,15.0,90.2,23.1397,0.162,20.0,0
11,81.5,58.1,7.0,114.2,27.2265,0.832,28.0211,0
0,206.1,76.5,0.0,0.0,40.0017,0.078,30.8849,1
11,154.6,68.3,7.2,120.8,24.5982,0.5623,36.306,0
11,94.7,81.6,7.0,0.0,18.0,0.6735,43.3094,0
3,110.0,82.1,25.4,179.0,39.3717,0.5896,51.5387,1
4,151.2,67.9,45.3,179.7,41.1094,0.078,32.8679,1
13,61.4,83.9,19.2,97.3,0.0,0.078,43.465,0
12,142.5,74.1,27.7,175.3,23.4633,0.2439,27.1856,0
9,102.3,61.9,25.0,226.2,32.7694,0.3665,33.3712,0
11,139.4,67.8,29.3,38.1,24.3895,0.6036,43.581,1
13,91.0,62.7,23.1,29.0,20.5844,0.1758,32.3624,0
0,119.9,63.4,27.0,122.6,33.2821,0.4132,20.7825,0
6,116.4,98.0,29.9,231.4,37.7052,0.59,54.5506,0
12,97.9,44.8,7.0,54.3,46.7736,0.078,50.3711,0
3,101.1,64.5,52.6,26.2,22.2122,0.2376,34.9424,0
12,76.8,90.2,22.0,157.7,0.0,0.4567,45.8199,1
13,118.4,66.4,30.5,246.6,29.6491,0.546,42.8911,0
4,0.0,59.9,18.0,164.4,46.7642,0.3694,49.9161,1
5,136.4,81.9,27.9,100.4,44.899,0.078,46.4366,1
10,113.9,80.3,31.6,14.0,18.0,0.4765,35.8318,0
11,124.5,67.3,25.8,78.3,21.9094,0.3757,20.0,0
10,132.4,80.4,33.9,135.4,20.7449,0.8058,21.25,0
8,144.6,74.3,26.5,24.3,25.2145,0.7571,20.0,0
10,149.6,84.1,37.3,14.0,35.8502,0.2798,34.4143,1
1,108.5,70.7,7.0,34.0,36.4838,0.3801,30.5023,0
11,121.3,73.7,32.4,189.0,19.8469,0.078,57.0501,0
0,192.5,95.3,35.9,242.6,39.287,0.6835,35.8635,1
11,120.4,75.5,12.5,47.4,18.0,1.0503,39.13,0
1,61.4,54.3,0.0,110.2,37.8975,0.608,34.341,0
1,123.2,69.5,24.9,72.6,34.2156,0.3917,38.0453,1
11,136.0,63.4,7.0,206.9,30.3468,0.5548,34.0711,0
1,85.0,80.4,22.7,152.9,25.535,0.2266,30.6085,0
9,0.0,85.8,43.1,14.0,29.1036,0.27,26.296,1
7,109.5,68.4,38.0,239.2,34.7077,0.7891,20.8416,0
12,51.6,58.1,51.1,119.6,34.332,0.2549,42.9426,0
10,61.9,56.9,18.2,211.8,26.5727,0.4314,20.0,0
4,124.5,68.1,28.5,14.0,32.8964,0.9551,52.2066,1
2,186.9,79.4,7.0,324.6,26.4281,1.0606,27.578,1
2,162.5,62.2,44.9,134.2,29.7416,0.5774,22.8218,0
2,132.8,86.1,7.0,14.0,38.7268,0.6016,22.503,0
2,108.2,52.9,28.7,20.0,26.4242,0.75,30.1472,0
10,106.5,68.7,21.7,14.0,20.2547,0.2319,20.0,0
6,214.7,66.0,14.3,17.5,35.6007,0.1488,20.5197,1
4,112.0,74.2,39.6,15.5,33.8776,0.078,65.4294,1
8,81.0,76.0,7.0,14.0,19.1109,0.7196,40.0737,0
10,62.8,75.6,34.4,67.2,51.9218,0.7175,24.7142,0
6,107.5,68.9,44.3,125.1,36.9583,0.6071,40.1623,0
1,57.6,61.9,31.2,14.0,33.6607,0.8143,33.5976,0
2,143.0,65.1,7.0,230.9,29.1871,0.5953,29.3209,0
13,92.7,60.8,18.3,126.5,30.363,0.2649,20.0,0
3,192.7,81.0,27.7,14.0,43.7353,0.6092,37.364,1
11,63.7,59.8,27.8,14.0,37.1383,0.0871,25.9928,0
15,179.3,73.3,47.8,186.3,43.2688,0.078,27.179,1
5,79.3,65.5,55.1,82.0,37.6273,0.7211,34.2225,0
10,119.5,85.8,10.3,49.2,18.0,0.2567,20.0,0
9,103.8,80.9,34.5,216.1,19.9015,0.2109,30.2463,0
11,132.7,64.3,42.4,14.0,30.8399,0.4441,34.6261,0
4,206.8,80.5,43.3,14.0,38.5578,1.0567,52.6532,1
0,151.4,67.1,11.0,328.6,42.8761,0.9899,33.2289,1
10,122.5,63.7,20.2,17.9,31.3346,0.624,24.7331,0
3,187.3,84.1,20.0,14.0,41.2536,0.4252,33.9955,1
7,72.7,62.6,18.3,128.4,18.0,0.8932,20.2157,0
4,55.0,81.6,14.1,70.5,27.1754,0.2879,46.7857,0
6,62.4,59.2,47.2,111.8,32.7811,0.5672,42.0352,0
5,154.9,88.5,30.6,200.0,28.6142,0.7527,50.8268,1
8,135.9,86.7,26.3,24.4,25.6884,0.9271,40.0709,1
0,136.0,63.4,21.6,142.3,36.8674,0.0901,30.0909,0
1,90.5,76.4,12.4,14.0,29.7356,0.7149,36.1557,0
2,81.3,52.7,28.9,113.5,33.1422,0.078,20.0,0
6,120.3,58.0,21.5,14.0,21.9418,0.4888,20.3785,0
7,117.9,73.5,16.5,60.6,20.616,0.5217,51.302,0
7,81.2,78.3,28.3,121.8,41.8079,0.8951,43.1425,1
3,117.2,74.3,16.3,21.1,27.3688,0.078,27.5396,0
7,115.8,62.7,45.6,103.4,31.8257,0.078,28.3856,0
11,113.9,75.2,19.3,0.0,30.4909,0.3882,26.6787,0
4,117.2,64.1,31.1,0.0,24.9196,0.6822,33.3734,0
6,110.3,55.4,7.0,231.0,27.458,0.8722,56.8578,0
4,127.3,98.5,57.8,70.4,29.5964,0.6501,33.1893,0
11,100.2,61.6,7.0,250.4,19.9745,0.706,37.2147,0
5,97.2,65.5,42.8,178.8,35.0017,0.4699,20.7991,0
1,115.8,72.3,18.9,108.1,45.4033,0.2619,28.6694,1
9,187.9,65.8,28.7,281.9,44.1464,0.078,51.1693,1
4,163.8,68.0,34.5,220.1,51.1322,0.8685,30.2992,1
5,130.3,68.9,18.9,14.0,22.7782,0.2339,45.7925,0
1,94.2,67.5,0.0,14.0,32.0741,0.6207,20.0,0
0,0.0,86.1,12.1,45.6,25.6885,0.4977,22.9184,0
11,100.7,73.4,16.0,14.0,31.312,0.4914,39.216,0
2,124.6,73.9,28.3,14.0,31.7254,0.1028,31.0765,1
13,105.6,58.5,19.5,65.8,19.6573,0.3246,49.1705,0
3,52.8,45.8,32.5,267.5,29.0691,0.3227,20.0092,0
1,138.9,66.8,27.6,47.0,31.9535,0.078,22.4866,0
10,110.3,71.9,12.3,135.5,38.5526,0.6245,25.4307,0
0,121.9,88.2,32.3,232.9,33.3562,0.3772,32.678,1
9,44.0,62.3,16.2,124.8,20.6721,0.3008,40.3904,0
10,97.9,95.9,0.0,0.0,22.8411,0.3688,20.0,0
8,151.9,73.0,7.0,14.0,31.5846,0.078,49.2029,0
7,139.7,53.4,21.2,14.0,36.2041,0.4338,41.2488,0
13,107.7,70.0,29.1,14.0,31.8735,0.5967,43.0548,0
1,109.9,66.9,8.4,14.0,27.383,0.4092,49.3408,0
11,113.8,53.4,42.8,88.0,18.0,0.4579,58.1677,0
6,107.0,71.5,0.0,14.0,28.7547,0.4514,53.5766,0
1,181.5,74.7,34.0,178.2,27.776,1.2153,46.4569,1
6,121.9,85.5,24.2,155.4,19.544,0.078,43.5237,1
7,105.3,63.5,35.5,131.7,33.8691,0.1453,20.0,0
7,0.0,59.5,35.2,162.5,0.0,0.078,28.7089,0
10,111.8,74.4,28.6,14.0,34.7021,0.078,20.7611,0
6,123.3,73.2,17.8,53.0,26.4803,0.2392,24.1152,0
5,141.6,78.4,31.0,14.0,36.1075,0.4082,43.3336,1
6,68.3,76.7,25.4,190.8,18.2337,0.6744,37.427,0
12,128.0,41.2,17.2,143.0,0.0,0.1877,20.7415,0
2,107.0,94.0,18.3,57.5,36.4183,0.4937,48.0486,1
12,65.1,58.5,27.5,15.6,19.3814,0.6358,36.9316,0
4,176.3,63.9,51.7,213.4,31.4322,0.6589,55.9628,1
0,175.7,81.7,35.0,357.0,34.5581,0.4117,41.2509,1
6,120.2,77.0,15.7,57.9,46.6587,0.814,48.1928,0
7,92.9,61.5,7.0,0.0,38.1386,0.3553,33.0146,0
2,136.6,68.4,27.4,14.0,27.9081,0.3305,52.0533,0
2,141.8,62.5,22.1,14.0,35.0384,0.4121,20.0,0
5,111.2,90.0,25.9,183.2,0.0,0.7637,30.7525,1
7,102.0,73.1,22.3,114.4,37.9962,0.5309,49.7856,0
2,102.1,89.7,33.4,298.4,41.0318,0.7918,20.0,1
1,149.4,86.8,23.4,67.9,51.0061,1.0327,28.1721,1
3,114.4,74.4,8.7,14.0,0.0,0.7055,26.3983,0
0,127.3,69.9,23.7,133.0,34.5787,0.1339,20.0,0
9,96.0,43.5,20.3,24.4,22.816,0.5473,24.9898,0
12,118.0,0.0,7.0,19.4,26.9538,0.3391,30.5718,0
0,88.9,60.8,19.2,14.0,28.8633,0.8392,49.0058,0
10,96.2,0.0,12.9,179.7,29.6479,1.0038,38.388,0
9,173.3,81.9,22.4,30.4,30.1633,0.4371,56.4688,1
10,118.0,60.0,0.0,14.0,25.3255,0.3479,37.2225,0
2,124.4,53.5,38.1,72.3,33.8617,0.6997,20.4888,0
1,147.7,48.9,27.6,113.8,31.4987,0.2434,41.4449,1
6,123.1,60.8,7.0,84.5,40.461,1.175,23.4137,0
0,84.0,61.3,7.0,210.4,27.27,0.6374,20.0,0
10,132.1,72.9,7.0,135.7,29.8363,0.6053,39.7723,0
5,127.3,65.2,30.7,93.6,36.3191,0.078,38.8639,0
11,120.9,62.4,7.0,137.7,30.0491,0.3211,26.8701,0
4,135.2,61.1,29.2,110.9,24.9316,0.078,34.7843,0
10,125.7,46.5,7.0,49.5,33.2734,0.8273,42.1206,0
4,90.0,75.7,12.6,62.0,32.4504,0.078,20.0,0
6,95.9,56.7,42.2,92.9,32.593,0.2611,34.0877,0
2,126.2,57.4,7.7,35.8,18.0,0.3483,30.3175,0
0,113.7,62.1,28.5,14.0,34.5113,0.1,46.6388,0
3,122.2,75.7,7.0,14.0,35.0641,0.3488,41.4652,0
5,130.8,66.0,45.0,173.9,41.7537,0.8886,29.559,1
12,138.4,74.3,21.4,28.0,34.4713,0.2531,49.6658,0
0,118.1,82.8,7.0,20.5,35.3278,0.4892,28.7998,1
2,111.5,56.6,20.9,280.4,22.3314,0.6652,20.207,0
12,146.8,87.9,23.9,14.0,23.0564,1.0672,24.671,0
1,138.2,86.6,18.8,195.4,42.834,0.3457,20.0,0
1,139.6,79.0,41.5,121.3,23.0706,0.481,20.0,0
3,0.0,70.4,39.9,14.0,38.6401,0.3597,35.2688,1
2,77.0,66.8,7.0,14.0,22.279,0.2554,48.3271,0
8,123.3,60.3,0.0,207.0,35.4152,1.001,40.8057,0
1,124.4,65.1,28.1,52.8,32.0603,0.078,31.8375,0
4,124.6,71.9,42.6,360.2,26.5455,1.2549,31.0241,1
8,138.7,83.7,20.7,85.2,43.5225,0.5605,29.6179,0
6,99.5,67.8,24.3,0.0,0.0,0.1866,23.7043,0
6,140.0,80.7,35.3,14.0,36.004,0.8544,30.8417,1
8,118.7,74.8,7.0,49.6,39.329,0.3567,28.6808,0
6,130.1,84.8,7.0,167.3,20.9184,0.3732,53.5293,0
5,88.7,62.6,11.8,50.4,21.8388,0.6873,20.0,0
3,104.4,58.5,35.4,15.5,31.3807,0.078,56.2013,0
0,121.8,88.2,55.1,14.0,20.4507,0.2138,40.8226,1
3,141.4,60.6,21.2,27.5,37.3772,0.7896,35.8651,0
11,109.0,71.6,0.0,151.7,18.0783,0.078,40.6192,0
6,160.9,79.0,21.7,14.0,38.7537,0.078,55.9478,1
7,109.0,72.9,17.2,26.6,31.6867,0.6729,20.7928,0
0,80.8,73.6,30.3,193.6,36.8659,0.5099,57.5199,1
1,93.3,58.5,7.0,14.0,24.9382,0.078,29.1225,0
10,61.6,53.6,7.0,184.7,29.76,0.078,37.5936,0
0,145.1,94.9,28.0,191.2,31.2422,0.7256,20.0,1
12,151.7,86.5,48.4,14.0,30.5945,0.7785,20.4184,0
8,100.1,46.2,32.0,99.9,41.4632,1.2636,20.0,1
4,68.0,79.3,10.7,54.8,25.5,0.381,33.7521,0
8,96.6,61.8,21.1,123.8,25.8589,0.452,26.2047,0
1,179.3,93.0,11.3,334.0,32.8339,0.9721,24.1253,1
9,137.2,70.7,19.4,70.1,33.5403,0.4652,20.0,0
7,155.0,93.3,35.8,14.0,28.463,0.2534,20.0,0
2,121.7,59.7,7.0,136.5,32.4457,0.3546,47.3831,0
7,113.1,0.0,30.6,107.9,25.9024,0.6224,44.2376,1
0,166.1,64.4,42.0,29.0,48.1398,0.9333,50.5785,1
4,133.7,91.8,65.3,129.5,38.3299,0.8118,20.0,0
13,80.8,102.1,41.0,107.9,28.9658,0.078,27.7154,0
11,98.7,63.5,21.5,14.0,27.8861,0.4359,23.0819,0
1,126.5,55.1,12.7,0.0,18.0,0.2724,34.5481,0
0,125.3,71.4,34.8,14.0,29.6068,1.1059,52.0844,1
6,161.2,74.4,20.3,14.0,30.9124,0.8444,32.8366,1
0,170.9,72.5,0.0,42.6,30.7225,1.3034,48.9683,1
7,112.4,74.7,32.9,53.5,36.6969,0.4938,40.3878,1
0,64.6,70.3,34.5,56.4,21.8972,0.8802,23.3764,0
9,149.5,57.3,14.9,324.9,39.1486,0.4822,22.1752,1
0,85.3,61.6,45.9,147.0,31.3643,1.015,56.6293,0
11,120.3,66.2,19.1,165.7,27.1617,0.662,29.3699,0
7,87.0,66.8,7.0,14.0,29.4636,0.3467,20.0,0
6,97.3,61.7,0.0,146.0,27.6474,0.1203,33.7109,0
8,89.5,78.3,42.4,31.0,25.4488,0.078,31.5531,0
7,142.0,65.4,7.0,14.0,38.4262,0.4487,36.5206,0
6,131.5,63.3,38.7,57.4,28.1269,0.4076,20.0,1
10,146.3,70.1,7.0,123.5,21.7979,0.3205,20.0,0
4,148.9,79.0,27.8,14.0,40.5531,0.1646,59.0541,1
6,156.4,69.1,22.8,14.0,32.8759,0.4654,37.2288,0
2,156.6,56.8,47.3,14.0,25.1173,1.0122,47.6932,1
1,123.5,65.5,57.4,122.6,21.8832,0.1827,41.3036,0
3,125.5,78.7,0.0,14.0,0.0,0.4152,35.8877,1
1,64.1,55.8,31.7,0.0,19.965,0.6508,25.7666,0
7,133.0,81.4,45.7,122.0,30.6603,0.1604,37.2868,1
0,163.3,73.5,31.6,81.0,31.3169,0.6573,26.7403,1
5,145.3,64.4,27.2,14.0,37.1597,0.5957,24.1336,0
6,117.0,78.7,41.2,14.0,30.0605,0.331,20.0,1
6,111.5,62.2,7.0,14.0,29.1251,0.1851,44.914,0
6,91.6,81.9,20.8,139.5,48.7839,0.5953,20.0,0
0,159.0,104.0,37.0,14.0,30.9301,0.9494,39.3811,1
4,80.3,43.7,49.1,30.5,25.8625,0.7622,38.4844,0
5,96.1,55.4,40.8,142.2,47.4134,0.9871,29.9313,0
0,144.5,73.7,33.8,45.8,34.4819,0.6279,42.7827,1
12,102.7,66.6,24.2,63.9,32.3914,0.4395,20.0,0
6,168.8,69.9,24.7,370.1,36.1598,0.8512,35.5306,1
9,105.0,74.4,11.7,36.1,48.1777,0.3139,44.3569,1
2,69.5,54.9,28.2,14.0,29.4037,0.2794,30.536,0
11,116.2,76.6,7.0,77.8,34.1513,0.5873,25.4051,0
2,0.0,84.8,39.7,161.4,18.1036,0.3267,32.8738,0
2,108.0,83.4,22.4,185.3,37.5,0.3642,31.2311,0
4,141.4,78.9,37.5,227.6,38.3361,0.4607,49.6676,1
13,116.5,0.0,7.0,14.0,23.1597,0.4624,20.3804,0
3,146.6,73.0,40.2,30.2,21.2129,0.4588,24.391,1
5,135.8,74.5,43.5,173.7,43.7726,0.3805,33.1081,1
8,79.0,58.8,0.0,14.0,25.8008,0.2913,20.0,0
4,157.6,79.5,43.7,143.5,37.6166,0.3346,33.4835,1
13,160.5,73.6,7.0,14.0,0.0,0.078,49.449,0
10,132.4,86.6,29.5,135.1,46.1838,1.5228,38.3579,1
11,117.9,66.6,22.1,246.3,28.6307,0.1712,43.3233,0
5,106.9,63.1,36.9,14.0,26.1237,0.6654,24.2826,0
6,148.6,75.8,30.9,61.0,32.3492,0.6451,46.6176,1
11,137.6,91.7,24.5,0.0,32.2253,0.2936,39.5829,1
4,146.6,66.7,49.3,14.0,36.9608,0.6314,33.1502,1
2,119.6,61.2,18.2,59.4,28.1423,0.7523,28.5189,1
5,133.7,65.9,30.6,14.0,39.019,0.4921,31.164,1
0,0.0,67.0,21.8,14.0,32.362,0.078,51.1333,0
10,175.8,85.2,39.0,90.1,40.2504,0.6502,24.3294,1
13,150.7,73.3,56.9,50.0,29.4118,0.2788,42.5224,0
5,0.0,80.3,25.5,149.5,36.9336,0.078,39.4856,0
1,116.3,50.3,7.0,16.8,28.4502,0.5823,39.3697,0
9,145.9,75.5,8.4,14.0,40.1328,0.1087,24.8769,0
7,158.5,80.7,38.6,61.7,39.2678,0.2571,24.5971,1
10,108.8,77.1,13.3,215.9,28.7728,0.9335,36.7618,0
13,84.1,66.5,7.0,14.0,34.4244,0.371,27.0188,0
12,103.2,67.1,24.7,206.6,22.6812,0.5581,21.1665,0
0,130.6,47.9,36.2,189.6,27.5225,0.2911,26.863,1
9,129.4,74.0,19.7,14.0,45.3656,0.9747,36.4849,1
3,122.5,75.3,8.4,14.0,28.8394,0.2664,25.5551,0
0,132.8,70.4,17.9,49.9,26.6233,0.2276,40.5505,0
3,157.8,70.0,13.6,122.0,38.9673,0.7801,34.5022,0
3,143.4,67.8,48.3,320.8,33.3314,0.9025,42.5895,1
0,98.2,65.5,37.4,190.4,38.3264,0.3639,42.6876,0
0,192.8,74.7,45.9,166.5,29.3963,1.067,40.7565,1
10,148.8,72.3,21.2,175.8,41.7372,0.2284,20.0,1
9,47.8,49.5,11.3,198.5,0.0,0.5355,20.0,0
4,158.1,0.0,7.4,14.0,44.3945,0.078,44.9281,1
11,93.4,71.4,24.8,17.1,32.0032,0.3356,37.0219,0
6,137.3,71.1,0.0,14.0,39.8429,0.078,25.0282,0
3,122.6,88.5,26.1,115.0,28.3589,0.0823,35.8897,0
13,101.0,68.1,7.0,230.1,35.6181,0.2245,55.2837,0
3,140.1,80.3,32.3,76.8,40.159,0.6235,51.2858,1
13,82.2,55.9,7.0,68.1,36.1612,0.6922,31.8588,0
5,144.9,104.7,25.5,0.0,41.5429,0.6259,22.375,1
3,98.2,77.3,10.5,34.2,30.9386,0.2672,49.6587,0
7,154.4,80.6,50.1,80.7,32.1532,0.882,40.0659,1
2,67.8,93.3,12.2,14.0,26.3634,0.4151,49.0136,0
7,104.2,71.8,7.0,137.6,44.4025,0.3176,43.805,0
4,139.0,82.1,37.7,34.3,53.7877,0.078,32.2659,1
10,105.6,58.4,16.6,14.0,29.4321,0.4192,47.4056,0
6,130.1,62.2,13.3,143.5,33.2535,0.5164,35.8291,0
4,81.4,74.3,16.1,66.8,43.68,0.4474,21.179,0
4,125.8,0.0,40.5,101.3,39.281,0.78,30.9709,1
7,153.9,68.0,13.1,89.8,0.0,0.4502,26.989,0
8,154.0,70.8,34.6,14.0,27.987,0.078,52.086,1
1,162.7,84.9,44.5,284.5,35.4848,0.0928,33.5903,0
7,151.8,80.6,45.5,296.7,37.0255,0.3478,20.0,1
2,133.2,76.6,34.4,181.9,25.9189,0.3898,40.1386,1
5,121.6,65.5,11.7,49.8,34.2874,0.2332,34.2663,0
3,127.2,78.5,30.9,83.5,33.1428,0.3666,20.0,0
8,145.3,96.2,40.0,277.7,26.8294,0.078,34.4671,1
4,129.1,61.9,22.2,0.0,31.2096,0.1387,20.0,0
0,207.1,64.8,25.6,14.0,45.1376,0.2764,44.4041,1
3,148.4,68.6,24.9,14.0,37.427,0.4121,29.5415,1
7,142.7,64.7,30.9,158.6,41.318,1.1519,20.0,1
11,0.0,72.7,15.7,14.0,30.2154,0.8885,34.7337,0
6,142.8,74.1,41.0,218.1,32.0616,0.078,23.6281,0
9,110.3,0.0,14.6,130.9,27.2489,0.4854,41.5347,0
2,142.9,75.1,10.8,176.2,32.8468,0.6782,25.2078,1
6,159.4,62.4,37.9,35.9,40.6701,0.4605,20.0526,1
11,107.4,76.1,10.0,14.0,18.0,0.4156,29.7699,0
13,127.9,55.2,34.9,14.0,40.4865,0.6263,25.0282,1
5,88.5,80.6,12.0,51.5,24.6597,0.078,22.0359,0
10,125.7,64.2,50.5,14.0,37.6427,0.8116,53.9116,0
3,177.6,85.3,7.0,457.3,36.2826,0.2428,41.2844,1
8,141.2,84.4,40.0,14.0,33.3032,0.2598,20.5129,0
0,109.8,67.8,32.7,139.5,31.1354,1.2788,28.894,0
7,92.3,78.3,39.5,74.0,28.6741,1.0958,45.2535,1
6,220.8,78.5,17.5,88.8,27.4713,0.592,48.621,1
4,104.9,45.1,7.0,205.2,47.0397,1.0732,20.0,0
10,92.2,70.1,7.0,198.3,29.4029,0.1955,27.7469,0
9,132.8,73.8,16.5,22.9,39.4098,0.6563,35.837,1
4,52.1,82.6,17.9,47.2,39.5649,0.5402,22.9275,0
7,139.0,61.0,17.6,22.0,35.4177,1.3866,38.5553,1
5,112.5,82.3,0.0,14.0,34.0616,0.3646,24.3206,0
4,121.2,63.3,49.5,44.2,35.6169,0.5647,48.1386,1
2,127.5,66.6,7.0,14.0,34.3011,0.5001,28.0148,0
10,110.2,72.6,23.3,242.8,45.3551,0.5506,39.1891,0
5,0.0,53.7,14.2,140.0,29.5669,0.3495,32.6751,0
13,44.0,66.2,17.9,38.4,40.0443,0.4935,37.3123,0
5,59.0,73.7,47.5,115.4,0.0,1.1958,25.5538,0
2,126.1,74.8,47.5,170.0,18.0,0.4184,28.3796,0
2,178.4,68.8,41.0,14.0,32.3096,0.2136,52.0391,1
9,117.6,72.6,7.0,23.7,30.7549,0.2197,40.0659,0
1,117.5,50.9,10.8,14.0,34.8238,0.6117,31.9569,0
4,158.9,65.3,34.4,84.5,41.1502,1.6446,35.1806,1
2,66.2,82.0,19.8,89.3,23.5413,0.2089,26.7632,0
1,90.3,85.6,32.1,128.1,18.0,0.8931,27.3335,0
4,114.3,85.7,13.7,14.0,30.3513,0.2511,40.5275,0
2,102.6,71.5,17.2,201.4,41.5496,0.6825,31.2689,1
13,109.1,69.7,30.3,14.0,23.2859,0.2634,26.919,0
9,136.5,64.9,39.9,33.7,34.3897,0.1704,20.0,0
10,113.0,58.6,7.0,56.8,18.0,0.0854,35.0538,0
6,116.1,77.1,49.4,62.9,0.0,0.3367,26.743,0
0,153.1,75.6,26.3,232.5,29.913,0.5437,32.2705,1
10,136.3,55.6,60.9,14.0,25.7514,0.7572,34.3079,0
10,44.0,55.4,17.4,14.0,33.4475,0.3257,61.2563,0
0,165.5,85.4,37.3,171.8,39.8862,0.6187,36.9427,1
3,141.6,86.0,35.0,14.0,39.3878,0.549,58.6067,1
7,157.0,73.1,47.1,188.4,36.9242,0.6047,30.2837,1
4,141.0,75.5,30.1,222.0,32.8067,1.0063,54.5307,1
1,174.8,86.5,29.9,14.0,40.6993,0.3986,50.3499,1
12,69.8,65.2,17.8,142.8,32.0017,0.078,20.0,0
4,119.8,81.0,20.6,14.0,35.9917,0.4258,23.9817,1
5,116.3,74.6,26.2,14.0,24.0698,0.6847,24.0307,1
0,78.0,69.5,13.8,156.0,28.9442,0.4623,25.1983,0
1,153.3,67.0,15.9,380.2,38.912,1.0531,28.8244,1
4,156.5,74.3,30.8,14.0,39.8811,0.9113,20.0,0
7,120.6,80.5,0.0,91.5,22.5758,0.8272,45.1734,1
12,82.2,59.3,25.1,14.0,26.2353,0.4978,35.3101,0
12,143.7,74.5,38.3,18.6,20.2749,0.3119,50.0351,0
10,117.3,50.7,10.2,160.4,34.9379,0.7522,50.0673,0
7,148.1,48.9,10.9,103.1,18.0,0.8124,53.0333,0
0,148.6,81.7,14.6,67.5,42.2441,0.5992,20.0,0
6,143.8,92.8,40.2,204.7,0.0,0.1403,33.5928,1
4,89.9,102.0,35.9,74.5,41.2838,0.4879,20.0,0
11,168.8,87.6,32.3,126.0,0.0,0.078,36.3588,1
7,172.4,89.0,31.1,0.0,18.0,0.8269,43.093,1
2,174.3,81.4,34.0,475.1,33.1446,0.8874,31.6904,1
14,86.3,75.4,28.7,0.0,36.718,0.4416,53.7347,1
9,141.0,79.6,39.3,14.0,52.8308,0.1618,36.882,1
0,123.0,77.7,42.2,0.0,32.3613,0.078,25.5719,1
12,114.8,77.6,9.1,51.0,31.0028,0.3858,30.6273,0
4,160.8,61.8,39.8,63.1,33.6913,0.236,23.7127,1
4,89.1,87.5,38.9,14.0,27.5928,0.8445,27.3285,0
6,118.2,74.6,40.7,14.0,31.3411,0.7971,54.7913,1
10,84.4,81.8,28.7,34.1,26.3011,0.4329,36.8098,0
3,201.2,66.5,33.4,138.2,42.8638,0.6911,40.782,1
3,93.2,55.5,35.1,99.7,23.2973,0.7472,44.9553,0
6,191.1,65.9,28.9,132.6,38.1365,0.6717,42.3456,1
0,127.2,82.1,33.1,14.0,25.4933,0.8695,20.0,1
0,148.2,97.9,27.2,510.7,27.6411,0.6097,35.6385,1
2,132.0,71.0,50.7,14.0,29.1805,0.2559,45.6383,1
2,86.4,91.7,40.9,14.0,36.201,0.638,47.3603,0
9,161.6,61.4,26.1,14.0,34.6958,0.6258,41.761,1
7,92.3,54.3,0.0,14.0,42.9052,0.2552,53.8845,0
2,204.5,74.5,22.6,86.5,38.7978,1.1035,21.9029,1
9,132.3,96.6,37.8,285.7,34.8385,0.5857,43.3771,1
10,89.5,61.3,7.0,104.2,37.0771,0.3101,58.6645,0
13,119.5,70.0,48.3,113.8,24.3242,0.4348,49.9694,0
6,124.6,94.0,17.2,163.8,34.3291,0.078,58.5215,1
6,168.0,93.8,51.0,42.5,25.4726,0.1423,35.9644,1
6,123.1,0.0,7.0,14.0,32.2492,0.7143,38.3974,0
6,186.7,86.9,44.0,14.0,37.358,0.8365,35.6678,1
5,140.5,80.3,31.0,182.8,30.824,0.5719,24.2715,0
6,94.7,0.0,30.0,14.0,40.2928,0.3054,47.7698,0
5,140.4,0.0,7.0,0.0,31.544,0.4661,32.8086,0
6,102.0,68.4,11.5,25.3,28.5886,0.5402,34.805,0
6,122.7,0.0,29.2,14.0,46.2036,0.078,42.5692,1
6,155.2,85.4,7.6,310.1,28.4826,0.5266,34.1505,1
5,114.0,75.1,7.0,40.6,18.0,1.0672,39.7484,1
4,160.7,71.8,7.3,53.1,0.0,0.078,24.0962,0
1,132.8,80.3,48.3,143.0,35.8807,0.9958,42.2724,1
9,115.8,80.1,7.0,129.4,32.2505,0.078,28.4629,0
0,162.9,76.7,36.4,59.7,43.7896,0.6262,37.3525,1
7,114.7,54.6,45.1,14.0,34.5361,0.4553,52.9436,1
0,0.0,75.5,25.9,14.0,35.0499,0.078,37.9011,1
0,141.9,79.3,33.2,24.1,40.6147,0.5769,50.4282,1
5,189.2,87.8,46.5,126.0,35.5913,0.7602,35.9481,1
4,198.8,85.9,33.9,166.1,39.1798,0.2595,24.5004,1
5,103.3,59.9,35.6,14.0,36.1855,0.5653,25.4457,1
0,125.2,62.7,22.7,110.7,38.6846,0.7706,52.6376,1
5,131.6,69.7,31.0,0.0,35.8211,0.078,20.0,1
4,105.9,83.1,15.6,14.0,37.6863,0.5188,20.0,0
4,145.7,71.1,20.8,160.5,28.4575,0.7961,35.2563,0
3,121.8,58.0,45.8,90.7,29.7792,0.3558,20.0,0
0,135.5,68.4,11.4,60.8,48.6642,0.2861,50.3769,1
10,89.3,56.9,30.9,244.5,29.9399,0.2471,47.367,0
1,149.2,75.3,29.1,14.0,42.871,0.2973,39.7312,0
7,122.8,73.2,42.5,83.9,38.5925,0.3611,29.1685,0
0,124.5,60.8,8.4,129.9,26.8182,0.2518,34.0368,0
0,137.6,76.8,22.5,36.3,19.8872,0.078,29.3162,0
1,125.0,71.4,31.5,91.0,32.302,0.2437,44.6246,1
6,105.9,66.9,0.0,190.8,37.694,0.342,31.0308,0
4,85.7,80.1,0.0,237.6,49.4398,0.5566,45.7714,0
4,86.4,66.9,36.0,198.5,31.6452,1.0175,36.0829,0
9,121.4,80.8,8.3,76.3,41.9504,0.3786,20.0,0
7,126.5,77.4,7.0,114.4,31.2871,0.1143,29.9328,0
13,133.9,66.5,11.1,78.9,37.7084,0.5505,46.5233,1
4,145.4,60.6,7.0,38.8,18.6027,0.078,44.2777,0
3,141.7,84.4,37.5,114.2,38.4093,0.866,23.3853,1
6,120.4,102.6,32.0,249.5,43.7375,0.1265,34.4973,1
6,129.1,87.3,7.9,51.3,37.5425,0.2087,20.0,0
5,231.1,83.3,34.9,14.0,37.3104,0.8481,30.8026,1
4,93.5,74.1,10.9,14.0,28.9155,0.2663,28.0916,0
0,103.7,53.3,7.0,14.0,27.0193,0.3703,28.8124,0
2,0.0,84.0,19.9,113.5,40.1201,0.3069,27.0269,0
3,132.7,60.1,31.7,14.0,35.5138,0.2408,50.1008,0
8,96.0,51.1,10.2,60.1,32.4419,0.3753,30.4961,0
10,139.9,81.0,15.4,132.7,38.2583,0.8524,41.5698,0
4,153.9,73.3,37.3,14.0,41.3601,0.1262,35.4094,1
0,151.7,0.0,23.4,0.0,39.0245,0.078,38.3532,1
8,112.3,73.6,39.5,75.3,43.1337,1.1349,41.0055,1
9,147.4,79.7,13.0,0.0,31.6245,0.5579,27.6308,0
8,156.8,87.4,19.6,97.1,32.0806,0.3544,34.7992,1
6,105.4,77.2,19.7,21.7,0.0,0.9173,20.0,0
10,78.8,56.7,20.0,0.0,26.8355,1.0352,37.1416,0
5,81.5,69.5,35.9,205.3,33.0856,0.3499,39.764,0
6,75.7,70.0,34.0,83.2,26.704,0.1925,34.0606,0
6,67.6,74.1,7.0,269.4,29.1697,0.4844,39.441,0
2,101.9,72.7,43.8,101.3,23.9263,0.1495,31.4704,0
8,112.7,74.9,42.3,51.7,25.5359,0.078,22.1184,0
11,158.7,76.7,23.9,95.8,31.1125,0.0922,27.1627,1
10,78.7,64.7,20.5,19.4,29.1276,0.2176,22.71,0
7,134.9,74.8,7.0,132.2,37.3557,0.469,21.9692,0
5,165.9,85.5,31.9,0.0,28.7811,0.1719,22.2675,1
11,116.8,43.3,7.0,69.6,33.7322,0.4718,31.3184,0
7,159.8,67.6,27.0,42.7,35.5328,0.078,37.2036,1
10,58.2,59.6,7.0,109.0,37.716,0.9869,21.9795,0
7,166.6,102.3,44.6,14.0,40.405,0.7841,53.4318,1
2,148.2,79.7,16.0,14.0,29.2174,0.8304,55.9431,0
6,164.9,78.7,33.0,199.7,28.2296,0.078,37.0595,1
1,66.7,0.0,25.4,46.5,34.2478,0.1984,20.0,0
13,127.0,68.3,25.3,92.4,24.6789,0.078,24.9499,0
8,106.2,84.1,21.6,65.0,21.64,0.078,37.4933,0
10,0.0,62.0,23.4,18.1,34.0003,0.794,47.7347,0
8,145.7,71.5,29.1,198.8,36.2649,1.4492,33.6342,1
4,125.7,62.7,38.9,426.5,34.437,0.4745,42.3246,1
6,103.2,86.9,24.0,88.3,18.0,0.5667,35.2537,0
13,93.9,76.4,0.0,28.1,0.0,0.4027,20.0,0
2,174.1,80.0,11.0,14.0,20.984,0.9512,28.5611,0
6,114.7,66.5,7.0,36.8,23.4467,0.6366,33.4555,0
8,142.3,66.5,16.2,71.0,32.429,0.3765,50.1141,0
11,100.2,75.5,43.5,206.8,28.8449,0.2045,21.5482,0
5,127.7,89.7,39.2,14.0,39.3673,0.3422,20.0,0
11,121.5,62.0,7.0,164.7,20.7785,0.1053,31.1143,0
5,137.1,73.9,7.0,0.0,23.7107,0.7292,43.138,0
2,0.0,77.5,26.0,14.0,28.8312,0.2312,35.1718,0
6,71.2,63.1,15.8,294.3,26.4693,0.8189,34.0392,0
6,0.0,91.2,0.0,147.5,30.0068,0.4509,29.3788,0
0,109.8,66.5,30.3,14.0,33.1214,0.2596,47.4362,1
6,97.2,72.9,23.3,341.7,24.2467,0.6377,41.8686,1
5,84.0,68.9,18.8,0.0,18.7091,0.4129,35.2227,0
7,83.2,47.6,21.6,14.0,42.608,0.078,31.3079,0
4,130.3,70.4,7.0,62.3,18.0,0.3601,27.7366,0
6,100.4,98.7,33.4,14.0,33.716,0.5852,43.9934,1
2,94.2,77.4,0.0,219.3,24.5519,0.292,29.9555,0
3,124.4,66.4,7.0,95.9,24.9782,0.3188,21.6369,0
4,97.9,62.0,25.9,221.9,38.5084,0.8837,34.5248,1
11,175.1,48.9,7.0,136.5,26.1291,0.5956,20.0,0
11,113.0,54.2,28.5,14.0,21.4334,0.3318,25.2086,0
3,159.0,94.2,27.7,271.4,28.8107,0.4689,51.5423,1
7,122.9,70.3,0.0,14.0,23.1653,0.1831,28.4778,0
6,132.0,54.8,10.6,14.0,27.4704,0.0899,24.6511,0
2,176.1,86.9,27.2,206.3,30.0554,0.6516,50.1507,1
5,97.8,66.4,20.7,14.0,21.7745,0.1234,23.9433,0
6,137.7,74.1,0.0,14.0,36.1862,0.3593,35.1033,1
5,109.2,0.0,20.2,56.1,30.9178,0.3588,20.0,0
5,103.3,65.6,31.9,353.5,29.4935,0.6105,47.3339,1
10,83.2,77.1,47.6,121.4,29.6562,0.4165,39.7792,0
8,93.8,77.9,7.0,14.0,32.4797,0.6594,28.1027,0
10,76.0,67.2,18.2,66.5,18.0,0.078,35.616,0
10,90.6,75.8,34.2,49.2,0.0,0.6612,31.4472,0
3,127.2,68.7,32.6,14.0,37.7776,0.3759,28.2231,0
5,122.4,71.7,7.3,30.4,33.8328,0.2242,35.8131,0
13,70.3,70.0,7.0,76.7,37.7193,0.1697,40.6133,0
1,112.6,84.8,18.8,219.2,28.7264,1.0763,20.0,0
6,61.9,64.0,14.2,14.0,37.6535,0.4176,20.0,0
9,63.6,69.7,41.5,14.0,35.0088,0.1582,20.0,0
7,97.3,70.8,19.1,14.0,23.1986,0.3407,20.0,0
4,73.3,87.0,7.0,88.0,36.187,0.4847,31.1238,0
8,202.7,80.5,46.0,130.1,41.1172,0.7629,46.4866,1
8,68.0,67.3,41.5,87.0,18.6534,0.7854,44.5092,0
1,143.4,54.7,17.3,14.0,42.5995,0.2627,42.9779,1
7,102.9,76.5,43.1,271.7,34.941,0.8216,52.3767,0
2,115.9,55.0,0.0,0.0,31.0205,0.4152,47.0844,1
5,92.0,63.5,13.8,66.2,35.4089,0.4383,36.7523,0
9,110.6,67.6,11.5,179.8,28.6452,0.4038,23.594,0
8,171.4,86.2,23.8,71.3,29.3698,0.5758,25.4225,1
5,154.7,75.2,46.4,14.0,31.7395,0.2781,43.8084,1
7,88.9,59.1,33.6,16.1,24.6069,0.5514,34.8043,0
11,151.3,78.1,22.5,0.0,50.2694,0.5846,54.9852,1
11,0.0,75.6,14.7,88.0,29.4661,0.664,22.5724,0
3,86.9,66.9,40.2,35.7,38.8311,0.1917,44.1067,1
8,109.1,0.0,0.0,15.3,29.9754,0.2911,41.5508,0
8,100.9,77.1,7.0,87.4,37.0876,0.3474,26.1283,0
12,100.3,74.2,26.5,155.2,33.2183,0.5041,34.4802,0
9,87.1,73.3,13.9,182.8,20.1915,0.5304,20.0492,0
3,114.4,113.8,17.4,68.0,40.3159,0.634,43.2419,1
9,98.4,71.4,36.9,14.0,33.5622,0.078,20.4439,0
10,123.8,69.5,7.0,131.5,31.3875,0.2585,20.0,0
2,130.6,79.1,43.4,14.0,30.1861,0.6534,20.0,0
11,121.5,61.3,34.4,48.4,37.2524,0.6036,20.0,1
7,121.3,56.0,36.0,325.3,31.6239,0.3587,29.4672,1
1,99.4,61.7,44.6,117.9,0.0,1.1368,51.2917,1
9,124.6,74.6,14.6,188.6,27.5911,0.3022,20.0,0
3,76.4,59.5,18.2,0.0,36.0744,0.7576,40.3335,0
5,126.4,62.7,46.6,14.0,38.7509,1.3904,27.4277,1
1,0.0,68.4,41.7,31.9,21.7213,0.7075,44.713,0
0,108.3,73.7,7.0,52.9,0.0,0.1293,40.9357,0
2,101.1,84.9,22.0,32.0,37.8723,1.068,20.3307,1
1,101.2,80.0,0.0,276.6,33.6667,0.6869,35.4813,1
1,96.5,95.3,21.4,187.7,39.2277,0.2982,38.0307,1
4,125.0,40.1,50.1,163.7,35.1877,0.3688,25.1342,0
3,93.9,65.0,22.3,66.4,35.1265,0.9243,22.9723,0
12,97.1,60.3,36.5,46.6,40.2906,0.9162,20.0,0
13,84.6,70.2,37.9,213.5,18.05,0.9494,20.0,0
3,111.3,64.7,23.3,14.0,18.0,0.5083,31.5878,0
5,115.0,66.0,28.4,90.6,31.7712,0.2341,41.79,1
7,153.2,76.0,27.4,183.0,29.9452,0.9485,36.6783,1
8,183.9,0.0,40.1,28.8,22.149,0.9379,32.0658,1
6,126.2,69.9,25.9,0.0,0.0,0.6318,44.4834,1
11,83.1,75.2,24.4,15.2,44.6576,0.3765,30.7956,0
8,138.1,88.7,30.4,0.0,0.0,0.8659,20.0,1
0,139.6,76.4,38.2,14.0,0.0,0.078,30.3855,0
12,81.9,78.7,32.4,59.2,30.8634,0.7277,21.489,0
8,145.7,83.2,38.9,14.0,35.5249,0.078,44.7644,1
5,129.3,0.0,18.4,94.9,21.1571,0.6357,46.7787,0
8,97.7,58.6,30.2,14.0,21.5378,0.3578,53.3017,0
10,70.8,63.3,11.9,40.4,29.1113,0.492,45.117,0
9,110.8,66.5,16.7,69.5,23.4154,0.078,34.2001,0
8,104.4,74.5,36.3,14.0,33.4364,0.1586,20.0,0
11,119.5,77.2,18.3,37.6,37.426,0.078,36.7735,0
9,110.7,63.1,41.1,255.3,41.5612,0.4963,29.7215,0
4,120.8,61.7,7.8,123.5,28.9416,0.3998,29.9479,0
4,119.3,59.0,21.3,14.0,38.0585,0.078,26.7181,0
7,116.5,75.5,39.9,118.6,18.0,0.5161,45.1053,0
6,0.0,73.4,27.8,14.0,38.3017,0.2289,28.9244,0
5,108.2,79.8,23.6,253.8,40.6492,0.8189,34.2536,1
0,85.1,72.3,48.4,132.7,30.0114,0.1763,35.9912,1
4,117.8,62.9,7.0,110.3,44.4785,0.3956,20.0,0
11,175.1,85.9,46.9,59.1,31.3628,0.0957,37.2818,1
3,95.7,73.4,26.3,216.0,45.2919,0.078,20.0,0
5,90.3,66.2,40.9,228.4,30.8984,0.078,22.5052,0
4,193.8,59.6,24.2,212.3,33.1138,0.2204,50.4011,1
0,164.2,90.8,25.0,14.0,36.7582,0.6615,27.5601,1
6,117.2,0.0,17.8,79.2,32.1666,0.2044,26.1367,0
5,152.4,75.0,29.6,14.0,32.2947,0.3791,51.6862,1
5,115.1,53.8,11.2,14.0,26.4911,0.5221,25.4018,0
8,95.6,91.8,9.3,14.0,19.8908,0.9446,32.4856,0
4,105.6,57.4,31.2,85.9,18.5561,0.7258,36.9701,0
0,158.9,69.9,25.2,257.6,34.1935,0.6846,26.0086,1
3,84.7,80.7,11.4,14.0,24.2769,0.6544,20.0,0
1,139.2,75.8,0.0,14.0,30.609,0.078,27.8811,0
13,113.4,51.7,40.1,14.0,25.6959,0.4535,26.1851,1
6,94.2,73.8,16.6,64.2,25.9397,0.8874,35.2968,1
13,123.2,74.5,20.2,53.0,26.9708,0.078,29.6582,0
13,129.5,50.5,14.3,14.0,34.9097,0.078,20.0,0
8,101.3,110.3,24.9,173.5,36.2077,0.4661,35.6929,0
10,139.9,91.9,27.0,21.9,43.6965,0.1287,39.801,1
3,63.0,71.5,28.6,25.1,22.729,0.6681,32.2292,0
4,139.0,68.7,7.0,133.6,29.3606,0.0908,20.0,0
2,71.7,75.1,15.4,293.3,43.352,0.4332,24.8878,0
5,106.3,100.8,28.5,94.2,28.1622,0.994,42.5424,0
4,132.8,77.4,23.7,264.9,36.9619,0.8776,41.5998,1
1,167.6,82.2,31.2,192.6,26.1,0.953,23.4265,0
5,147.3,68.3,47.4,114.6,47.3195,0.7403,40.5364,0
6,53.1,78.7,7.0,88.6,23.0421,0.4009,20.0,0
8,150.1,71.4,40.6,50.2,38.0123,1.0082,20.9384,0
1,129.6,63.4,31.4,14.0,35.372,0.1364,40.7107,0
1,0.0,75.2,7.0,90.1,21.9164,1.2133,20.0,0
10,118.5,91.1,22.1,98.3,38.4962,0.4363,28.7779,0
0,139.0,75.0,30.4,14.0,39.6162,0.7526,28.1773,1
1,118.6,73.9,27.4,245.8,37.7759,0.2875,52.4272,1
7,77.0,74.8,7.0,108.8,36.4472,0.4385,41.664,0
5,84.3,65.7,32.9,142.9,24.5756,0.5026,43.8694,0
7,130.6,63.8,37.9,114.3,40.2469,0.7521,29.9887,1
0,167.6,86.6,8.1,47.2,28.5529,0.1254,33.9068,1
7,106.1,58.5,22.7,14.0,30.4421,0.4218,62.286,0
11,130.3,74.5,34.8,14.0,27.0863,0.078,28.806,1
2,126.0,57.9,16.3,188.5,27.4384,0.581,53.4754,0
3,148.6,50.8,30.6,14.0,35.7164,0.2942,28.5057,0
8,146.7,72.0,29.6,246.1,37.5856,0.371,51.0211,1
4,138.7,68.0,7.0,99.6,21.5713,0.6996,45.1428,0
8,148.9,58.8,37.5,134.7,32.0608,1.1866,41.055,1
7,107.6,67.8,0.0,14.0,30.9053,0.6812,34.3986,0
4,111.1,84.9,30.9,87.5,24.4463,0.4707,25.7748,0
2,118.4,69.8,7.0,14.0,22.174,0.2783,48.8914,0
9,117.9,91.1,9.0,35.7,37.4207,0.5845,35.7382,0
0,157.8,96.4,27.5,106.1,38.7471,0.6359,41.3317,1
9,128.4,64.1,13.7,14.0,26.5843,0.2171,24.7198,0
10,86.2,57.4,31.3,471.8,25.42,0.7413,48.2075,1
1,96.1,0.0,15.3,176.7,32.8638,0.3245,26.1776,0
5,103.3,80.3,25.4,183.3,23.7087,0.078,32.0175,0
13,109.3,77.8,45.0,104.8,28.9829,0.2896,30.4169,0
13,0.0,72.8,25.2,313.6,20.0611,0.5067,36.4717,0
11,139.9,80.4,28.0,23.0,29.2906,0.6041,27.4822,1
11,96.5,69.5,9.1,103.5,30.7559,0.4008,30.5165,0
