row_id,layer_id,system,current_algo,target_algo,completion_pct,deadline,status,engineer_assigned
1,L01-PKI,SYS-001,ECDSA-P256,ML-DSA-65,96,2027-06-19,IN_PROGRESS,eng-010
2,L01-PKI,SYS-002,DH-2048,ML-KEM-768,49,2026-04-19,STARTED,eng-015
3,L01-PKI,SYS-003,ECDSA-P256,ML-DSA-65,6,2026-10-19,STARTED,eng-014
4,L01-PKI,SYS-004,AES-128,AES-256,88,2026-04-15,IN_PROGRESS,eng-016
5,L01-PKI,SYS-005,ECDSA-P256,ML-DSA-65,71,2027-10-11,IN_PROGRESS,eng-007
6,L01-PKI,SYS-006,RSA-2048,ML-DSA-65,63,2027-04-14,IN_PROGRESS,eng-020
7,L01-PKI,SYS-007,DH-2048,ML-KEM-768,55,2026-06-10,IN_PROGRESS,eng-001
8,L01-PKI,SYS-008,SHA-1,SHA3-256,64,2026-06-20,IN_PROGRESS,eng-002
9,L01-PKI,SYS-009,ECDSA-P256,ML-DSA-65,27,2026-05-26,STARTED,eng-011
10,L01-PKI,SYS-010,RSA-2048,ML-DSA-65,85,2027-07-26,IN_PROGRESS,eng-015
11,L02-TLS,SYS-001,ECDSA-P256,ML-DSA-65,94,2026-10-06,IN_PROGRESS,eng-013
12,L02-TLS,SYS-002,ECDSA-P256,ML-DSA-65,35,2027-06-05,STARTED,eng-006
13,L02-TLS,SYS-003,DH-2048,ML-KEM-768,61,2026-05-11,IN_PROGRESS,eng-012
14,L02-TLS,SYS-004,ECDSA-P256,ML-DSA-65,36,2027-05-21,STARTED,eng-003
15,L02-TLS,SYS-005,RSA-2048,ML-DSA-65,31,2027-06-18,STARTED,eng-010
16,L02-TLS,SYS-006,DH-2048,ML-KEM-768,71,2026-10-23,IN_PROGRESS,eng-006
17,L02-TLS,SYS-007,SHA-1,SHA3-256,3,2027-04-14,STARTED,eng-009
18,L02-TLS,SYS-008,DH-2048,ML-KEM-768,27,2027-08-09,STARTED,eng-020
19,L02-TLS,SYS-009,ECDSA-P256,ML-DSA-65,15,2027-10-03,STARTED,eng-007
20,L02-TLS,SYS-010,SHA-1,SHA3-256,24,2027-01-15,STARTED,eng-017
21,L03-VPN,SYS-001,ECDSA-P256,ML-DSA-65,21,2027-05-04,STARTED,eng-014
22,L03-VPN,SYS-002,SHA-1,SHA3-256,84,2027-11-12,IN_PROGRESS,eng-005
23,L03-VPN,SYS-003,AES-128,AES-256,49,2026-03-05,STARTED,eng-001
24,L03-VPN,SYS-004,RSA-2048,ML-DSA-65,21,2026-12-15,STARTED,eng-016
25,L03-VPN,SYS-005,RSA-2048,ML-DSA-65,9,2027-04-21,STARTED,eng-004
26,L03-VPN,SYS-006,ECDSA-P256,ML-DSA-65,65,2027-03-15,IN_PROGRESS,eng-015
27,L03-VPN,SYS-007,DH-2048,ML-KEM-768,52,2027-07-21,IN_PROGRESS,eng-018
28,L03-VPN,SYS-008,RSA-2048,ML-DSA-65,35,2026-10-02,STARTED,eng-014
29,L03-VPN,SYS-009,DH-2048,ML-KEM-768,59,2027-04-13,IN_PROGRESS,eng-011
30,L03-VPN,SYS-010,DH-2048,ML-KEM-768,44,2026-05-05,STARTED,eng-012
31,L04-SSH,SYS-001,DH-2048,ML-KEM-768,26,2027-04-18,STARTED,eng-003
32,L04-SSH,SYS-002,DH-2048,ML-KEM-768,100,2026-05-24,COMPLETED,eng-011
33,L04-SSH,SYS-003,RSA-2048,ML-DSA-65,21,2027-08-06,STARTED,eng-007
34,L04-SSH,SYS-004,AES-128,AES-256,3,2026-03-01,STARTED,eng-001
35,L04-SSH,SYS-005,ECDSA-P256,ML-DSA-65,41,2027-03-08,STARTED,eng-018
36,L04-SSH,SYS-006,ECDSA-P256,ML-DSA-65,16,2027-09-15,STARTED,eng-020
37,L04-SSH,SYS-007,ECDSA-P256,ML-DSA-65,77,2027-07-17,IN_PROGRESS,eng-004
38,L04-SSH,SYS-008,ECDSA-P256,ML-DSA-65,93,2026-09-03,IN_PROGRESS,eng-009
39,L04-SSH,SYS-009,DH-2048,ML-KEM-768,27,2027-06-23,STARTED,eng-013
40,L04-SSH,SYS-010,DH-2048,ML-KEM-768,95,2027-11-11,IN_PROGRESS,eng-002
41,L05-JWT,SYS-001,ECDSA-P256,ML-DSA-65,38,2026-09-12,STARTED,eng-010
42,L05-JWT,SYS-002,SHA-1,SHA3-256,98,2027-10-05,IN_PROGRESS,eng-003
43,L05-JWT,SYS-003,AES-128,AES-256,59,2026-12-19,IN_PROGRESS,eng-006
44,L05-JWT,SYS-004,ECDSA-P256,ML-DSA-65,92,2027-04-07,IN_PROGRESS,eng-002
45,L05-JWT,SYS-005,SHA-1,SHA3-256,62,2026-03-31,IN_PROGRESS,eng-018
46,L05-JWT,SYS-006,SHA-1,SHA3-256,21,2027-08-26,STARTED,eng-004
47,L05-JWT,SYS-007,AES-128,AES-256,1,2027-06-20,STARTED,eng-001
48,L05-JWT,SYS-008,DH-2048,ML-KEM-768,66,2026-05-10,IN_PROGRESS,eng-001
49,L05-JWT,SYS-009,RSA-2048,ML-DSA-65,56,2026-04-04,IN_PROGRESS,eng-014
50,L05-JWT,SYS-010,DH-2048,ML-KEM-768,77,2027-09-27,IN_PROGRESS,eng-015
51,L06-CodeSign,SYS-001,SHA-1,SHA3-256,95,2026-08-04,IN_PROGRESS,eng-019
52,L06-CodeSign,SYS-002,DH-2048,ML-KEM-768,81,2027-07-19,IN_PROGRESS,eng-008
53,L06-CodeSign,SYS-003,DH-2048,ML-KEM-768,8,2027-11-11,STARTED,eng-005
54,L06-CodeSign,SYS-004,ECDSA-P256,ML-DSA-65,52,2027-05-03,IN_PROGRESS,eng-018
55,L06-CodeSign,SYS-005,DH-2048,ML-KEM-768,98,2026-10-04,IN_PROGRESS,eng-018
56,L06-CodeSign,SYS-006,RSA-2048,ML-DSA-65,47,2027-02-08,STARTED,eng-002
57,L06-CodeSign,SYS-007,RSA-2048,ML-DSA-65,82,2026-06-21,IN_PROGRESS,eng-008
58,L06-CodeSign,SYS-008,SHA-1,SHA3-256,43,2026-12-27,STARTED,eng-017
59,L06-CodeSign,SYS-009,ECDSA-P256,ML-DSA-65,84,2027-02-20,IN_PROGRESS,eng-009
60,L06-CodeSign,SYS-010,ECDSA-P256,ML-DSA-65,87,2027-03-07,IN_PROGRESS,eng-011
61,L07-EmailPGP,SYS-001,AES-128,AES-256,75,2027-07-06,IN_PROGRESS,eng-018
62,L07-EmailPGP,SYS-002,SHA-1,SHA3-256,96,2026-07-10,IN_PROGRESS,eng-009
63,L07-EmailPGP,SYS-003,ECDSA-P256,ML-DSA-65,85,2026-06-05,IN_PROGRESS,eng-018
64,L07-EmailPGP,SYS-004,AES-128,AES-256,21,2026-04-07,STARTED,eng-006
65,L07-EmailPGP,SYS-005,DH-2048,ML-KEM-768,96,2027-01-02,IN_PROGRESS,eng-020
66,L07-EmailPGP,SYS-006,AES-128,AES-256,34,2026-07-23,STARTED,eng-009
67,L07-EmailPGP,SYS-007,RSA-2048,ML-DSA-65,77,2027-04-26,IN_PROGRESS,eng-004
68,L07-EmailPGP,SYS-008,DH-2048,ML-KEM-768,72,2027-12-09,IN_PROGRESS,eng-007
69,L07-EmailPGP,SYS-009,AES-128,AES-256,21,2027-06-02,STARTED,eng-017
70,L07-EmailPGP,SYS-010,AES-128,AES-256,64,2027-12-11,IN_PROGRESS,eng-008
71,L08-DBEncrypt,SYS-001,SHA-1,SHA3-256,89,2026-11-20,IN_PROGRESS,eng-013
72,L08-DBEncrypt,SYS-002,DH-2048,ML-KEM-768,79,2027-05-30,IN_PROGRESS,eng-014
73,L08-DBEncrypt,SYS-003,ECDSA-P256,ML-DSA-65,1,2027-06-12,STARTED,eng-013
74,L08-DBEncrypt,SYS-004,SHA-1,SHA3-256,25,2027-10-17,STARTED,eng-009
75,L08-DBEncrypt,SYS-005,SHA-1,SHA3-256,62,2026-08-17,IN_PROGRESS,eng-008
76,L08-DBEncrypt,SYS-006,RSA-2048,ML-DSA-65,85,2026-10-11,IN_PROGRESS,eng-012
77,L08-DBEncrypt,SYS-007,DH-2048,ML-KEM-768,67,2026-11-26,IN_PROGRESS,eng-002
78,L08-DBEncrypt,SYS-008,DH-2048,ML-KEM-768,86,2026-05-23,IN_PROGRESS,eng-008
79,L08-DBEncrypt,SYS-009,ECDSA-P256,ML-DSA-65,13,2026-09-22,STARTED,eng-008
80,L08-DBEncrypt,SYS-010,ECDSA-P256,ML-DSA-65,98,2027-03-13,IN_PROGRESS,eng-011
81,L09-FileEncrypt,SYS-001,AES-128,AES-256,67,2027-06-19,IN_PROGRESS,eng-020
82,L09-FileEncrypt,SYS-002,RSA-2048,ML-DSA-65,4,2027-12-01,STARTED,eng-016
83,L09-FileEncrypt,SYS-003,AES-128,AES-256,76,2026-06-07,IN_PROGRESS,eng-013
84,L09-FileEncrypt,SYS-004,SHA-1,SHA3-256,38,2026-12-21,STARTED,eng-002
85,L09-FileEncrypt,SYS-005,ECDSA-P256,ML-DSA-65,18,2026-06-10,STARTED,eng-019
86,L09-FileEncrypt,SYS-006,SHA-1,SHA3-256,82,2027-04-14,IN_PROGRESS,eng-006
87,L09-FileEncrypt,SYS-007,SHA-1,SHA3-256,49,2026-09-28,STARTED,eng-007
88,L09-FileEncrypt,SYS-008,AES-128,AES-256,22,2026-04-10,STARTED,eng-011
89,L09-FileEncrypt,SYS-009,RSA-2048,ML-DSA-65,14,2027-12-08,STARTED,eng-011
90,L09-FileEncrypt,SYS-010,AES-128,AES-256,51,2027-08-10,IN_PROGRESS,eng-016
91,L10-KeyMgmt,SYS-001,DH-2048,ML-KEM-768,10,2027-08-22,STARTED,eng-013
92,L10-KeyMgmt,SYS-002,RSA-2048,ML-DSA-65,96,2027-07-21,IN_PROGRESS,eng-017
93,L10-KeyMgmt,SYS-003,AES-128,AES-256,32,2026-05-13,STARTED,eng-017
94,L10-KeyMgmt,SYS-004,SHA-1,SHA3-256,11,2026-09-11,STARTED,eng-004
95,L10-KeyMgmt,SYS-005,SHA-1,SHA3-256,50,2026-11-15,IN_PROGRESS,eng-015
96,L10-KeyMgmt,SYS-006,SHA-1,SHA3-256,97,2026-08-16,IN_PROGRESS,eng-020
97,L10-KeyMgmt,SYS-007,RSA-2048,ML-DSA-65,52,2026-07-20,IN_PROGRESS,eng-002
98,L10-KeyMgmt,SYS-008,AES-128,AES-256,33,2026-07-18,STARTED,eng-009
99,L10-KeyMgmt,SYS-009,DH-2048,ML-KEM-768,73,2027-08-10,IN_PROGRESS,eng-014
100,L10-KeyMgmt,SYS-010,ECDSA-P256,ML-DSA-65,99,2027-11-19,IN_PROGRESS,eng-014
101,L11-HSM,SYS-001,SHA-1,SHA3-256,43,2027-10-16,STARTED,eng-007
102,L11-HSM,SYS-002,DH-2048,ML-KEM-768,46,2027-09-11,STARTED,eng-010
103,L11-HSM,SYS-003,DH-2048,ML-KEM-768,87,2026-12-09,IN_PROGRESS,eng-003
104,L11-HSM,SYS-004,DH-2048,ML-KEM-768,8,2027-05-10,STARTED,eng-016
105,L11-HSM,SYS-005,SHA-1,SHA3-256,40,2027-08-07,STARTED,eng-014
106,L11-HSM,SYS-006,DH-2048,ML-KEM-768,49,2026-07-09,STARTED,eng-009
107,L11-HSM,SYS-007,RSA-2048,ML-DSA-65,100,2027-09-17,COMPLETED,eng-006
108,L11-HSM,SYS-008,AES-128,AES-256,95,2027-11-12,IN_PROGRESS,eng-007
109,L11-HSM,SYS-009,DH-2048,ML-KEM-768,80,2026-11-10,IN_PROGRESS,eng-018
110,L11-HSM,SYS-010,AES-128,AES-256,51,2027-01-09,IN_PROGRESS,eng-017
111,L12-APIGateway,SYS-001,ECDSA-P256,ML-DSA-65,11,2027-08-16,STARTED,eng-013
112,L12-APIGateway,SYS-002,SHA-1,SHA3-256,24,2026-11-18,STARTED,eng-008
113,L12-APIGateway,SYS-003,ECDSA-P256,ML-DSA-65,35,2027-08-26,STARTED,eng-001
114,L12-APIGateway,SYS-004,ECDSA-P256,ML-DSA-65,83,2027-06-26,IN_PROGRESS,eng-002
115,L12-APIGateway,SYS-005,DH-2048,ML-KEM-768,76,2026-11-05,IN_PROGRESS,eng-007
116,L12-APIGateway,SYS-006,AES-128,AES-256,14,2027-11-11,STARTED,eng-010
117,L12-APIGateway,SYS-007,RSA-2048,ML-DSA-65,74,2027-11-03,IN_PROGRESS,eng-002
118,L12-APIGateway,SYS-008,ECDSA-P256,ML-DSA-65,62,2027-08-12,IN_PROGRESS,eng-014
119,L12-APIGateway,SYS-009,DH-2048,ML-KEM-768,7,2026-10-19,STARTED,eng-016
120,L12-APIGateway,SYS-010,DH-2048,ML-KEM-768,3,2026-02-13,STARTED,eng-005
121,L13-ContainerSign,SYS-001,RSA-2048,ML-DSA-65,62,2027-02-21,IN_PROGRESS,eng-019
122,L13-ContainerSign,SYS-002,SHA-1,SHA3-256,40,2027-11-23,STARTED,eng-015
123,L13-ContainerSign,SYS-003,RSA-2048,ML-DSA-65,74,2027-09-19,IN_PROGRESS,eng-002
124,L13-ContainerSign,SYS-004,DH-2048,ML-KEM-768,95,2026-09-10,IN_PROGRESS,eng-006
125,L13-ContainerSign,SYS-005,RSA-2048,ML-DSA-65,16,2027-12-03,STARTED,eng-006
126,L13-ContainerSign,SYS-006,AES-128,AES-256,4,2027-09-02,STARTED,eng-017
127,L13-ContainerSign,SYS-007,ECDSA-P256,ML-DSA-65,49,2027-04-07,STARTED,eng-008
128,L13-ContainerSign,SYS-008,RSA-2048,ML-DSA-65,10,2026-07-31,STARTED,eng-003
129,L13-ContainerSign,SYS-009,AES-128,AES-256,44,2026-10-24,STARTED,eng-016
130,L13-ContainerSign,SYS-010,DH-2048,ML-KEM-768,9,2027-01-06,STARTED,eng-011
131,L14-FirmwareSign,SYS-001,ECDSA-P256,ML-DSA-65,68,2027-05-11,IN_PROGRESS,eng-007
132,L14-FirmwareSign,SYS-002,RSA-2048,ML-DSA-65,20,2027-08-12,STARTED,eng-013
133,L14-FirmwareSign,SYS-003,AES-128,AES-256,21,2026-01-31,STARTED,eng-001
134,L14-FirmwareSign,SYS-004,SHA-1,SHA3-256,33,2027-11-19,STARTED,eng-003
135,L14-FirmwareSign,SYS-005,ECDSA-P256,ML-DSA-65,23,2026-08-01,STARTED,eng-002
136,L14-FirmwareSign,SYS-006,ECDSA-P256,ML-DSA-65,82,2027-10-31,IN_PROGRESS,eng-019
137,L14-FirmwareSign,SYS-007,ECDSA-P256,ML-DSA-65,61,2027-11-07,IN_PROGRESS,eng-007
138,L14-FirmwareSign,SYS-008,ECDSA-P256,ML-DSA-65,46,2027-09-20,STARTED,eng-011
139,L14-FirmwareSign,SYS-009,RSA-2048,ML-DSA-65,18,2026-05-02,STARTED,eng-012
140,L14-FirmwareSign,SYS-010,DH-2048,ML-KEM-768,53,2027-05-15,IN_PROGRESS,eng-009
141,L15-CloudKMS,SYS-001,DH-2048,ML-KEM-768,46,2026-10-28,STARTED,eng-007
142,L15-CloudKMS,SYS-002,AES-128,AES-256,23,2027-10-04,STARTED,eng-011
143,L15-CloudKMS,SYS-003,AES-128,AES-256,4,2027-10-06,STARTED,eng-009
144,L15-CloudKMS,SYS-004,ECDSA-P256,ML-DSA-65,67,2026-07-31,IN_PROGRESS,eng-018
145,L15-CloudKMS,SYS-005,AES-128,AES-256,52,2026-07-04,IN_PROGRESS,eng-020
146,L15-CloudKMS,SYS-006,DH-2048,ML-KEM-768,43,2026-05-19,STARTED,eng-001
147,L15-CloudKMS,SYS-007,AES-128,AES-256,6,2027-03-08,STARTED,eng-015
148,L15-CloudKMS,SYS-008,ECDSA-P256,ML-DSA-65,63,2027-05-16,IN_PROGRESS,eng-015
149,L15-CloudKMS,SYS-009,AES-128,AES-256,19,2027-09-05,STARTED,eng-017
150,L15-CloudKMS,SYS-010,SHA-1,SHA3-256,55,2027-05-25,IN_PROGRESS,eng-008
151,L16-IdentityIAM,SYS-001,ECDSA-P256,ML-DSA-65,67,2027-10-03,IN_PROGRESS,eng-017
152,L16-IdentityIAM,SYS-002,AES-128,AES-256,5,2026-09-27,STARTED,eng-004
153,L16-IdentityIAM,SYS-003,AES-128,AES-256,64,2026-11-25,IN_PROGRESS,eng-009
154,L16-IdentityIAM,SYS-004,SHA-1,SHA3-256,15,2026-08-18,STARTED,eng-001
155,L16-IdentityIAM,SYS-005,DH-2048,ML-KEM-768,31,2026-09-01,STARTED,eng-006
156,L16-IdentityIAM,SYS-006,RSA-2048,ML-DSA-65,42,2026-09-22,STARTED,eng-012
157,L16-IdentityIAM,SYS-007,SHA-1,SHA3-256,22,2027-12-20,STARTED,eng-014
158,L16-IdentityIAM,SYS-008,DH-2048,ML-KEM-768,88,2027-08-28,IN_PROGRESS,eng-008
159,L16-IdentityIAM,SYS-009,AES-128,AES-256,23,2027-12-14,STARTED,eng-008
160,L16-IdentityIAM,SYS-010,AES-128,AES-256,62,2027-09-25,IN_PROGRESS,eng-003
161,L17-CertMgmt,SYS-001,SHA-1,SHA3-256,21,2026-03-25,STARTED,eng-005
162,L17-CertMgmt,SYS-002,SHA-1,SHA3-256,98,2027-03-03,IN_PROGRESS,eng-010
163,L17-CertMgmt,SYS-003,AES-128,AES-256,60,2026-10-27,IN_PROGRESS,eng-011
164,L17-CertMgmt,SYS-004,RSA-2048,ML-DSA-65,25,2026-10-22,STARTED,eng-019
165,L17-CertMgmt,SYS-005,AES-128,AES-256,28,2027-01-30,STARTED,eng-011
166,L17-CertMgmt,SYS-006,DH-2048,ML-KEM-768,38,2027-05-19,STARTED,eng-011
167,L17-CertMgmt,SYS-007,AES-128,AES-256,81,2026-02-14,IN_PROGRESS,eng-001
168,L17-CertMgmt,SYS-008,SHA-1,SHA3-256,38,2026-12-09,STARTED,eng-006
169,L17-CertMgmt,SYS-009,RSA-2048,ML-DSA-65,3,2026-06-24,STARTED,eng-014
170,L17-CertMgmt,SYS-010,RSA-2048,ML-DSA-65,78,2027-05-22,IN_PROGRESS,eng-006
171,L18-NetworkSec,SYS-001,AES-128,AES-256,26,2026-03-26,STARTED,eng-001
172,L18-NetworkSec,SYS-002,AES-128,AES-256,10,2027-08-02,STARTED,eng-016
173,L18-NetworkSec,SYS-003,SHA-1,SHA3-256,78,2026-02-24,IN_PROGRESS,eng-016
174,L18-NetworkSec,SYS-004,SHA-1,SHA3-256,75,2026-06-18,IN_PROGRESS,eng-001
175,L18-NetworkSec,SYS-005,RSA-2048,ML-DSA-65,72,2027-06-28,IN_PROGRESS,eng-012
176,L18-NetworkSec,SYS-006,ECDSA-P256,ML-DSA-65,99,2026-06-17,IN_PROGRESS,eng-020
177,L18-NetworkSec,SYS-007,AES-128,AES-256,12,2026-08-27,STARTED,eng-014
178,L18-NetworkSec,SYS-008,DH-2048,ML-KEM-768,92,2026-11-04,IN_PROGRESS,eng-019
179,L18-NetworkSec,SYS-009,DH-2048,ML-KEM-768,98,2027-02-26,IN_PROGRESS,eng-015
180,L18-NetworkSec,SYS-010,SHA-1,SHA3-256,39,2027-11-20,STARTED,eng-002
181,L19-AppLayer,SYS-001,SHA-1,SHA3-256,28,2027-12-17,STARTED,eng-005
182,L19-AppLayer,SYS-002,DH-2048,ML-KEM-768,61,2027-04-22,IN_PROGRESS,eng-015
183,L19-AppLayer,SYS-003,RSA-2048,ML-DSA-65,37,2027-04-28,STARTED,eng-018
184,L19-AppLayer,SYS-004,DH-2048,ML-KEM-768,49,2027-06-13,STARTED,eng-018
185,L19-AppLayer,SYS-005,RSA-2048,ML-DSA-65,76,2027-09-24,IN_PROGRESS,eng-010
186,L19-AppLayer,SYS-006,ECDSA-P256,ML-DSA-65,61,2026-08-03,IN_PROGRESS,eng-014
187,L19-AppLayer,SYS-007,RSA-2048,ML-DSA-65,47,2026-02-06,STARTED,eng-005
188,L19-AppLayer,SYS-008,DH-2048,ML-KEM-768,70,2027-12-07,IN_PROGRESS,eng-001
189,L19-AppLayer,SYS-009,ECDSA-P256,ML-DSA-65,39,2026-10-01,STARTED,eng-015
190,L19-AppLayer,SYS-010,SHA-1,SHA3-256,13,2026-05-11,STARTED,eng-002
191,L20-DataAtRest,SYS-001,ECDSA-P256,ML-DSA-65,18,2027-06-26,STARTED,eng-005
192,L20-DataAtRest,SYS-002,SHA-1,SHA3-256,81,2027-03-27,IN_PROGRESS,eng-015
193,L20-DataAtRest,SYS-003,AES-128,AES-256,15,2026-07-31,STARTED,eng-019
194,L20-DataAtRest,SYS-004,AES-128,AES-256,20,2026-05-11,STARTED,eng-012
195,L20-DataAtRest,SYS-005,RSA-2048,ML-DSA-65,55,2026-03-28,IN_PROGRESS,eng-012
196,L20-DataAtRest,SYS-006,DH-2048,ML-KEM-768,9,2026-06-30,STARTED,eng-008
197,L20-DataAtRest,SYS-007,AES-128,AES-256,64,2027-01-01,IN_PROGRESS,eng-011
198,L20-DataAtRest,SYS-008,ECDSA-P256,ML-DSA-65,61,2026-08-17,IN_PROGRESS,eng-010
199,L20-DataAtRest,SYS-009,ECDSA-P256,ML-DSA-65,55,2027-10-10,IN_PROGRESS,eng-005
200,L20-DataAtRest,SYS-010,SHA-1,SHA3-256,77,2026-11-17,IN_PROGRESS,eng-009
201,L21-Backup,SYS-001,AES-128,AES-256,34,2026-06-16,STARTED,eng-020
202,L21-Backup,SYS-002,SHA-1,SHA3-256,69,2026-12-03,IN_PROGRESS,eng-006
203,L21-Backup,SYS-003,ECDSA-P256,ML-DSA-65,11,2027-11-29,STARTED,eng-015
204,L21-Backup,SYS-004,SHA-1,SHA3-256,46,2027-06-20,STARTED,eng-004
205,L21-Backup,SYS-005,AES-128,AES-256,38,2027-04-10,STARTED,eng-009
206,L21-Backup,SYS-006,ECDSA-P256,ML-DSA-65,24,2027-05-16,STARTED,eng-004
207,L21-Backup,SYS-007,RSA-2048,ML-DSA-65,29,2026-02-02,STARTED,eng-020
208,L21-Backup,SYS-008,DH-2048,ML-KEM-768,5,2027-10-30,STARTED,eng-004
209,L21-Backup,SYS-009,AES-128,AES-256,42,2027-02-05,STARTED,eng-020
210,L21-Backup,SYS-010,AES-128,AES-256,15,2027-09-09,STARTED,eng-010
211,L22-Logging,SYS-001,AES-128,AES-256,56,2026-02-02,IN_PROGRESS,eng-020
212,L22-Logging,SYS-002,SHA-1,SHA3-256,16,2026-12-02,STARTED,eng-008
213,L22-Logging,SYS-003,AES-128,AES-256,66,2027-10-02,IN_PROGRESS,eng-007
214,L22-Logging,SYS-004,SHA-1,SHA3-256,17,2026-08-11,STARTED,eng-005
215,L22-Logging,SYS-005,ECDSA-P256,ML-DSA-65,17,2026-05-15,STARTED,eng-010
216,L22-Logging,SYS-006,DH-2048,ML-KEM-768,93,2026-06-08,IN_PROGRESS,eng-013
217,L22-Logging,SYS-007,AES-128,AES-256,62,2027-10-28,IN_PROGRESS,eng-018
218,L22-Logging,SYS-008,RSA-2048,ML-DSA-65,31,2026-11-14,STARTED,eng-003
219,L22-Logging,SYS-009,SHA-1,SHA3-256,13,2026-10-09,STARTED,eng-012
220,L22-Logging,SYS-010,SHA-1,SHA3-256,29,2027-11-10,STARTED,eng-019
221,L23-SIEMSOAR,SYS-001,AES-128,AES-256,85,2027-07-22,IN_PROGRESS,eng-006
222,L23-SIEMSOAR,SYS-002,RSA-2048,ML-DSA-65,47,2026-02-27,STARTED,eng-002
223,L23-SIEMSOAR,SYS-003,SHA-1,SHA3-256,80,2026-02-06,IN_PROGRESS,eng-005
224,L23-SIEMSOAR,SYS-004,RSA-2048,ML-DSA-65,84,2027-08-09,IN_PROGRESS,eng-006
225,L23-SIEMSOAR,SYS-005,DH-2048,ML-KEM-768,89,2026-08-07,IN_PROGRESS,eng-011
226,L23-SIEMSOAR,SYS-006,AES-128,AES-256,69,2027-07-02,IN_PROGRESS,eng-005
227,L23-SIEMSOAR,SYS-007,ECDSA-P256,ML-DSA-65,69,2026-08-12,IN_PROGRESS,eng-013
228,L23-SIEMSOAR,SYS-008,AES-128,AES-256,0,2026-10-18,NOT_STARTED,eng-020
229,L23-SIEMSOAR,SYS-009,SHA-1,SHA3-256,59,2026-10-18,IN_PROGRESS,eng-020
230,L23-SIEMSOAR,SYS-010,AES-128,AES-256,37,2026-04-17,STARTED,eng-011
231,L24-SoftwareSBOM,SYS-001,DH-2048,ML-KEM-768,4,2027-11-01,STARTED,eng-015
232,L24-SoftwareSBOM,SYS-002,SHA-1,SHA3-256,90,2026-08-18,IN_PROGRESS,eng-008
233,L24-SoftwareSBOM,SYS-003,RSA-2048,ML-DSA-65,8,2026-07-16,STARTED,eng-001
234,L24-SoftwareSBOM,SYS-004,ECDSA-P256,ML-DSA-65,9,2026-02-23,STARTED,eng-015
235,L24-SoftwareSBOM,SYS-005,AES-128,AES-256,39,2027-11-03,STARTED,eng-013
236,L24-SoftwareSBOM,SYS-006,SHA-1,SHA3-256,51,2027-09-01,IN_PROGRESS,eng-006
237,L24-SoftwareSBOM,SYS-007,ECDSA-P256,ML-DSA-65,79,2026-04-15,IN_PROGRESS,eng-007
238,L24-SoftwareSBOM,SYS-008,AES-128,AES-256,75,2027-09-12,IN_PROGRESS,eng-020
239,L24-SoftwareSBOM,SYS-009,ECDSA-P256,ML-DSA-65,63,2026-10-05,IN_PROGRESS,eng-008
240,L24-SoftwareSBOM,SYS-010,RSA-2048,ML-DSA-65,4,2027-06-13,STARTED,eng-014
241,L25-DevSecOps,SYS-001,ECDSA-P256,ML-DSA-65,94,2026-10-20,IN_PROGRESS,eng-001
242,L25-DevSecOps,SYS-002,ECDSA-P256,ML-DSA-65,41,2027-01-24,STARTED,eng-014
243,L25-DevSecOps,SYS-003,ECDSA-P256,ML-DSA-65,19,2027-02-17,STARTED,eng-015
244,L25-DevSecOps,SYS-004,SHA-1,SHA3-256,79,2027-12-23,IN_PROGRESS,eng-001
245,L25-DevSecOps,SYS-005,AES-128,AES-256,19,2027-12-21,STARTED,eng-004
246,L25-DevSecOps,SYS-006,RSA-2048,ML-DSA-65,62,2027-12-08,IN_PROGRESS,eng-015
247,L25-DevSecOps,SYS-007,RSA-2048,ML-DSA-65,10,2027-03-27,STARTED,eng-002
248,L25-DevSecOps,SYS-008,SHA-1,SHA3-256,0,2026-08-10,NOT_STARTED,eng-006
249,L25-DevSecOps,SYS-009,RSA-2048,ML-DSA-65,28,2027-03-29,STARTED,eng-005
250,L25-DevSecOps,SYS-010,RSA-2048,ML-DSA-65,94,2027-01-30,IN_PROGRESS,eng-010
251,L26-IoT,SYS-001,DH-2048,ML-KEM-768,84,2027-07-06,IN_PROGRESS,eng-016
252,L26-IoT,SYS-002,ECDSA-P256,ML-DSA-65,30,2027-11-05,STARTED,eng-001
253,L26-IoT,SYS-003,AES-128,AES-256,55,2026-08-16,IN_PROGRESS,eng-020
254,L26-IoT,SYS-004,SHA-1,SHA3-256,58,2027-02-26,IN_PROGRESS,eng-020
255,L26-IoT,SYS-005,AES-128,AES-256,75,2026-10-09,IN_PROGRESS,eng-011
256,L26-IoT,SYS-006,DH-2048,ML-KEM-768,77,2026-12-28,IN_PROGRESS,eng-019
257,L26-IoT,SYS-007,AES-128,AES-256,63,2027-09-29,IN_PROGRESS,eng-005
258,L26-IoT,SYS-008,ECDSA-P256,ML-DSA-65,75,2026-09-22,IN_PROGRESS,eng-003
259,L26-IoT,SYS-009,DH-2048,ML-KEM-768,39,2026-05-21,STARTED,eng-010
260,L26-IoT,SYS-010,AES-128,AES-256,69,2026-04-24,IN_PROGRESS,eng-018
261,L27-Mobile,SYS-001,SHA-1,SHA3-256,98,2027-10-17,IN_PROGRESS,eng-010
262,L27-Mobile,SYS-002,SHA-1,SHA3-256,58,2026-10-19,IN_PROGRESS,eng-019
263,L27-Mobile,SYS-003,RSA-2048,ML-DSA-65,23,2026-04-01,STARTED,eng-013
264,L27-Mobile,SYS-004,RSA-2048,ML-DSA-65,94,2027-10-18,IN_PROGRESS,eng-006
265,L27-Mobile,SYS-005,RSA-2048,ML-DSA-65,80,2026-12-26,IN_PROGRESS,eng-020
266,L27-Mobile,SYS-006,SHA-1,SHA3-256,73,2027-08-30,IN_PROGRESS,eng-014
267,L27-Mobile,SYS-007,ECDSA-P256,ML-DSA-65,58,2026-03-12,IN_PROGRESS,eng-004
268,L27-Mobile,SYS-008,DH-2048,ML-KEM-768,67,2026-09-01,IN_PROGRESS,eng-013
269,L27-Mobile,SYS-009,ECDSA-P256,ML-DSA-65,44,2027-11-18,STARTED,eng-004
270,L27-Mobile,SYS-010,ECDSA-P256,ML-DSA-65,6,2027-09-02,STARTED,eng-002
271,L28-Payment,SYS-001,RSA-2048,ML-DSA-65,24,2026-12-17,STARTED,eng-012
272,L28-Payment,SYS-002,RSA-2048,ML-DSA-65,14,2026-07-26,STARTED,eng-009
273,L28-Payment,SYS-003,DH-2048,ML-KEM-768,9,2026-06-01,STARTED,eng-006
274,L28-Payment,SYS-004,AES-128,AES-256,8,2026-08-18,STARTED,eng-006
275,L28-Payment,SYS-005,DH-2048,ML-KEM-768,7,2027-07-05,STARTED,eng-016
276,L28-Payment,SYS-006,RSA-2048,ML-DSA-65,97,2027-05-03,IN_PROGRESS,eng-002
277,L28-Payment,SYS-007,ECDSA-P256,ML-DSA-65,70,2027-12-22,IN_PROGRESS,eng-010
278,L28-Payment,SYS-008,RSA-2048,ML-DSA-65,95,2026-03-11,IN_PROGRESS,eng-008
279,L28-Payment,SYS-009,RSA-2048,ML-DSA-65,89,2026-12-29,IN_PROGRESS,eng-006
280,L28-Payment,SYS-010,ECDSA-P256,ML-DSA-65,49,2027-04-10,STARTED,eng-019
281,L29-Compliance,SYS-001,ECDSA-P256,ML-DSA-65,41,2027-02-10,STARTED,eng-013
282,L29-Compliance,SYS-002,DH-2048,ML-KEM-768,3,2027-09-27,STARTED,eng-003
283,L29-Compliance,SYS-003,AES-128,AES-256,1,2026-03-08,STARTED,eng-014
284,L29-Compliance,SYS-004,DH-2048,ML-KEM-768,59,2027-02-19,IN_PROGRESS,eng-006
285,L29-Compliance,SYS-005,SHA-1,SHA3-256,98,2027-07-20,IN_PROGRESS,eng-005
286,L29-Compliance,SYS-006,RSA-2048,ML-DSA-65,56,2026-06-07,IN_PROGRESS,eng-017
287,L29-Compliance,SYS-007,SHA-1,SHA3-256,97,2026-06-09,IN_PROGRESS,eng-012
288,L29-Compliance,SYS-008,AES-128,AES-256,59,2026-09-08,IN_PROGRESS,eng-004
289,L29-Compliance,SYS-009,ECDSA-P256,ML-DSA-65,86,2027-04-13,IN_PROGRESS,eng-015
290,L29-Compliance,SYS-010,AES-128,AES-256,53,2027-05-21,IN_PROGRESS,eng-004
