# CATEGORY|NAME|URL

core|qiskit|https://github.com/Qiskit/qiskit.git
core|qiskit-aer|https://github.com/Qiskit/qiskit-aer.git
core|cirq|https://github.com/quantumlib/Cirq.git
core|pennylane|https://github.com/PennyLaneAI/pennylane.git
core|cuda-quantum|https://github.com/NVIDIA/cuda-quantum.git
core|mitiq|https://github.com/unitaryfund/mitiq.git
core|dwave-ocean-sdk|https://github.com/dwavesystems/dwave-ocean-sdk.git

compiler|mqt-qmap|https://github.com/qu-tan-um/mqt-qmap.git
compiler|bqskit|https://github.com/BQSKit/bqskit.git
compiler|tket|https://github.com/CQCL/tket.git
compiler|pyqir|https://github.com/qir-alliance/pyqir.git
compiler|qir-spec|https://github.com/qir-alliance/qir-spec.git
compiler|qiskit-addon-cutting|https://github.com/Qiskit/qiskit-addon-cutting.git

qec|stim|https://github.com/quantumlib/Stim.git
qec|pymatching|https://github.com/oscarhiggott/PyMatching.git
qec|qualtran|https://github.com/quantumlib/Qualtran.git
qec|qecsim|https://github.com/qecsim/qecsim.git
qec|panqec|https://github.com/panqec/panqec.git

chemistry|pyscf|https://github.com/pyscf/pyscf.git
chemistry|openfermion|https://github.com/quantumlib/OpenFermion.git
chemistry|qiskit-nature|https://github.com/qiskit-community/qiskit-nature.git
chemistry|qiskit-nature-pyscf|https://github.com/qiskit-community/qiskit-nature-pyscf.git
chemistry|qdk-chemistry|https://github.com/microsoft/qdk-chemistry.git

manybody|quspin|https://github.com/QuSpin/QuSpin.git
manybody|tenpy|https://github.com/tenpy/tenpy.git
manybody|netket|https://github.com/netket/netket.git

network|sequence|https://github.com/sequence-toolbox/SeQUeNCe.git
network|simqn|https://github.com/QNLab-USTC/SimQN.git
network|qunetsim|https://github.com/tqsd/QuNetSim.git
network|requsim|https://github.com/jwallnoefer/requsim.git

hardware|qibolab|https://github.com/qiboteam/qibolab.git
hardware|qibocal|https://github.com/qiboteam/qibocal.git
hardware|qibosoq|https://github.com/qiboteam/qibosoq.git
hardware|qick|https://github.com/openquantumhardware/qick.git
hardware|scqubits|https://github.com/scqubits/scqubits.git

fabrication|gdsfactory|https://github.com/gdsfactory/gdsfactory.git
fabrication|quantum-rf-pdk|https://github.com/gdsfactory/quantum-rf-pdk.git
fabrication|sqdmetal|https://github.com/sqdlab/SQDMetal.git
fabrication|kqcircuits|https://github.com/iqm-finland/KQCircuits.git
fabrication|palace|https://github.com/awslabs/palace.git

sensing|qudi-core|https://github.com/Ulm-IQO/qudi-core.git
sensing|qudi-iqo-modules|https://github.com/Ulm-IQO/qudi-iqo-modules.git
sensing|uncutgem|https://github.com/QuantumVillage/UncutGem.git
sensing|ramsey-fpga|https://github.com/Kleven2k/ramsey.git
sensing|nvratemodel|https://github.com/sernstETH/nvratemodel.git

metrology|quanestimation|https://github.com/QuanEstimation/QuanEstimation.git
metrology|quanestimation-education|https://github.com/QuanEstimation/Education.git
metrology|allantools|https://github.com/aewallin/allantools.git
metrology|kshana|https://github.com/AshfordeOU/kshana.git
