attack_id,attack_type,target_algorithm,n_qubits_required,success_probability,classical_time_years,quantum_time_hours,severity,year_feasible,description
ATK-0F3649AEF4,shor_rsa,RSA-2048,4099,0.878,980795614988.73,7.85,CRITICAL,2032,Shor factoring RSA-2048 modulus
ATK-7E86683F6A,shor_rsa,RSA-4096,8195,0.8373,935760464117322.5,187.15,HIGH,2037,Shor factoring RSA-4096 modulus
ATK-4D33D0EE45,shor_ecdsa,ECDSA-P256,2330,0.9226,10519754873.02,1.05,CRITICAL,2030,Shor solving ECDLP on P-256
ATK-0A2B59CC53,grover_aes,AES-128,3000,0.6711,9.766135164064357e+17,976.61,HIGH,2035,Grover's search on AES-128 keyspace
ATK-617C0E9C22,grover_aes,AES-256,6000,0.2877,1.0077258260396664e+38,1007725826.04,MEDIUM,2050,Grover's search on AES-256 keyspace
ATK-1204FEE539,harvest_decrypt,RSA-2048,4099,0.9669,997854991554.42,7.98,CRITICAL,2025,Harvest-Now Decrypt-Later on TLS sessions
ATK-AE9BFFB038,harvest_decrypt,DH-2048,4099,0.8995,1022643212360.75,12.27,CRITICAL,2025,Harvest-Now Decrypt-Later on Diffie-Hellman
ATK-9BC7B5404B,intercept_resend,QKD-BB84,50,0.1061,0.0,0.0,MEDIUM,2024,Intercept-resend attack on BB84 QKD
ATK-F3C01D3C92,side_channel,ML-DSA-65,0,0.1055,0.49,0.0,MEDIUM,2024,Power/timing side-channel on PQC implementation
ATK-BC4F29E522,grover_hash,SHA-256,1500,0.3982,9.304553068600346e+31,9304553068.6,LOW,2060,Grover's second-preimage attack on SHA-256
ATK-320B39F534,shor_rsa,RSA-2048,4099,0.8974,1069993438671.4,8.56,CRITICAL,2032,Shor factoring RSA-2048 modulus
ATK-A0B97AB2D8,shor_rsa,RSA-4096,8195,0.8793,1089371813411534.0,217.87,HIGH,2037,Shor factoring RSA-4096 modulus
ATK-0350E5C752,shor_ecdsa,ECDSA-P256,2330,0.9422,10548947126.98,1.05,CRITICAL,2030,Shor solving ECDLP on P-256
ATK-D3BF041DFE,grover_aes,AES-128,3000,0.5673,9.8052454597153e+17,980.52,HIGH,2035,Grover's search on AES-128 keyspace
ATK-A13A3271FD,grover_aes,AES-256,6000,0.1408,9.015239587801784e+37,901523958.78,MEDIUM,2050,Grover's search on AES-256 keyspace
ATK-8E772D0D61,harvest_decrypt,RSA-2048,4099,0.9714,1097913993795.42,8.78,CRITICAL,2025,Harvest-Now Decrypt-Later on TLS sessions
ATK-D52C31446B,harvest_decrypt,DH-2048,4099,0.961,992417336283.11,11.91,CRITICAL,2025,Harvest-Now Decrypt-Later on Diffie-Hellman
ATK-FF01C504D1,intercept_resend,QKD-BB84,50,0.1965,0.0,0.0,MEDIUM,2024,Intercept-resend attack on BB84 QKD
ATK-6323D768F0,side_channel,ML-DSA-65,0,0.0402,0.49,0.0,MEDIUM,2024,Power/timing side-channel on PQC implementation
ATK-E522FA2379,grover_hash,SHA-256,1500,0.2482,1.0841528456138738e+32,10841528456.14,LOW,2060,Grover's second-preimage attack on SHA-256
ATK-14B011C4CB,shor_rsa,RSA-2048,4099,0.9334,1058367822232.42,8.47,CRITICAL,2032,Shor factoring RSA-2048 modulus
ATK-69F7E7390B,shor_rsa,RSA-4096,8195,0.9416,1096577617790736.9,219.32,HIGH,2037,Shor factoring RSA-4096 modulus
ATK-D2EE1CC6AD,shor_ecdsa,ECDSA-P256,2330,0.9033,10320599305.27,1.03,CRITICAL,2030,Shor solving ECDLP on P-256
ATK-3FB2B28E58,grover_aes,AES-128,3000,0.6184,9.046607690620232e+17,904.66,HIGH,2035,Grover's search on AES-128 keyspace
ATK-FB524C4565,grover_aes,AES-256,6000,0.1162,1.0639336130306469e+38,1063933613.03,MEDIUM,2050,Grover's search on AES-256 keyspace
ATK-7F4AA6C97C,harvest_decrypt,RSA-2048,4099,0.9534,985084045875.09,7.88,CRITICAL,2025,Harvest-Now Decrypt-Later on TLS sessions
ATK-6700E61928,harvest_decrypt,DH-2048,4099,0.8805,961961385037.59,11.54,CRITICAL,2025,Harvest-Now Decrypt-Later on Diffie-Hellman
ATK-F9F1F1FFB0,intercept_resend,QKD-BB84,50,0.1285,0.0,0.0,MEDIUM,2024,Intercept-resend attack on BB84 QKD
ATK-3866075A3E,side_channel,ML-DSA-65,0,0.1202,0.47,0.0,MEDIUM,2024,Power/timing side-channel on PQC implementation
ATK-1C32A26FC9,grover_hash,SHA-256,1500,0.2634,9.110799813873078e+31,9110799813.87,LOW,2060,Grover's second-preimage attack on SHA-256
ATK-D56B2499CB,shor_rsa,RSA-2048,4099,0.9066,951515314795.78,7.61,CRITICAL,2032,Shor factoring RSA-2048 modulus
ATK-AC6A5A6E74,shor_rsa,RSA-4096,8195,0.8531,1052758985946105.2,210.55,HIGH,2037,Shor factoring RSA-4096 modulus
ATK-C5DC0B6E2A,shor_ecdsa,ECDSA-P256,2330,0.983,10389997817.22,1.04,CRITICAL,2030,Shor solving ECDLP on P-256
ATK-8B2499B7D7,grover_aes,AES-128,3000,0.716,9.26185388473502e+17,926.19,HIGH,2035,Grover's search on AES-128 keyspace
ATK-53C7789C98,grover_aes,AES-256,6000,0.2494,1.0199336063548058e+38,1019933606.35,MEDIUM,2050,Grover's search on AES-256 keyspace
ATK-DDD2CBCA82,harvest_decrypt,RSA-2048,4099,0.9663,1021606913121.38,8.17,CRITICAL,2025,Harvest-Now Decrypt-Later on TLS sessions
ATK-2D5B9F5C97,harvest_decrypt,DH-2048,4099,0.8929,919296649275.3,11.03,CRITICAL,2025,Harvest-Now Decrypt-Later on Diffie-Hellman
ATK-EF50C35FD1,intercept_resend,QKD-BB84,50,0.0766,0.0,0.0,MEDIUM,2024,Intercept-resend attack on BB84 QKD
ATK-7B417A6A26,side_channel,ML-DSA-65,0,0.0391,0.46,0.0,MEDIUM,2024,Power/timing side-channel on PQC implementation
ATK-19476C68CB,grover_hash,SHA-256,1500,0.4312,1.0121931468235053e+32,10121931468.24,LOW,2060,Grover's second-preimage attack on SHA-256
ATK-AA704DD4FD,shor_rsa,RSA-2048,4099,0.9685,1059593120565.87,8.48,CRITICAL,2032,Shor factoring RSA-2048 modulus
ATK-654D03D79E,shor_rsa,RSA-4096,8195,0.9234,923442654099860.9,184.69,HIGH,2037,Shor factoring RSA-4096 modulus
ATK-00BAC2B4AB,shor_ecdsa,ECDSA-P256,2330,0.9065,9371903876.64,0.94,CRITICAL,2030,Shor solving ECDLP on P-256
ATK-AEFAA14931,grover_aes,AES-128,3000,0.6464,9.575428560542292e+17,957.54,HIGH,2035,Grover's search on AES-128 keyspace
ATK-5E52A1D8F5,grover_aes,AES-256,6000,0.1433,9.095355292222425e+37,909535529.22,MEDIUM,2050,Grover's search on AES-256 keyspace
ATK-74EA277DC3,harvest_decrypt,RSA-2048,4099,0.9829,979820167030.03,7.84,CRITICAL,2025,Harvest-Now Decrypt-Later on TLS sessions
ATK-FD104DB5A7,harvest_decrypt,DH-2048,4099,0.9173,979882024803.67,11.76,CRITICAL,2025,Harvest-Now Decrypt-Later on Diffie-Hellman
ATK-FE41BF520D,intercept_resend,QKD-BB84,50,0.0639,0.0,0.0,MEDIUM,2024,Intercept-resend attack on BB84 QKD
ATK-E54C28BB65,side_channel,ML-DSA-65,0,0.1392,0.54,0.0,MEDIUM,2024,Power/timing side-channel on PQC implementation
ATK-7C965B7081,grover_hash,SHA-256,1500,0.3196,1.044332003380569e+32,10443320033.81,LOW,2060,Grover's second-preimage attack on SHA-256
ATK-8B13E5BC4E,shor_rsa,RSA-2048,4099,0.8936,988794756278.71,7.91,CRITICAL,2032,Shor factoring RSA-2048 modulus
ATK-B6A35B9D10,shor_rsa,RSA-4096,8195,0.898,1030866813996502.5,206.17,HIGH,2037,Shor factoring RSA-4096 modulus
ATK-C2EC8B3248,shor_ecdsa,ECDSA-P256,2330,0.9787,9621312828.45,0.96,CRITICAL,2030,Shor solving ECDLP on P-256
ATK-2705155EF9,grover_aes,AES-128,3000,0.5547,1.0441450481324388e+18,1044.15,HIGH,2035,Grover's search on AES-128 keyspace
ATK-A16C512DA9,grover_aes,AES-256,6000,0.2349,1.0618547792904766e+38,1061854779.29,MEDIUM,2050,Grover's search on AES-256 keyspace
ATK-2DFF88CC25,harvest_decrypt,RSA-2048,4099,0.9619,949944115256.6,7.6,CRITICAL,2025,Harvest-Now Decrypt-Later on TLS sessions
ATK-DBA25682F1,harvest_decrypt,DH-2048,4099,0.8872,1050301250754.43,12.6,CRITICAL,2025,Harvest-Now Decrypt-Later on Diffie-Hellman
ATK-B8D44CD233,intercept_resend,QKD-BB84,50,0.1946,0.0,0.0,MEDIUM,2024,Intercept-resend attack on BB84 QKD
ATK-263D9030B9,side_channel,ML-DSA-65,0,0.0804,0.48,0.0,MEDIUM,2024,Power/timing side-channel on PQC implementation
ATK-65B45268F3,grover_hash,SHA-256,1500,0.4624,1.081441130764496e+32,10814411307.64,LOW,2060,Grover's second-preimage attack on SHA-256
ATK-273B67AF9E,shor_rsa,RSA-2048,4099,0.9247,1057640831883.4,8.46,CRITICAL,2032,Shor factoring RSA-2048 modulus
ATK-AFC9E10FCE,shor_rsa,RSA-4096,8195,0.8385,1085966150307675.4,217.19,HIGH,2037,Shor factoring RSA-4096 modulus
ATK-74EC2E2373,shor_ecdsa,ECDSA-P256,2330,0.9368,10763157744.57,1.08,CRITICAL,2030,Shor solving ECDLP on P-256
ATK-4818D740C3,grover_aes,AES-128,3000,0.6528,1.0316434857641453e+18,1031.64,HIGH,2035,Grover's search on AES-128 keyspace
ATK-4D19199B56,grover_aes,AES-256,6000,0.2356,9.564581712766866e+37,956458171.28,MEDIUM,2050,Grover's search on AES-256 keyspace
ATK-69CAECE83E,harvest_decrypt,RSA-2048,4099,0.9895,1020855292473.3,8.17,CRITICAL,2025,Harvest-Now Decrypt-Later on TLS sessions
ATK-162ADB9DBC,harvest_decrypt,DH-2048,4099,0.9196,1033356339804.57,12.4,CRITICAL,2025,Harvest-Now Decrypt-Later on Diffie-Hellman
ATK-FBC1053D5F,intercept_resend,QKD-BB84,50,0.1831,0.0,0.0,MEDIUM,2024,Intercept-resend attack on BB84 QKD
ATK-4C2ECB1707,side_channel,ML-DSA-65,0,0.1034,0.48,0.0,MEDIUM,2024,Power/timing side-channel on PQC implementation
ATK-45727FDF53,grover_hash,SHA-256,1500,0.4894,1.0388674978843352e+32,10388674978.84,LOW,2060,Grover's second-preimage attack on SHA-256
ATK-06E8C8E817,shor_rsa,RSA-2048,4099,0.9431,938655389683.44,7.51,CRITICAL,2032,Shor factoring RSA-2048 modulus
ATK-48D2CD7612,shor_rsa,RSA-4096,8195,0.896,934331765457231.6,186.87,HIGH,2037,Shor factoring RSA-4096 modulus
ATK-BFE3A0B23A,shor_ecdsa,ECDSA-P256,2330,0.9669,10314333176.86,1.03,CRITICAL,2030,Shor solving ECDLP on P-256
ATK-8D55201F23,grover_aes,AES-128,3000,0.5578,1.0732551764045062e+18,1073.26,HIGH,2035,Grover's search on AES-128 keyspace
ATK-21D528FDBC,grover_aes,AES-256,6000,0.1691,1.0721010817017442e+38,1072101081.7,MEDIUM,2050,Grover's search on AES-256 keyspace
ATK-6497302C81,harvest_decrypt,RSA-2048,4099,0.9545,979980124538.57,7.84,CRITICAL,2025,Harvest-Now Decrypt-Later on TLS sessions
ATK-5828CDBD20,harvest_decrypt,DH-2048,4099,0.8801,1006349687580.02,12.08,CRITICAL,2025,Harvest-Now Decrypt-Later on Diffie-Hellman
ATK-CB6A530432,intercept_resend,QKD-BB84,50,0.1508,0.0,0.0,MEDIUM,2024,Intercept-resend attack on BB84 QKD
ATK-53882D4AAC,side_channel,ML-DSA-65,0,0.0334,0.52,0.0,MEDIUM,2024,Power/timing side-channel on PQC implementation
ATK-18380B3609,grover_hash,SHA-256,1500,0.3332,1.056974313863802e+32,10569743138.64,LOW,2060,Grover's second-preimage attack on SHA-256
ATK-BCEFC9BF02,shor_rsa,RSA-2048,4099,0.9548,941059312617.64,7.53,CRITICAL,2032,Shor factoring RSA-2048 modulus
ATK-BBE27B662C,shor_rsa,RSA-4096,8195,0.8702,1047785095001514.6,209.56,HIGH,2037,Shor factoring RSA-4096 modulus
ATK-2121802654,shor_ecdsa,ECDSA-P256,2330,0.9558,10062062108.9,1.01,CRITICAL,2030,Shor solving ECDLP on P-256
ATK-6F3AD73F7C,grover_aes,AES-128,3000,0.6913,1.0263390404440928e+18,1026.34,HIGH,2035,Grover's search on AES-128 keyspace
ATK-F7BB260F37,grover_aes,AES-256,6000,0.1401,1.0537872452847714e+38,1053787245.28,MEDIUM,2050,Grover's search on AES-256 keyspace
ATK-FA48F5E8AA,harvest_decrypt,RSA-2048,4099,0.9542,904123552142.89,7.23,CRITICAL,2025,Harvest-Now Decrypt-Later on TLS sessions
ATK-D246CED9CC,harvest_decrypt,DH-2048,4099,0.9322,961500215643.01,11.54,CRITICAL,2025,Harvest-Now Decrypt-Later on Diffie-Hellman
ATK-2AD1CEF85B,intercept_resend,QKD-BB84,50,0.1125,0.0,0.0,MEDIUM,2024,Intercept-resend attack on BB84 QKD
ATK-30FC816432,side_channel,ML-DSA-65,0,0.088,0.49,0.0,MEDIUM,2024,Power/timing side-channel on PQC implementation
ATK-2F3B06DB21,grover_hash,SHA-256,1500,0.3764,1.089662564860159e+32,10896625648.6,LOW,2060,Grover's second-preimage attack on SHA-256
ATK-0C39BA5F07,shor_rsa,RSA-2048,4099,0.9559,959034507265.69,7.67,CRITICAL,2032,Shor factoring RSA-2048 modulus
ATK-C1493D28F4,shor_rsa,RSA-4096,8195,0.919,1098364180123371.9,219.67,HIGH,2037,Shor factoring RSA-4096 modulus
ATK-4EE9FA14FB,shor_ecdsa,ECDSA-P256,2330,0.9155,9796893086.87,0.98,CRITICAL,2030,Shor solving ECDLP on P-256
ATK-8593FC58D6,grover_aes,AES-128,3000,0.5321,9.921644588247789e+17,992.16,HIGH,2035,Grover's search on AES-128 keyspace
ATK-EA9D4480C2,grover_aes,AES-256,6000,0.1893,9.261327265229339e+37,926132726.52,MEDIUM,2050,Grover's search on AES-256 keyspace
ATK-264B8D7624,harvest_decrypt,RSA-2048,4099,0.9781,1070044479809.16,8.56,CRITICAL,2025,Harvest-Now Decrypt-Later on TLS sessions
ATK-A9CCDE729C,harvest_decrypt,DH-2048,4099,0.9659,983632608595.32,11.8,CRITICAL,2025,Harvest-Now Decrypt-Later on Diffie-Hellman
ATK-F1339F5395,intercept_resend,QKD-BB84,50,0.0875,0.0,0.0,MEDIUM,2024,Intercept-resend attack on BB84 QKD
ATK-87DC0E2BD5,side_channel,ML-DSA-65,0,0.0902,0.48,0.0,MEDIUM,2024,Power/timing side-channel on PQC implementation
ATK-6E57B2225D,grover_hash,SHA-256,1500,0.3148,1.0779527465995425e+32,10779527466.0,LOW,2060,Grover's second-preimage attack on SHA-256
ATK-DAD1D5B6C5,shor_rsa,RSA-2048,4099,0.9812,1065333080161.63,8.52,CRITICAL,2032,Shor factoring RSA-2048 modulus
ATK-15CE3CE288,shor_rsa,RSA-4096,8195,0.9339,995834698636528.1,199.17,HIGH,2037,Shor factoring RSA-4096 modulus
ATK-981EA7C3B2,shor_ecdsa,ECDSA-P256,2330,0.9429,10778532265.37,1.08,CRITICAL,2030,Shor solving ECDLP on P-256
ATK-71C35721D2,grover_aes,AES-128,3000,0.5187,9.338963329500489e+17,933.9,HIGH,2035,Grover's search on AES-128 keyspace
ATK-6EB3D8D5BB,grover_aes,AES-256,6000,0.192,9.479146048384675e+37,947914604.84,MEDIUM,2050,Grover's search on AES-256 keyspace
ATK-698AB91B79,harvest_decrypt,RSA-2048,4099,0.9632,903082595936.76,7.22,CRITICAL,2025,Harvest-Now Decrypt-Later on TLS sessions
ATK-978C206368,harvest_decrypt,DH-2048,4099,0.9102,998824772346.23,11.99,CRITICAL,2025,Harvest-Now Decrypt-Later on Diffie-Hellman
ATK-8A0BA085F9,intercept_resend,QKD-BB84,50,0.1354,0.0,0.0,MEDIUM,2024,Intercept-resend attack on BB84 QKD
ATK-F719457B08,side_channel,ML-DSA-65,0,0.0987,0.5,0.0,MEDIUM,2024,Power/timing side-channel on PQC implementation
ATK-832674C96C,grover_hash,SHA-256,1500,0.3242,1.0165888701663696e+32,10165888701.66,LOW,2060,Grover's second-preimage attack on SHA-256
ATK-56DAF159F6,shor_rsa,RSA-2048,4099,0.9323,933196845853.56,7.47,CRITICAL,2032,Shor factoring RSA-2048 modulus
ATK-FB17105E65,shor_rsa,RSA-4096,8195,0.8054,909497689302657.2,181.9,HIGH,2037,Shor factoring RSA-4096 modulus
ATK-078CB575FF,shor_ecdsa,ECDSA-P256,2330,0.9207,9684779472.82,0.97,CRITICAL,2030,Shor solving ECDLP on P-256
ATK-6036529FB3,grover_aes,AES-128,3000,0.5396,1.0511037935199672e+18,1051.1,HIGH,2035,Grover's search on AES-128 keyspace
ATK-879367482A,grover_aes,AES-256,6000,0.2391,9.878162131570377e+37,987816213.16,MEDIUM,2050,Grover's search on AES-256 keyspace
ATK-7A094643D3,harvest_decrypt,RSA-2048,4099,0.9822,983543445512.06,7.87,CRITICAL,2025,Harvest-Now Decrypt-Later on TLS sessions
ATK-272D1E4C9B,harvest_decrypt,DH-2048,4099,0.8955,923433466977.87,11.08,CRITICAL,2025,Harvest-Now Decrypt-Later on Diffie-Hellman
ATK-6293CABB2F,intercept_resend,QKD-BB84,50,0.1048,0.0,0.0,MEDIUM,2024,Intercept-resend attack on BB84 QKD
ATK-E3A7E3B29E,side_channel,ML-DSA-65,0,0.0378,0.51,0.0,MEDIUM,2024,Power/timing side-channel on PQC implementation
ATK-8A6C7C14E1,grover_hash,SHA-256,1500,0.4105,1.0118000822866561e+32,10118000822.87,LOW,2060,Grover's second-preimage attack on SHA-256
ATK-9946E6D51C,shor_rsa,RSA-2048,4099,0.9641,1030519713401.73,8.24,CRITICAL,2032,Shor factoring RSA-2048 modulus
ATK-0193BFC5C2,shor_rsa,RSA-4096,8195,0.9017,916292601441478.8,183.26,HIGH,2037,Shor factoring RSA-4096 modulus
ATK-DB4CCCA807,shor_ecdsa,ECDSA-P256,2330,0.9743,10449495824.06,1.04,CRITICAL,2030,Shor solving ECDLP on P-256
ATK-D112B4F3B5,grover_aes,AES-128,3000,0.5216,9.30039522864406e+17,930.04,HIGH,2035,Grover's search on AES-128 keyspace
ATK-AEC01841C0,grover_aes,AES-256,6000,0.2293,1.0518367268334823e+38,1051836726.83,MEDIUM,2050,Grover's search on AES-256 keyspace
ATK-3DEC05280F,harvest_decrypt,RSA-2048,4099,0.9848,933312771251.66,7.47,CRITICAL,2025,Harvest-Now Decrypt-Later on TLS sessions
ATK-245561DDAE,harvest_decrypt,DH-2048,4099,0.9353,1043388423668.68,12.52,CRITICAL,2025,Harvest-Now Decrypt-Later on Diffie-Hellman
ATK-6250EAAA6F,intercept_resend,QKD-BB84,50,0.1417,0.0,0.0,MEDIUM,2024,Intercept-resend attack on BB84 QKD
ATK-070BD64EB9,side_channel,ML-DSA-65,0,0.0174,0.48,0.0,MEDIUM,2024,Power/timing side-channel on PQC implementation
ATK-D59C74A1D7,grover_hash,SHA-256,1500,0.3875,9.684804302594486e+31,9684804302.59,LOW,2060,Grover's second-preimage attack on SHA-256
ATK-E7330591C4,shor_rsa,RSA-2048,4099,0.8751,937598044138.35,7.5,CRITICAL,2032,Shor factoring RSA-2048 modulus
ATK-2B418DEE33,shor_rsa,RSA-4096,8195,0.8745,922227169791707.0,184.45,HIGH,2037,Shor factoring RSA-4096 modulus
ATK-207CF55026,shor_ecdsa,ECDSA-P256,2330,0.9658,10933281310.22,1.09,CRITICAL,2030,Shor solving ECDLP on P-256
ATK-6F7E963CE5,grover_aes,AES-128,3000,0.5942,9.025074977146004e+17,902.51,HIGH,2035,Grover's search on AES-128 keyspace
ATK-B46088291F,grover_aes,AES-256,6000,0.1194,1.0364243847031604e+38,1036424384.7,MEDIUM,2050,Grover's search on AES-256 keyspace
ATK-0353A7EB62,harvest_decrypt,RSA-2048,4099,0.9594,1058971185967.15,8.47,CRITICAL,2025,Harvest-Now Decrypt-Later on TLS sessions
ATK-831AC1895E,harvest_decrypt,DH-2048,4099,0.9514,988769794602.7,11.87,CRITICAL,2025,Harvest-Now Decrypt-Later on Diffie-Hellman
ATK-8F2F5285F9,intercept_resend,QKD-BB84,50,0.062,0.0,0.0,MEDIUM,2024,Intercept-resend attack on BB84 QKD
ATK-72ACA1AA50,side_channel,ML-DSA-65,0,0.1326,0.53,0.0,MEDIUM,2024,Power/timing side-channel on PQC implementation
ATK-F0B257FF06,grover_hash,SHA-256,1500,0.4322,1.067715387294401e+32,10677153872.94,LOW,2060,Grover's second-preimage attack on SHA-256
ATK-04823342EF,shor_rsa,RSA-2048,4099,0.8939,974623193223.78,7.8,CRITICAL,2032,Shor factoring RSA-2048 modulus
ATK-3DC65DE158,shor_rsa,RSA-4096,8195,0.8595,909120119488751.9,181.82,HIGH,2037,Shor factoring RSA-4096 modulus
ATK-1B23428F15,shor_ecdsa,ECDSA-P256,2330,0.9143,9601275294.25,0.96,CRITICAL,2030,Shor solving ECDLP on P-256
ATK-81AAD619A6,grover_aes,AES-128,3000,0.7202,1.0887287005950356e+18,1088.73,HIGH,2035,Grover's search on AES-128 keyspace
ATK-966727861C,grover_aes,AES-256,6000,0.1591,1.0619366162359756e+38,1061936616.24,MEDIUM,2050,Grover's search on AES-256 keyspace
ATK-AE7703F968,harvest_decrypt,RSA-2048,4099,0.9671,924720976490.44,7.4,CRITICAL,2025,Harvest-Now Decrypt-Later on TLS sessions
ATK-60CD99870B,harvest_decrypt,DH-2048,4099,0.9118,914460146487.2,10.97,CRITICAL,2025,Harvest-Now Decrypt-Later on Diffie-Hellman
ATK-A4453CFEB8,intercept_resend,QKD-BB84,50,0.0976,0.0,0.0,MEDIUM,2024,Intercept-resend attack on BB84 QKD
ATK-87C1331A38,side_channel,ML-DSA-65,0,0.0558,0.48,0.0,MEDIUM,2024,Power/timing side-channel on PQC implementation
ATK-1B9D027346,grover_hash,SHA-256,1500,0.2104,1.0658092826139073e+32,10658092826.14,LOW,2060,Grover's second-preimage attack on SHA-256
ATK-5AD7888EF6,shor_rsa,RSA-2048,4099,0.9354,1062777838514.26,8.5,CRITICAL,2032,Shor factoring RSA-2048 modulus
ATK-829BD8E97F,shor_rsa,RSA-4096,8195,0.904,1009595273659746.6,201.92,HIGH,2037,Shor factoring RSA-4096 modulus
ATK-E9C7B3C2D7,shor_ecdsa,ECDSA-P256,2330,0.9777,9037082877.21,0.9,CRITICAL,2030,Shor solving ECDLP on P-256
ATK-5A9404EFF6,grover_aes,AES-128,3000,0.5999,9.577548648997382e+17,957.75,HIGH,2035,Grover's search on AES-128 keyspace
ATK-61E76589AA,grover_aes,AES-256,6000,0.2802,1.0024544517928551e+38,1002454451.79,MEDIUM,2050,Grover's search on AES-256 keyspace
ATK-FD5A7FF53C,harvest_decrypt,RSA-2048,4099,0.971,945565875134.1,7.56,CRITICAL,2025,Harvest-Now Decrypt-Later on TLS sessions
ATK-7672701C78,harvest_decrypt,DH-2048,4099,0.8991,1098328170261.64,13.18,CRITICAL,2025,Harvest-Now Decrypt-Later on Diffie-Hellman
ATK-75D4C8F9AC,intercept_resend,QKD-BB84,50,0.0746,0.0,0.0,MEDIUM,2024,Intercept-resend attack on BB84 QKD
ATK-0DB4B152B3,side_channel,ML-DSA-65,0,0.0709,0.51,0.0,MEDIUM,2024,Power/timing side-channel on PQC implementation
ATK-868290CA06,grover_hash,SHA-256,1500,0.2086,1.0131123229020907e+32,10131123229.02,LOW,2060,Grover's second-preimage attack on SHA-256
ATK-1FEAA17EF9,shor_rsa,RSA-2048,4099,0.9761,940407222705.71,7.52,CRITICAL,2032,Shor factoring RSA-2048 modulus
ATK-472F6FADA1,shor_rsa,RSA-4096,8195,0.8451,935949518724174.0,187.19,HIGH,2037,Shor factoring RSA-4096 modulus
ATK-7BED96A0BE,shor_ecdsa,ECDSA-P256,2330,0.9229,10978403640.99,1.1,CRITICAL,2030,Shor solving ECDLP on P-256
ATK-EC8ED82F53,grover_aes,AES-128,3000,0.6077,1.0159508373799917e+18,1015.95,HIGH,2035,Grover's search on AES-128 keyspace
ATK-350B29A389,grover_aes,AES-256,6000,0.2287,9.006439282486854e+37,900643928.25,MEDIUM,2050,Grover's search on AES-256 keyspace
ATK-351AC2E819,harvest_decrypt,RSA-2048,4099,0.9875,1000595616394.02,8.0,CRITICAL,2025,Harvest-Now Decrypt-Later on TLS sessions
ATK-859BA666A7,harvest_decrypt,DH-2048,4099,0.8867,1095331842372.19,13.14,CRITICAL,2025,Harvest-Now Decrypt-Later on Diffie-Hellman
ATK-EC399A53EF,intercept_resend,QKD-BB84,50,0.1012,0.0,0.0,MEDIUM,2024,Intercept-resend attack on BB84 QKD
ATK-B724EEC781,side_channel,ML-DSA-65,0,0.1384,0.46,0.0,MEDIUM,2024,Power/timing side-channel on PQC implementation
ATK-FB125D5217,grover_hash,SHA-256,1500,0.3506,9.181988051080332e+31,9181988051.08,LOW,2060,Grover's second-preimage attack on SHA-256
ATK-09F8340E53,shor_rsa,RSA-2048,4099,0.9302,946524172624.4,7.57,CRITICAL,2032,Shor factoring RSA-2048 modulus
ATK-A5F34B8851,shor_rsa,RSA-4096,8195,0.9282,941679714196128.9,188.34,HIGH,2037,Shor factoring RSA-4096 modulus
ATK-C00A42DBD5,shor_ecdsa,ECDSA-P256,2330,0.9182,9872673297.1,0.99,CRITICAL,2030,Shor solving ECDLP on P-256
ATK-75BBBDF7DB,grover_aes,AES-128,3000,0.5337,1.0601291301452788e+18,1060.13,HIGH,2035,Grover's search on AES-128 keyspace
ATK-03A85867F2,grover_aes,AES-256,6000,0.1497,1.0476304246446686e+38,1047630424.64,MEDIUM,2050,Grover's search on AES-256 keyspace
ATK-D8B4848E64,harvest_decrypt,RSA-2048,4099,0.9603,1068180229792.75,8.55,CRITICAL,2025,Harvest-Now Decrypt-Later on TLS sessions
ATK-E5032ED3E8,harvest_decrypt,DH-2048,4099,0.9405,1030294606858.23,12.36,CRITICAL,2025,Harvest-Now Decrypt-Later on Diffie-Hellman
ATK-A126B31A4B,intercept_resend,QKD-BB84,50,0.1806,0.0,0.0,MEDIUM,2024,Intercept-resend attack on BB84 QKD
ATK-4F4C3881AE,side_channel,ML-DSA-65,0,0.0429,0.5,0.0,MEDIUM,2024,Power/timing side-channel on PQC implementation
ATK-A880F2E401,grover_hash,SHA-256,1500,0.4061,1.0048980388444292e+32,10048980388.44,LOW,2060,Grover's second-preimage attack on SHA-256
ATK-70948A3675,shor_rsa,RSA-2048,4099,0.9234,984199444048.75,7.87,CRITICAL,2032,Shor factoring RSA-2048 modulus
ATK-B271B33F4A,shor_rsa,RSA-4096,8195,0.8376,914496457936796.4,182.9,HIGH,2037,Shor factoring RSA-4096 modulus
ATK-BE99B67EA4,shor_ecdsa,ECDSA-P256,2330,0.9301,10534237348.51,1.05,CRITICAL,2030,Shor solving ECDLP on P-256
ATK-F9448AE6F2,grover_aes,AES-128,3000,0.6984,9.378177480355471e+17,937.82,HIGH,2035,Grover's search on AES-128 keyspace
ATK-993A11EB4C,grover_aes,AES-256,6000,0.1076,9.059200345625059e+37,905920034.56,MEDIUM,2050,Grover's search on AES-256 keyspace
ATK-6EAF68D837,harvest_decrypt,RSA-2048,4099,0.9576,912430687718.38,7.3,CRITICAL,2025,Harvest-Now Decrypt-Later on TLS sessions
ATK-3D65DBCE70,harvest_decrypt,DH-2048,4099,0.9064,909994497393.13,10.92,CRITICAL,2025,Harvest-Now Decrypt-Later on Diffie-Hellman
ATK-C67AA3EBB1,intercept_resend,QKD-BB84,50,0.1885,0.0,0.0,MEDIUM,2024,Intercept-resend attack on BB84 QKD
ATK-4FE15EECB0,side_channel,ML-DSA-65,0,0.0908,0.48,0.0,MEDIUM,2024,Power/timing side-channel on PQC implementation
ATK-4588BF9164,grover_hash,SHA-256,1500,0.4177,9.590664717499018e+31,9590664717.5,LOW,2060,Grover's second-preimage attack on SHA-256
ATK-EA0111F87B,shor_rsa,RSA-2048,4099,0.8982,922815239666.84,7.38,CRITICAL,2032,Shor factoring RSA-2048 modulus
ATK-1095E235E2,shor_rsa,RSA-4096,8195,0.8458,928458499456337.2,185.69,HIGH,2037,Shor factoring RSA-4096 modulus
ATK-1B4182B64F,shor_ecdsa,ECDSA-P256,2330,0.9407,9520756217.81,0.95,CRITICAL,2030,Shor solving ECDLP on P-256
ATK-89487585D1,grover_aes,AES-128,3000,0.5068,1.0887097596501472e+18,1088.71,HIGH,2035,Grover's search on AES-128 keyspace
ATK-1624A84C4C,grover_aes,AES-256,6000,0.2217,9.463199647383933e+37,946319964.74,MEDIUM,2050,Grover's search on AES-256 keyspace
ATK-2CAF538B9A,harvest_decrypt,RSA-2048,4099,0.9652,1066964676769.31,8.54,CRITICAL,2025,Harvest-Now Decrypt-Later on TLS sessions
ATK-5A974E3961,harvest_decrypt,DH-2048,4099,0.9086,971767391177.06,11.66,CRITICAL,2025,Harvest-Now Decrypt-Later on Diffie-Hellman
ATK-A18A2200B0,intercept_resend,QKD-BB84,50,0.1307,0.0,0.0,MEDIUM,2024,Intercept-resend attack on BB84 QKD
ATK-76AA9AAF16,side_channel,ML-DSA-65,0,0.013,0.53,0.0,MEDIUM,2024,Power/timing side-channel on PQC implementation
ATK-065B3B4159,grover_hash,SHA-256,1500,0.2666,9.351884740768042e+31,9351884740.77,LOW,2060,Grover's second-preimage attack on SHA-256
