log_id,scenario_id,defense_applied,defense_effectiveness_pct,cost_usd,implementation_days,status
DEF-FD6659D16C,ATK-351AC2E819,quantum_random_number_generator,63.1,52945.44,1,TESTING
DEF-E07EFAD198,ATK-3D65DBCE70,deploy_ml_kem_768,95.2,14982.95,95,TESTING
DEF-29088FE8D5,ATK-81AAD619A6,rotate_keys_daily,52.9,1900.68,166,DEPLOYED
DEF-551507FA0B,ATK-45727FDF53,implement_timing_countermeasures,59.5,13480.32,136,DEPLOYED
DEF-C53B6E2885,ATK-6F3AD73F7C,deploy_ml_kem_768,100,15981.88,159,DEPLOYED
DEF-CFF671CABA,ATK-74EC2E2373,deploy_qkd_bb84,87.1,262134.79,55,TESTING
DEF-3C1A7F3928,ATK-FBC1053D5F,enable_hsm_pqc,85.9,36426.93,20,TESTING
DEF-DC83FDBB0C,ATK-2CAF538B9A,deploy_ml_kem_768,96.8,16432.55,114,TESTING
DEF-E24C9A778D,ATK-A126B31A4B,implement_timing_countermeasures,57.1,10728.87,137,DEPLOYED
DEF-514F994A81,ATK-829BD8E97F,deploy_qkd_bb84,79.0,220841.35,72,TESTING
DEF-C907D82628,ATK-4F4C3881AE,enable_hsm_pqc,82.6,36335.0,6,DEPLOYED
DEF-47A884A1AB,ATK-6EB3D8D5BB,quantum_random_number_generator,60.7,38334.61,50,TESTING
DEF-6FEC564CC2,ATK-2121802654,quantum_random_number_generator,67.6,36352.64,56,DEPLOYED
DEF-A88B265F6E,ATK-8D55201F23,deploy_ml_kem_768,82.7,17493.95,47,DEPLOYED
DEF-9ED04FFD5A,ATK-6700E61928,deploy_qkd_bb84,89.2,270566.35,80,DEPLOYED
DEF-28014A11D0,ATK-4C2ECB1707,rotate_keys_daily,51.0,1677.03,135,DEPLOYED
DEF-3654168567,ATK-1B4182B64F,deploy_qkd_bb84,86.7,272721.53,71,DEPLOYED
DEF-E3F1D94B43,ATK-4D19199B56,deploy_ml_dsa_65,95.0,16970.43,122,TESTING
DEF-1E3CEBF9BD,ATK-2DFF88CC25,enable_pfs,82.2,5195.47,129,DEPLOYED
DEF-0EEB011DDB,ATK-FE41BF520D,enable_hsm_pqc,81.0,31541.43,118,DEPLOYED
DEF-0D8271DFE4,ATK-070BD64EB9,enable_pfs,71.0,5020.79,59,PLANNED
DEF-E7F2BF2CFB,ATK-1B23428F15,implement_timing_countermeasures,58.2,9938.75,112,DEPLOYED
DEF-F90C9B2E66,ATK-C67AA3EBB1,quantum_random_number_generator,59.5,49048.53,103,PLANNED
DEF-35342F3BD2,ATK-6293CABB2F,deploy_ml_kem_768,82.7,15036.65,28,DEPLOYED
DEF-9B303A0BBA,ATK-76AA9AAF16,deploy_ml_dsa_65,84.5,17599.31,62,DEPLOYED
DEF-AAEB33FE3C,ATK-B271B33F4A,migrate_to_aes_256,62.8,8740.47,80,DEPLOYED
DEF-330F3D96D8,ATK-75D4C8F9AC,network_segmentation,49.3,17519.65,29,DEPLOYED
DEF-B40D1FABD2,ATK-71C35721D2,deploy_ml_dsa_65,99.1,13308.09,86,PLANNED
DEF-DCAD3FEB83,ATK-DB4CCCA807,deploy_ml_dsa_65,89.2,17797.97,139,PLANNED
DEF-62A4DD1785,ATK-A880F2E401,implement_timing_countermeasures,53.6,10227.45,84,PLANNED
DEF-D0789D953C,ATK-1FEAA17EF9,migrate_to_aes_256,73.5,8995.09,134,PLANNED
DEF-6EC982DC8F,ATK-61E76589AA,rotate_keys_daily,54.7,2368.43,89,PLANNED
DEF-7AD8AE2CCF,ATK-831AC1895E,enable_pfs,79.7,5689.89,79,DEPLOYED
DEF-6D75711BF8,ATK-C5DC0B6E2A,deploy_ml_dsa_65,92.3,14064.24,112,DEPLOYED
DEF-5678C3E076,ATK-1B23428F15,deploy_ml_kem_768,92.8,21276.26,75,DEPLOYED
DEF-4D0C4AA56F,ATK-A18A2200B0,enable_pfs,76.9,5386.08,177,DEPLOYED
DEF-EACA5098E0,ATK-2AD1CEF85B,network_segmentation,45.5,21343.65,109,DEPLOYED
DEF-A0CDAF85D1,ATK-0193BFC5C2,enable_pfs,68.6,5257.46,101,TESTING
DEF-0BEE156136,ATK-350B29A389,network_segmentation,47.9,18981.01,97,DEPLOYED
DEF-9AE55775CC,ATK-0C39BA5F07,deploy_ml_kem_768,100,21468.82,35,DEPLOYED
DEF-BDCBDBA7DD,ATK-EA9D4480C2,deploy_qkd_bb84,83.8,291906.08,100,DEPLOYED
DEF-3B304188A9,ATK-09F8340E53,quantum_random_number_generator,62.8,38236.04,75,DEPLOYED
DEF-FEC6CD731F,ATK-8B2499B7D7,rotate_keys_daily,56.6,1707.91,74,DEPLOYED
DEF-4D840B8B71,ATK-4818D740C3,network_segmentation,47.6,18098.06,106,PLANNED
DEF-419ECEEA4F,ATK-EA0111F87B,network_segmentation,43.8,18426.45,99,DEPLOYED
DEF-DA4AD87CBA,ATK-DB4CCCA807,implement_timing_countermeasures,51.4,11961.41,167,DEPLOYED
DEF-39AC511A47,ATK-D59C74A1D7,enable_hsm_pqc,92.3,31383.39,10,DEPLOYED
DEF-5D4A5FE7E1,ATK-0C39BA5F07,enable_hsm_pqc,91.1,28978.44,144,DEPLOYED
DEF-67CDD35A74,ATK-320B39F534,implement_timing_countermeasures,60.3,12170.89,17,DEPLOYED
DEF-C5BE7292E0,ATK-7A094643D3,migrate_to_aes_256,71.6,9382.91,52,PLANNED
DEF-7EA037AEA3,ATK-2DFF88CC25,enable_hsm_pqc,85.4,38055.27,12,PLANNED
DEF-B8B3F3FAA6,ATK-FE41BF520D,migrate_to_aes_256,63.4,8449.02,33,PLANNED
DEF-9332E220DB,ATK-A18A2200B0,enable_hsm_pqc,81.7,36523.2,9,DEPLOYED
DEF-859685BEB6,ATK-AE7703F968,deploy_ml_dsa_65,92.6,16119.14,101,DEPLOYED
DEF-2025238EB0,ATK-2F3B06DB21,enable_hsm_pqc,90.3,31979.28,179,DEPLOYED
DEF-D10CE59AAF,ATK-264B8D7624,deploy_ml_dsa_65,95.7,15456.15,138,DEPLOYED
DEF-1942ED7037,ATK-2B418DEE33,rotate_keys_daily,57.3,1811.15,66,TESTING
DEF-801EBBA265,ATK-162ADB9DBC,deploy_ml_kem_768,90.0,17369.7,156,DEPLOYED
DEF-044612C0A3,ATK-9BC7B5404B,enable_hsm_pqc,76.5,30406.73,180,DEPLOYED
DEF-F7ACA3A2D6,ATK-BE99B67EA4,migrate_to_aes_256,63.7,8557.87,5,DEPLOYED
DEF-F1992CDF47,ATK-2121802654,network_segmentation,51.1,18398.02,101,DEPLOYED
DEF-9C23A8B1B4,ATK-00BAC2B4AB,rotate_keys_daily,48.5,1812.11,2,DEPLOYED
DEF-3576D8F2A3,ATK-D112B4F3B5,network_segmentation,47.1,18221.01,162,DEPLOYED
DEF-718443BC46,ATK-75D4C8F9AC,enable_pfs,73.2,4282.15,13,PLANNED
DEF-A3936BCDCF,ATK-8A6C7C14E1,rotate_keys_daily,52.9,2069.97,55,PLANNED
DEF-8953BA66A9,ATK-F7BB260F37,deploy_ml_kem_768,97.8,17256.73,109,PLANNED
DEF-DEF0FBC545,ATK-D52C31446B,implement_timing_countermeasures,54.9,10634.57,23,DEPLOYED
DEF-6D17AED31C,ATK-74EC2E2373,migrate_to_aes_256,72.6,7637.4,105,DEPLOYED
DEF-D8A1D52DB6,ATK-A13A3271FD,implement_timing_countermeasures,52.0,9885.77,23,TESTING
DEF-10F8DC206E,ATK-078CB575FF,rotate_keys_daily,49.1,2380.74,87,PLANNED
DEF-B23D2554F2,ATK-EC8ED82F53,deploy_ml_dsa_65,98.9,15914.46,110,PLANNED
DEF-821261C22C,ATK-AEFAA14931,rotate_keys_daily,50.3,2189.37,160,DEPLOYED
DEF-E59F11A519,ATK-53C7789C98,enable_hsm_pqc,86.7,37675.42,124,TESTING
DEF-DEFF3C555D,ATK-AEC01841C0,enable_hsm_pqc,79.8,37612.82,153,PLANNED
DEF-D933C42B7E,ATK-065B3B4159,deploy_qkd_bb84,81.4,261465.06,26,TESTING
DEF-8605CEE349,ATK-272D1E4C9B,deploy_ml_dsa_65,99.1,17413.92,50,DEPLOYED
DEF-D1F9EE284B,ATK-BCEFC9BF02,implement_timing_countermeasures,56.9,11428.78,16,DEPLOYED
DEF-E9C4F1BE4E,ATK-04823342EF,enable_pfs,82.0,4243.47,110,PLANNED
DEF-3271DCF96F,ATK-E54C28BB65,deploy_ml_dsa_65,82.9,15532.44,35,DEPLOYED
DEF-5F8995D699,ATK-8E772D0D61,deploy_qkd_bb84,72.6,270526.11,12,DEPLOYED
DEF-AE05DCB9EB,ATK-C2EC8B3248,deploy_ml_dsa_65,84.4,17637.06,55,PLANNED
DEF-F8E90D2E84,ATK-0C39BA5F07,deploy_ml_dsa_65,84.2,13586.07,94,DEPLOYED
DEF-F38B045096,ATK-7A094643D3,implement_timing_countermeasures,53.9,9683.48,27,DEPLOYED
DEF-1D08268849,ATK-A16C512DA9,quantum_random_number_generator,72.9,50796.39,103,DEPLOYED
DEF-A952FA721F,ATK-9946E6D51C,implement_timing_countermeasures,55.1,12996.31,86,DEPLOYED
DEF-8AB568D2E8,ATK-9BC7B5404B,enable_hsm_pqc,88.2,28203.92,66,PLANNED
DEF-DBA5C8A957,ATK-9BC7B5404B,quantum_random_number_generator,60.8,37945.58,109,DEPLOYED
DEF-2B548976B0,ATK-5AD7888EF6,deploy_ml_dsa_65,84.1,14153.66,87,DEPLOYED
DEF-E9B5F9ABF2,ATK-FBC1053D5F,implement_timing_countermeasures,62.0,13891.18,100,DEPLOYED
DEF-0E10A572AA,ATK-8F2F5285F9,quantum_random_number_generator,71.1,47975.93,21,DEPLOYED
DEF-FED1EA9B24,ATK-B6A35B9D10,enable_hsm_pqc,77.8,29141.9,29,DEPLOYED
DEF-59858861DE,ATK-74EC2E2373,rotate_keys_daily,56.2,2381.54,14,DEPLOYED
DEF-BDCDD05458,ATK-00BAC2B4AB,network_segmentation,45.0,20497.65,167,DEPLOYED
DEF-F0D9C9DEDC,ATK-6250EAAA6F,implement_timing_countermeasures,54.8,11409.81,46,DEPLOYED
DEF-6A20FD68D8,ATK-B724EEC781,quantum_random_number_generator,70.5,48059.37,16,DEPLOYED
DEF-F8A606166C,ATK-EF50C35FD1,deploy_ml_dsa_65,86.5,14121.24,16,DEPLOYED
DEF-FEEA6E4CE8,ATK-4818D740C3,deploy_qkd_bb84,83.3,257831.12,81,DEPLOYED
DEF-65DDF6AED3,ATK-3866075A3E,deploy_ml_dsa_65,85.5,14589.57,154,DEPLOYED
DEF-2EACFBE9D2,ATK-D8B4848E64,network_segmentation,44.3,21096.75,50,DEPLOYED
DEF-20EF6550B4,ATK-75D4C8F9AC,enable_hsm_pqc,83.4,29956.26,60,DEPLOYED
DEF-8AB0363000,ATK-978C206368,rotate_keys_daily,55.7,1962.92,51,TESTING
DEF-0FA896BDE9,ATK-BC4F29E522,migrate_to_aes_256,74.0,7300.43,56,DEPLOYED
DEF-A3AAED891B,ATK-3DC65DE158,enable_hsm_pqc,90.6,30873.15,10,DEPLOYED
DEF-CDB40C1F38,ATK-FB17105E65,deploy_ml_dsa_65,99.5,13632.31,4,DEPLOYED
DEF-3A2625B3EB,ATK-AC6A5A6E74,deploy_ml_kem_768,85.7,16191.5,20,DEPLOYED
DEF-1C4F3A230F,ATK-4C2ECB1707,deploy_ml_kem_768,82.8,20594.2,96,DEPLOYED
DEF-1BC6564AEC,ATK-832674C96C,enable_pfs,75.1,5199.05,47,TESTING
DEF-A804BC015B,ATK-E522FA2379,migrate_to_aes_256,68.6,7426.06,91,DEPLOYED
DEF-4B5ABDA9EE,ATK-320B39F534,deploy_qkd_bb84,83.5,230725.93,164,DEPLOYED
DEF-286B788742,ATK-1095E235E2,migrate_to_aes_256,61.8,8164.67,167,DEPLOYED
DEF-FBA6D8AF09,ATK-3DC65DE158,quantum_random_number_generator,66.0,40858.51,107,DEPLOYED
DEF-30207965D5,ATK-D56B2499CB,deploy_ml_kem_768,83.1,17859.46,47,DEPLOYED
DEF-90FA4A7698,ATK-E522FA2379,enable_pfs,70.7,4852.26,151,DEPLOYED
DEF-30E9EE21C9,ATK-207CF55026,deploy_ml_kem_768,97.6,15903.88,138,DEPLOYED
DEF-748E60AF9C,ATK-0DB4B152B3,quantum_random_number_generator,65.7,46948.75,70,PLANNED
DEF-191AC79F98,ATK-A18A2200B0,deploy_qkd_bb84,81.1,212990.92,119,PLANNED
DEF-D9572ABA3A,ATK-1B4182B64F,implement_timing_countermeasures,62.2,13209.49,63,PLANNED
DEF-F299AA303F,ATK-FF01C504D1,quantum_random_number_generator,71.7,51818.88,165,DEPLOYED
DEF-2E0C61B240,ATK-0353A7EB62,enable_pfs,77.6,5767.3,33,PLANNED
DEF-971E975CEA,ATK-617C0E9C22,quantum_random_number_generator,65.4,47871.1,73,TESTING
DEF-5708BE802B,ATK-5A9404EFF6,enable_pfs,78.7,5756.46,14,DEPLOYED
DEF-25917D6219,ATK-4D19199B56,quantum_random_number_generator,62.3,45164.2,93,DEPLOYED
DEF-6A7A2D5B9B,ATK-AE7703F968,enable_pfs,78.1,4964.68,119,DEPLOYED
DEF-A5EE8B7E78,ATK-A5F34B8851,implement_timing_countermeasures,55.5,10764.15,72,DEPLOYED
DEF-4EC3AFC667,ATK-C67AA3EBB1,migrate_to_aes_256,70.0,8297.82,124,PLANNED
DEF-1BB12E4046,ATK-6293CABB2F,enable_pfs,75.6,5296.05,45,DEPLOYED
DEF-A0C1012B0B,ATK-6293CABB2F,quantum_random_number_generator,63.8,36526.12,72,DEPLOYED
DEF-D9625DBD51,ATK-1B4182B64F,implement_timing_countermeasures,51.2,14095.91,33,PLANNED
DEF-9A82F57656,ATK-6E57B2225D,network_segmentation,45.2,16721.07,132,PLANNED
DEF-406D1B006D,ATK-19476C68CB,quantum_random_number_generator,62.0,42696.38,7,PLANNED
DEF-7190B2A055,ATK-FB17105E65,deploy_ml_kem_768,91.8,18763.52,79,PLANNED
DEF-07AD36694F,ATK-4588BF9164,rotate_keys_daily,55.3,2301.84,125,DEPLOYED
DEF-B6A1FA9933,ATK-5AD7888EF6,quantum_random_number_generator,60.7,46410.35,153,DEPLOYED
DEF-451525A87A,ATK-75BBBDF7DB,migrate_to_aes_256,66.2,6728.98,7,DEPLOYED
DEF-394A241083,ATK-966727861C,enable_pfs,79.9,5412.52,54,DEPLOYED
DEF-A4531CBF8C,ATK-2DFF88CC25,quantum_random_number_generator,66.2,36799.07,98,TESTING
DEF-229DEA913D,ATK-74EA277DC3,deploy_qkd_bb84,87.8,272040.03,53,PLANNED
DEF-47A1EF0BF4,ATK-FB17105E65,deploy_ml_kem_768,84.1,15725.78,177,PLANNED
DEF-16B20A2B8B,ATK-5828CDBD20,enable_pfs,71.3,4854.92,28,DEPLOYED
DEF-5499C86138,ATK-2D5B9F5C97,deploy_ml_kem_768,98.5,20051.06,60,PLANNED
DEF-1BE9F59BE2,ATK-21D528FDBC,deploy_ml_kem_768,83.8,16178.27,122,DEPLOYED
DEF-B9CB495B0B,ATK-56DAF159F6,network_segmentation,50.4,18641.82,151,PLANNED
DEF-19C157CB80,ATK-EA0111F87B,implement_timing_countermeasures,59.8,11753.25,60,DEPLOYED
DEF-953614C589,ATK-264B8D7624,rotate_keys_daily,51.9,1802.11,178,TESTING
DEF-3AB9198574,ATK-A16C512DA9,implement_timing_countermeasures,51.9,12071.21,126,PLANNED
DEF-4D61E3ABD0,ATK-832674C96C,network_segmentation,42.7,21423.95,137,DEPLOYED
DEF-13C91CF537,ATK-1FEAA17EF9,migrate_to_aes_256,74.7,7813.29,106,TESTING
DEF-6286924D29,ATK-831AC1895E,deploy_ml_dsa_65,84.3,12454.08,166,TESTING
DEF-328EB28A0A,ATK-87DC0E2BD5,enable_pfs,70.2,4448.7,167,DEPLOYED
DEF-3F09E0BE3F,ATK-DB4CCCA807,deploy_ml_kem_768,93.8,18521.77,9,DEPLOYED
DEF-F0DFFD4BD6,ATK-1095E235E2,rotate_keys_daily,52.9,2324.86,35,DEPLOYED
DEF-B8A90C4783,ATK-8593FC58D6,implement_timing_countermeasures,57.4,10535.74,32,DEPLOYED
DEF-42ECCE1429,ATK-DAD1D5B6C5,enable_hsm_pqc,81.8,33170.85,174,DEPLOYED
DEF-34C65C73C5,ATK-1B9D027346,deploy_ml_dsa_65,82.2,17931.46,132,DEPLOYED
DEF-9660D048C4,ATK-070BD64EB9,network_segmentation,51.6,21947.05,75,TESTING
DEF-D4DCC05F93,ATK-9946E6D51C,deploy_ml_dsa_65,97.0,16429.21,48,DEPLOYED
DEF-B96796B514,ATK-BC4F29E522,deploy_qkd_bb84,87.9,237663.29,50,DEPLOYED
DEF-78EEDBCF58,ATK-3D65DBCE70,quantum_random_number_generator,66.2,46438.94,102,DEPLOYED
DEF-1115DE1C55,ATK-0353A7EB62,migrate_to_aes_256,69.8,6679.3,40,DEPLOYED
DEF-AD9B2D63B5,ATK-D56B2499CB,enable_pfs,79.4,4950.34,122,PLANNED
DEF-1B3ED2164F,ATK-4FE15EECB0,deploy_ml_kem_768,91.2,19527.15,160,DEPLOYED
DEF-C9D7FBB3B9,ATK-263D9030B9,deploy_ml_dsa_65,95.0,12926.08,58,DEPLOYED
DEF-5D31895D59,ATK-48D2CD7612,enable_pfs,78.2,4042.52,89,TESTING
DEF-827CFFFC33,ATK-18380B3609,migrate_to_aes_256,66.7,8212.52,25,PLANNED
DEF-212F9A0614,ATK-D3BF041DFE,enable_hsm_pqc,92.7,41014.5,173,DEPLOYED
DEF-EAA98CC925,ATK-4D33D0EE45,migrate_to_aes_256,70.5,6809.44,1,DEPLOYED
DEF-C97A076BE8,ATK-FB17105E65,rotate_keys_daily,52.4,1873.49,98,DEPLOYED
DEF-D2899F24D4,ATK-A4453CFEB8,migrate_to_aes_256,72.3,6615.17,43,PLANNED
DEF-AEC7F90A7E,ATK-F0B257FF06,enable_pfs,80.2,5618.98,91,TESTING
DEF-9DE42E917C,ATK-69CAECE83E,deploy_ml_dsa_65,87.0,17621.07,38,DEPLOYED
DEF-767CB3B159,ATK-831AC1895E,migrate_to_aes_256,70.7,7316.59,22,PLANNED
DEF-4766DFBB68,ATK-7F4AA6C97C,rotate_keys_daily,52.5,1840.98,119,DEPLOYED
DEF-E45D0922E4,ATK-4EE9FA14FB,enable_pfs,79.9,5636.52,176,DEPLOYED
DEF-497D7929C4,ATK-56DAF159F6,implement_timing_countermeasures,62.7,10842.96,19,DEPLOYED
DEF-9AD84DE94B,ATK-30FC816432,quantum_random_number_generator,70.2,48455.81,165,PLANNED
DEF-F3BE38F02D,ATK-AEC01841C0,quantum_random_number_generator,63.3,53989.3,162,DEPLOYED
DEF-843CFA6485,ATK-FF01C504D1,quantum_random_number_generator,59.7,46909.22,59,DEPLOYED
DEF-582D9E878B,ATK-5AD7888EF6,network_segmentation,47.0,17735.76,164,TESTING
DEF-6D148F92E7,ATK-D246CED9CC,enable_hsm_pqc,79.7,34978.98,80,TESTING
DEF-A38FD31F78,ATK-D246CED9CC,deploy_ml_kem_768,82.5,18640.1,101,DEPLOYED
DEF-4726F38778,ATK-8B2499B7D7,migrate_to_aes_256,65.5,8719.26,149,DEPLOYED
DEF-087E567F76,ATK-D246CED9CC,deploy_ml_kem_768,88.8,21063.58,148,DEPLOYED
DEF-D17A5D7089,ATK-5E52A1D8F5,enable_pfs,71.6,4859.81,54,DEPLOYED
DEF-2B84B9BE9A,ATK-6F3AD73F7C,quantum_random_number_generator,60.1,50480.47,8,TESTING
DEF-3B4F204FE6,ATK-8F2F5285F9,enable_hsm_pqc,81.2,33194.94,58,TESTING
DEF-C8F6FE4275,ATK-09F8340E53,migrate_to_aes_256,71.9,8256.82,60,DEPLOYED
DEF-3D77FD6B74,ATK-69F7E7390B,implement_timing_countermeasures,62.4,9608.48,20,PLANNED
DEF-B0380697D6,ATK-15CE3CE288,quantum_random_number_generator,60.2,51102.86,47,DEPLOYED
DEF-61BFF55660,ATK-E9C7B3C2D7,network_segmentation,48.1,16701.2,64,DEPLOYED
DEF-44402AB6C1,ATK-69CAECE83E,enable_hsm_pqc,92.5,33708.26,104,DEPLOYED
DEF-87285F0A6B,ATK-162ADB9DBC,enable_hsm_pqc,82.1,34396.49,90,TESTING
DEF-4998DE510F,ATK-AEC01841C0,quantum_random_number_generator,68.0,39959.97,179,PLANNED
DEF-EAFBF12FC6,ATK-81AAD619A6,enable_pfs,74.0,5157.92,108,DEPLOYED
DEF-4C3A1D1163,ATK-53882D4AAC,enable_hsm_pqc,85.9,32207.35,92,DEPLOYED
DEF-F83CE1A3F4,ATK-0350E5C752,deploy_qkd_bb84,75.2,209662.86,76,TESTING
DEF-7F75E8D265,ATK-AC6A5A6E74,quantum_random_number_generator,62.2,44076.64,103,DEPLOYED
DEF-1BC21AD6D8,ATK-6293CABB2F,rotate_keys_daily,47.8,1969.32,60,DEPLOYED
DEF-9CFDE702C1,ATK-D8B4848E64,deploy_ml_dsa_65,91.4,15502.15,156,DEPLOYED
DEF-D8B3A81B93,ATK-6F7E963CE5,deploy_ml_dsa_65,82.8,13896.13,60,PLANNED
DEF-52AA2A5DEF,ATK-F7BB260F37,deploy_qkd_bb84,76.4,225909.58,149,TESTING
DEF-EFFB33A963,ATK-C2EC8B3248,deploy_ml_kem_768,84.3,17716.6,142,DEPLOYED
DEF-4A41F0FE9A,ATK-D59C74A1D7,deploy_ml_dsa_65,83.5,15195.57,56,DEPLOYED
DEF-0658E95357,ATK-2CAF538B9A,enable_pfs,72.7,5654.36,7,DEPLOYED
DEF-B51F61152E,ATK-0353A7EB62,implement_timing_countermeasures,54.2,9910.91,94,DEPLOYED
DEF-D5B223F7E3,ATK-1FEAA17EF9,rotate_keys_daily,56.8,2311.47,49,DEPLOYED
DEF-B866183588,ATK-D2EE1CC6AD,deploy_qkd_bb84,78.8,288500.39,147,TESTING
DEF-90CF373151,ATK-1B23428F15,deploy_ml_kem_768,89.0,14411.52,27,DEPLOYED
DEF-04C58A6F48,ATK-8A6C7C14E1,enable_pfs,71.0,5875.3,90,DEPLOYED
DEF-DD6138DE84,ATK-2121802654,rotate_keys_daily,48.8,1978.13,116,PLANNED
DEF-95C9EA55C4,ATK-D56B2499CB,rotate_keys_daily,48.8,1986.21,31,PLANNED
DEF-307C549D83,ATK-AEFAA14931,enable_pfs,75.9,5834.7,114,PLANNED
DEF-1D3FE0260E,ATK-18380B3609,rotate_keys_daily,48.0,2077.3,11,DEPLOYED
DEF-DF68F14AB4,ATK-A9CCDE729C,deploy_ml_kem_768,93.7,14775.98,80,PLANNED
DEF-6B2255FE3E,ATK-472F6FADA1,implement_timing_countermeasures,58.9,10192.78,38,TESTING
DEF-814F75525D,ATK-8B2499B7D7,deploy_ml_kem_768,90.8,15933.12,172,DEPLOYED
DEF-9BE12D2533,ATK-E522FA2379,enable_hsm_pqc,76.5,31644.58,13,TESTING
DEF-854712BB42,ATK-2121802654,enable_pfs,68.5,5148.02,56,DEPLOYED
DEF-DFD499BC9E,ATK-5AD7888EF6,implement_timing_countermeasures,58.9,13188.69,31,PLANNED
DEF-AFF42DC381,ATK-A5F34B8851,deploy_qkd_bb84,84.3,206074.0,36,DEPLOYED
DEF-C049CDEEEE,ATK-0193BFC5C2,quantum_random_number_generator,69.2,36131.77,151,PLANNED
DEF-3DEE93D85B,ATK-DAD1D5B6C5,enable_pfs,75.3,4223.39,69,DEPLOYED
DEF-FCEE853FFA,ATK-6293CABB2F,deploy_ml_kem_768,99.5,20859.34,101,DEPLOYED
DEF-74056F845A,ATK-CB6A530432,implement_timing_countermeasures,61.2,9730.34,64,PLANNED
DEF-B4D69E6F32,ATK-FD5A7FF53C,rotate_keys_daily,55.3,1645.75,142,DEPLOYED
DEF-AD024A6915,ATK-829BD8E97F,network_segmentation,48.7,21086.46,3,DEPLOYED
DEF-105D08720D,ATK-2CAF538B9A,enable_pfs,74.0,4572.01,96,DEPLOYED
DEF-AC5804623F,ATK-70948A3675,deploy_ml_kem_768,85.1,19129.43,71,DEPLOYED
DEF-233D281438,ATK-EA0111F87B,network_segmentation,44.5,18236.67,130,DEPLOYED
DEF-52FE9DFB87,ATK-70948A3675,enable_pfs,76.9,4828.28,84,DEPLOYED
DEF-EF5CF82815,ATK-8F2F5285F9,rotate_keys_daily,52.9,2332.9,97,TESTING
DEF-15E8689734,ATK-FB17105E65,rotate_keys_daily,48.8,1706.88,136,TESTING
DEF-5AAC4AF6E3,ATK-2F3B06DB21,network_segmentation,48.2,16765.48,103,DEPLOYED
DEF-36CDD2B77A,ATK-75BBBDF7DB,deploy_ml_kem_768,88.1,19765.2,62,PLANNED
DEF-57CE9F8073,ATK-D59C74A1D7,rotate_keys_daily,53.4,1983.37,108,DEPLOYED
DEF-F8DBE7A520,ATK-2705155EF9,network_segmentation,50.5,22340.99,180,DEPLOYED
DEF-F27E933AFF,ATK-BBE27B662C,deploy_ml_kem_768,95.1,14646.93,3,DEPLOYED
DEF-B15DE38228,ATK-2DFF88CC25,migrate_to_aes_256,64.8,7007.33,15,DEPLOYED
DEF-108A2AA32E,ATK-E54C28BB65,rotate_keys_daily,47.8,2371.59,125,DEPLOYED
DEF-646AF305DE,ATK-978C206368,migrate_to_aes_256,70.4,7568.27,61,DEPLOYED
DEF-F3BD0FD4F0,ATK-3DEC05280F,enable_pfs,80.7,5378.34,173,DEPLOYED
DEF-5F0A55188B,ATK-350B29A389,deploy_ml_kem_768,93.8,19194.43,6,PLANNED
DEF-7D53F98D41,ATK-69F7E7390B,migrate_to_aes_256,66.9,8771.14,118,DEPLOYED
DEF-6C8BD2F341,ATK-BE99B67EA4,network_segmentation,47.1,16882.66,138,TESTING
DEF-3B37ADA2B2,ATK-264B8D7624,deploy_ml_kem_768,98.8,15882.66,92,TESTING
DEF-C64F149AEF,ATK-2121802654,deploy_ml_kem_768,84.1,15634.61,6,TESTING
DEF-75178A531F,ATK-978C206368,enable_hsm_pqc,82.7,38212.24,64,TESTING
DEF-D65FC604E9,ATK-8F2F5285F9,rotate_keys_daily,51.0,1820.19,18,DEPLOYED
DEF-BDCBFC3048,ATK-2D5B9F5C97,deploy_ml_kem_768,83.7,19222.26,83,DEPLOYED
DEF-6AEF5E8237,ATK-8E772D0D61,quantum_random_number_generator,73.0,47593.89,88,DEPLOYED
DEF-F9D6EAE17A,ATK-320B39F534,enable_pfs,76.3,4479.74,69,TESTING
DEF-2FDA95D6CF,ATK-F719457B08,quantum_random_number_generator,72.0,43406.19,168,TESTING
DEF-0ADC7D3E14,ATK-FB125D5217,quantum_random_number_generator,62.2,48580.96,166,DEPLOYED
DEF-05E0C5A0DD,ATK-5A974E3961,deploy_ml_kem_768,83.5,15114.51,114,TESTING
DEF-DDCBFC498C,ATK-859BA666A7,quantum_random_number_generator,70.9,46558.44,81,DEPLOYED
DEF-F65EC41C89,ATK-264B8D7624,rotate_keys_daily,55.9,1620.12,11,TESTING
DEF-067EED1B91,ATK-0A2B59CC53,enable_hsm_pqc,80.3,33890.21,48,DEPLOYED
DEF-B1BEC69664,ATK-53C7789C98,implement_timing_countermeasures,58.4,11520.07,51,TESTING
DEF-ACFFF91836,ATK-078CB575FF,enable_hsm_pqc,77.6,34093.1,44,PLANNED
DEF-6AF9E3A5DC,ATK-BC4F29E522,implement_timing_countermeasures,55.4,10493.13,39,DEPLOYED
DEF-9884ED5E6B,ATK-AFC9E10FCE,quantum_random_number_generator,64.0,51460.47,104,DEPLOYED
DEF-D3ADC05673,ATK-BC4F29E522,deploy_qkd_bb84,73.5,226416.48,68,DEPLOYED
DEF-10E739989E,ATK-D56B2499CB,deploy_qkd_bb84,88.9,226072.48,115,PLANNED
DEF-8475FF5FFD,ATK-15CE3CE288,quantum_random_number_generator,71.3,41391.59,139,DEPLOYED
DEF-40273BADF0,ATK-0350E5C752,enable_pfs,79.2,5899.4,89,TESTING
DEF-9EDE41AA3E,ATK-4D33D0EE45,enable_pfs,69.8,4107.69,133,DEPLOYED
DEF-C4C0E04B38,ATK-2CAF538B9A,quantum_random_number_generator,69.1,41059.53,141,DEPLOYED
DEF-353DA14231,ATK-1B23428F15,deploy_ml_dsa_65,82.6,13886.06,44,DEPLOYED
DEF-DB76D10470,ATK-829BD8E97F,deploy_qkd_bb84,84.0,278356.53,25,DEPLOYED
DEF-693381C47B,ATK-9BC7B5404B,enable_hsm_pqc,91.4,41196.88,50,PLANNED
DEF-031F018625,ATK-EF50C35FD1,deploy_ml_dsa_65,96.0,15158.37,22,DEPLOYED
DEF-3DE79D412F,ATK-9BC7B5404B,deploy_ml_dsa_65,93.5,12557.79,138,DEPLOYED
DEF-925EF1CD10,ATK-69F7E7390B,implement_timing_countermeasures,60.4,9721.37,77,DEPLOYED
DEF-F2756ECCD1,ATK-AEC01841C0,deploy_ml_dsa_65,89.5,16908.63,61,DEPLOYED
DEF-197115E2C0,ATK-4D33D0EE45,implement_timing_countermeasures,53.3,12220.16,76,PLANNED
DEF-4844BF0B22,ATK-7BED96A0BE,migrate_to_aes_256,75.4,9477.09,124,PLANNED
DEF-8F5D2ACB63,ATK-351AC2E819,enable_hsm_pqc,85.6,40879.15,165,DEPLOYED
DEF-3B498EEB71,ATK-89487585D1,quantum_random_number_generator,71.0,46037.26,51,DEPLOYED
DEF-A6DD778791,ATK-E54C28BB65,rotate_keys_daily,51.5,2170.79,29,DEPLOYED
DEF-EFBDB1FF93,ATK-74EA277DC3,network_segmentation,52.1,16724.01,134,DEPLOYED
DEF-9C09861B81,ATK-87C1331A38,network_segmentation,46.2,18398.97,153,DEPLOYED
DEF-0EB7A8EB6E,ATK-829BD8E97F,enable_pfs,71.5,5303.16,174,DEPLOYED
DEF-A255F57ADE,ATK-04823342EF,migrate_to_aes_256,69.3,8475.47,26,DEPLOYED
DEF-11B8B3192D,ATK-D59C74A1D7,rotate_keys_daily,56.2,1980.83,86,DEPLOYED
DEF-B5421929C8,ATK-078CB575FF,enable_hsm_pqc,91.7,33837.57,140,DEPLOYED
DEF-E340A28505,ATK-B8D44CD233,deploy_qkd_bb84,82.3,288162.91,65,PLANNED
DEF-DF1B70809F,ATK-078CB575FF,rotate_keys_daily,47.3,1817.85,3,DEPLOYED
DEF-DE39734D36,ATK-03A85867F2,enable_hsm_pqc,80.7,35754.67,125,PLANNED
DEF-6D8049AE8E,ATK-FB17105E65,deploy_qkd_bb84,78.5,240495.79,66,DEPLOYED
DEF-4DBDA58987,ATK-8F2F5285F9,enable_pfs,71.1,4290.61,98,PLANNED
DEF-704AEFFE44,ATK-7A094643D3,enable_hsm_pqc,87.7,37661.69,30,DEPLOYED
DEF-7F7121D536,ATK-8E772D0D61,network_segmentation,46.9,16858.35,106,PLANNED
DEF-9B829F7857,ATK-B271B33F4A,rotate_keys_daily,53.9,2196.43,113,PLANNED
DEF-E18A205493,ATK-966727861C,quantum_random_number_generator,68.3,44754.22,45,DEPLOYED
DEF-789CE5886F,ATK-6F3AD73F7C,deploy_ml_kem_768,94.0,19842.39,65,DEPLOYED
DEF-883839E8F7,ATK-A16C512DA9,migrate_to_aes_256,61.5,8485.48,38,TESTING
DEF-389B76BB85,ATK-30FC816432,migrate_to_aes_256,75.3,9182.78,82,TESTING
DEF-DA917FA007,ATK-AC6A5A6E74,quantum_random_number_generator,71.9,39364.9,19,TESTING
DEF-C567E75079,ATK-F719457B08,rotate_keys_daily,50.2,1706.79,85,DEPLOYED
DEF-861A4A208B,ATK-6497302C81,deploy_ml_dsa_65,85.9,13190.35,46,PLANNED
DEF-10FEB2BAEB,ATK-D56B2499CB,enable_hsm_pqc,87.2,30465.82,128,DEPLOYED
