job_id,algorithm,n_qubits,circuit_depth,n_shots,provider,cost_usd,queue_time_s,run_time_s,success,month,timestamp,priority
JOB-6E40B5D855,Shor,51,428,2167,IBM,6.501,940,25,1,2026-02,2026-02-22T23:57:00,NORMAL
JOB-96F363FB0F,Shor,49,717,5955,IBM,9.528,620,25,1,2026-01,2026-01-18T06:45:00,HIGH
JOB-1583279281,Grover,10,131,26972,Google,0.0,2575,7,1,2026-07,2026-07-11T08:09:00,NORMAL
JOB-D42502CFA8,Shor,65,552,5969,IBM,17.907,863,33,1,2026-05,2026-05-26T01:46:00,NORMAL
JOB-E4C9AABC17,QAOA,31,118,8654,IBM,13.8464,710,16,1,2026-01,2026-01-22T07:49:00,NORMAL
JOB-2D2335A98C,Grover,39,375,31428,IBM,50.2848,638,23,1,2026-06,2026-06-06T11:22:00,NORMAL
JOB-301FC07F1F,Shor,51,367,4810,AWS,1.9835,634,27,1,2026-07,2026-07-09T20:44:00,NORMAL
JOB-D1D100C424,Shor,60,610,3217,AWS,1.426,1315,31,1,2026-02,2026-02-07T18:56:00,LOW
JOB-7C728FB087,QAOA,37,93,21455,Google,0.0,6732,20,1,2026-03,2026-03-08T23:35:00,LOW
JOB-E7B85142C2,QAOA,16,280,36439,Google,0.0,2194,10,1,2026-02,2026-02-25T01:55:00,NORMAL
JOB-36411CD8C3,QAOA,37,290,20572,IBM,32.9152,1098,20,1,2026-09,2026-09-28T00:43:00,NORMAL
JOB-2C10419937,QKD,15,24,701,Azure,45.565,436,8,1,2026-07,2026-07-06T14:00:00,NORMAL
JOB-78FD5B2554,VQE,8,170,47309,AWS,16.8582,524,20,1,2026-09,2026-09-20T06:09:00,NORMAL
JOB-F81C18F414,QKD,20,12,329,IBM,0.5264,502,10,1,2026-06,2026-06-27T09:15:00,NORMAL
JOB-8385FF9417,Shor,28,978,5387,IBM,8.6192,1302,14,1,2026-03,2026-03-05T21:30:00,NORMAL
JOB-12F070C2E8,QKD,11,49,917,Google,0.0,4024,5,1,2026-06,2026-06-15T16:28:00,LOW
JOB-74C209C4B8,VQE,12,160,37056,IBM,59.2896,502,10,1,2026-01,2026-01-03T22:40:00,NORMAL
JOB-70188E2082,Shor,50,485,6504,Azure,422.76,220,34,1,2026-08,2026-08-07T17:08:00,HIGH
JOB-AD999DF195,QKD,20,62,489,Google,0.0,1845,10,1,2026-02,2026-02-04T21:27:00,HIGH
JOB-DE4BFE1983,Shor,63,311,3060,IBM,9.18,345,31,1,2026-04,2026-04-07T17:28:00,HIGH
JOB-BFE67ED0E3,QAOA,12,246,40162,AWS,14.3567,1442,20,0,2026-02,2026-02-02T20:34:00,LOW
JOB-11962ED096,Grover,40,159,32428,AWS,11.6498,301,31,1,2026-07,2026-07-02T05:24:00,NORMAL
JOB-B93B989761,QAOA,39,99,16541,Azure,1075.165,370,44,1,2026-05,2026-05-07T01:37:00,NORMAL
JOB-8F5889474D,VQE,20,138,77807,IBM,124.4912,729,19,1,2026-03,2026-03-02T16:05:00,HIGH
JOB-03802299BD,Shor,92,452,5766,AWS,2.3181,551,48,1,2026-10,2026-10-02T19:05:00,NORMAL
JOB-BC215B4052,QKD,11,95,1566,Azure,101.79,340,7,1,2026-06,2026-06-08T08:25:00,LOW
JOB-98257C75F5,QAOA,12,24,34130,Azure,2218.45,560,57,1,2026-10,2026-10-19T03:04:00,LOW
JOB-97872C4FC4,Grover,25,239,13434,Azure,873.21,433,32,0,2026-03,2026-03-15T17:45:00,LOW
JOB-132AD057F6,QKD,14,94,312,IBM,0.4992,546,7,1,2026-03,2026-03-09T03:56:00,NORMAL
JOB-A7450C3891,VQE,27,97,34877,Azure,2267.005,421,65,1,2026-05,2026-05-17T15:16:00,NORMAL
JOB-EEFFF8AFB2,Shor,25,203,3756,Google,0.0,8043,12,1,2026-03,2026-03-21T08:10:00,LOW
JOB-124D89EC35,QAOA,17,299,6457,IBM,10.3312,502,9,1,2026-06,2026-06-19T17:09:00,HIGH
JOB-B0A26778CC,VQE,11,184,40898,IBM,65.4368,2227,10,0,2026-02,2026-02-12T17:56:00,LOW
JOB-F9E0681D0F,Grover,21,261,4908,AWS,2.0178,1545,12,1,2026-03,2026-03-24T10:50:00,LOW
JOB-6D02F94024,Grover,16,245,32675,Azure,2123.875,125,57,0,2026-01,2026-01-28T15:14:00,HIGH
JOB-F7F3AEAB76,VQE,12,67,11293,Azure,734.045,736,22,0,2026-04,2026-04-13T10:17:00,LOW
JOB-109893D013,VQE,17,183,78474,Azure,5100.81,441,126,1,2026-06,2026-06-01T03:56:00,NORMAL
JOB-2F9CADA22D,VQE,18,98,49306,IBM,78.8896,478,14,1,2026-07,2026-07-20T16:07:00,HIGH
JOB-E332342CFC,VQE,5,143,78767,IBM,126.0272,1303,11,0,2026-04,2026-04-12T13:04:00,NORMAL
JOB-C81E3C3E23,QKD,8,48,1138,Azure,73.97,270,5,1,2026-05,2026-05-22T13:20:00,NORMAL
JOB-645409C8B0,Grover,34,396,28610,AWS,10.3135,543,27,1,2026-03,2026-03-20T18:19:00,NORMAL
JOB-9CE340337F,VQE,30,158,87708,Azure,5701.02,211,146,1,2026-06,2026-06-15T14:28:00,HIGH
JOB-68EF9AE788,Grover,50,367,15079,IBM,24.1264,729,26,1,2026-02,2026-02-27T07:43:00,NORMAL
JOB-532E19E840,Grover,40,362,31940,IBM,51.104,305,23,1,2026-02,2026-02-15T13:56:00,CRITICAL
JOB-5FBC40E3AD,QAOA,17,22,11081,Google,0.0,5248,9,1,2026-07,2026-07-08T05:51:00,NORMAL
JOB-997B04616A,Shor,35,667,2116,AWS,1.0406,1183,18,0,2026-08,2026-08-22T16:35:00,LOW
JOB-F4BCDA4EEF,QAOA,36,101,35204,Google,0.0,7372,20,1,2026-08,2026-08-09T07:53:00,LOW
JOB-212018B397,QKD,13,66,258,Google,0.0,2950,6,1,2026-05,2026-05-08T08:21:00,NORMAL
JOB-377FE15549,Grover,19,159,6200,AWS,2.47,347,11,1,2026-07,2026-07-14T10:34:00,HIGH
JOB-CA5E21E6AD,QAOA,9,214,35355,Google,0.0,5767,7,1,2026-01,2026-01-12T09:48:00,LOW
JOB-D34AAB415B,QAOA,25,243,35923,AWS,12.8731,707,25,1,2026-01,2026-01-13T10:42:00,NORMAL
JOB-705F42F514,Grover,49,323,4979,Google,0.0,3415,24,1,2026-07,2026-07-19T18:42:00,LOW
JOB-C62B7587F8,Grover,26,244,14822,Google,0.0,2724,14,1,2026-04,2026-04-15T10:21:00,HIGH
JOB-6F0930A395,QAOA,38,29,39447,Azure,2564.055,307,78,0,2026-01,2026-01-12T07:41:00,LOW
JOB-04CF8FEEA6,Shor,45,220,6113,IBM,9.7808,1894,23,1,2026-03,2026-03-08T04:30:00,LOW
JOB-E6EA749B1F,Grover,33,135,23949,Google,0.0,4600,18,1,2026-10,2026-10-24T22:07:00,NORMAL
JOB-FA34C7370E,VQE,14,157,96973,IBM,155.1568,518,18,1,2026-07,2026-07-13T22:12:00,NORMAL
JOB-4CE836A28D,Grover,29,400,23770,IBM,38.032,486,17,1,2026-02,2026-02-26T18:50:00,NORMAL
JOB-56FC89AA5E,VQE,15,13,63249,IBM,101.1984,1022,15,1,2026-08,2026-08-04T13:23:00,NORMAL
JOB-58BA2E9410,Grover,43,383,12946,Google,0.0,2124,22,1,2026-10,2026-10-26T17:49:00,HIGH
JOB-1BE33C33E8,QKD,12,21,671,Azure,43.615,333,7,1,2026-08,2026-08-08T14:36:00,NORMAL
JOB-9782A07609,Shor,43,699,2761,Google,0.0,5052,21,1,2026-06,2026-06-26T08:21:00,LOW
JOB-52845DDE75,VQE,11,31,39827,IBM,63.7232,666,10,1,2026-07,2026-07-16T17:48:00,NORMAL
JOB-AD3B1AB592,QAOA,13,170,18618,Google,0.0,4190,7,1,2026-07,2026-07-23T07:19:00,NORMAL
JOB-44C75E5939,QKD,15,55,1539,Azure,100.035,219,9,1,2026-08,2026-08-09T09:16:00,NORMAL
JOB-555FA2289B,VQE,29,186,32459,IBM,51.9344,698,18,1,2026-04,2026-04-07T23:30:00,NORMAL
JOB-6147DB4477,QKD,11,47,565,Azure,36.725,652,6,1,2026-06,2026-06-06T09:00:00,LOW
JOB-F070339B5F,Shor,36,853,8138,IBM,13.0208,705,18,1,2026-08,2026-08-04T00:36:00,NORMAL
JOB-5A4DB76D38,VQE,13,132,23145,AWS,8.4008,1163,14,1,2026-02,2026-02-13T15:04:00,LOW
JOB-4BBDE7AEF0,Grover,29,93,12228,AWS,4.5798,1183,18,1,2026-02,2026-02-18T13:38:00,LOW
JOB-2876A73EF1,QKD,19,48,1861,Google,0.0,4035,9,1,2026-10,2026-10-14T09:36:00,NORMAL
JOB-2445AE1C03,Shor,53,876,1689,AWS,0.8911,345,27,1,2026-03,2026-03-08T05:35:00,NORMAL
JOB-29F96323E8,QAOA,22,167,22624,Google,0.0,5126,12,1,2026-08,2026-08-03T21:14:00,NORMAL
JOB-DE9046D8AC,QKD,12,92,405,AWS,0.4417,335,6,1,2026-05,2026-05-27T04:04:00,NORMAL
JOB-E001D760A1,QKD,19,98,722,Azure,46.93,298,10,1,2026-07,2026-07-09T16:34:00,NORMAL
JOB-09B075EDDF,Shor,97,456,1235,Google,0.0,4897,48,1,2026-02,2026-02-08T21:53:00,NORMAL
JOB-DBD63C7ED6,Shor,42,681,5275,Azure,342.875,280,28,1,2026-08,2026-08-09T05:37:00,NORMAL
JOB-B946853966,Shor,62,528,6513,Google,0.0,3281,31,1,2026-02,2026-02-28T05:21:00,NORMAL
JOB-6B43EC7BFC,QAOA,28,149,25282,IBM,40.4512,913,17,0,2026-02,2026-02-25T12:55:00,NORMAL
JOB-B5C2AA5439,QKD,11,76,840,Google,0.0,3391,5,1,2026-10,2026-10-25T15:40:00,NORMAL
JOB-A2ED6C7CCB,VQE,19,188,71724,AWS,25.4034,1403,34,1,2026-02,2026-02-01T20:38:00,LOW
JOB-CB42CC8E7B,VQE,7,67,23063,IBM,36.9008,588,6,0,2026-08,2026-08-04T20:53:00,NORMAL
JOB-039330FEE2,VQE,20,130,40138,Azure,2608.97,207,70,1,2026-08,2026-08-18T04:24:00,NORMAL
JOB-792D7DD842,Grover,36,224,29907,IBM,47.8512,1103,21,1,2026-09,2026-09-09T00:18:00,NORMAL
JOB-06E5133EB7,QKD,19,78,1091,Google,0.0,6761,9,1,2026-06,2026-06-11T17:48:00,LOW
JOB-D0FD8B46F9,VQE,12,156,58388,AWS,20.7358,883,26,1,2026-04,2026-04-28T13:02:00,LOW
JOB-A546A1E26E,QAOA,17,273,6522,Google,0.0,8875,9,1,2026-03,2026-03-17T18:21:00,LOW
JOB-ACCC840FBB,QAOA,37,27,13543,IBM,21.6688,517,20,1,2026-07,2026-07-28T20:09:00,NORMAL
JOB-F7C43993A3,VQE,17,176,18719,Azure,1216.735,310,36,0,2026-06,2026-06-28T21:54:00,NORMAL
JOB-5F28475FFF,QAOA,23,167,19004,IBM,30.4064,1020,13,1,2026-02,2026-02-14T03:48:00,NORMAL
JOB-A8E1FCEBBC,QAOA,9,43,25354,AWS,9.1739,558,13,1,2026-01,2026-01-10T11:23:00,NORMAL
JOB-EFE4DE56B0,QAOA,13,215,44709,AWS,15.9482,263,22,1,2026-04,2026-04-16T18:09:00,HIGH
JOB-ADC75F5796,QAOA,37,167,48503,Azure,3152.695,433,91,0,2026-09,2026-09-06T02:28:00,NORMAL
JOB-F156A06130,VQE,19,87,34303,Google,0.0,2653,12,1,2026-07,2026-07-28T15:06:00,NORMAL
JOB-B71A51D7FE,QKD,14,12,1799,Azure,116.935,737,9,1,2026-07,2026-07-09T00:36:00,LOW
JOB-F537B1AC05,Shor,56,994,7568,Google,0.0,7365,28,1,2026-04,2026-04-20T11:14:00,LOW
JOB-CE2B92F71B,Grover,12,208,29937,IBM,47.8992,1996,9,1,2026-08,2026-08-02T18:23:00,LOW
JOB-8C796AEA15,VQE,10,61,25514,Azure,1658.41,424,43,1,2026-09,2026-09-12T16:32:00,NORMAL
JOB-5303277F22,VQE,14,96,23287,Google,0.0,9502,8,1,2026-08,2026-08-03T04:48:00,LOW
JOB-01C6CC02B7,QAOA,33,27,21427,Azure,1392.755,211,48,1,2026-09,2026-09-04T14:23:00,HIGH
JOB-9DEF101E3F,QKD,16,23,1482,Google,0.0,8969,8,1,2026-04,2026-04-16T00:39:00,LOW
JOB-C4511654B4,QKD,19,99,718,AWS,0.5513,867,9,1,2026-07,2026-07-04T04:02:00,NORMAL
JOB-FD407A6C71,QAOA,16,218,33825,IBM,54.12,780,12,1,2026-06,2026-06-22T23:44:00,HIGH
JOB-7F3E4040FB,Grover,41,365,17469,Google,0.0,2582,21,1,2026-05,2026-05-02T22:23:00,NORMAL
JOB-B0D45D0108,Grover,33,328,25225,Azure,1639.625,124,54,1,2026-06,2026-06-02T12:17:00,HIGH
JOB-115E19EEE7,QAOA,9,45,25952,IBM,41.5232,511,7,1,2026-04,2026-04-05T18:13:00,NORMAL
JOB-799C317080,Grover,24,218,29470,AWS,10.6145,839,22,0,2026-03,2026-03-26T19:00:00,LOW
JOB-98BDD07004,Grover,17,388,32487,Azure,2111.655,386,57,1,2026-01,2026-01-05T00:22:00,NORMAL
JOB-534F97F151,VQE,6,42,63368,IBM,101.3888,527,10,1,2026-09,2026-09-04T23:04:00,HIGH
JOB-019D78E60A,QKD,12,88,188,IBM,0.3008,1317,6,1,2026-09,2026-09-10T14:41:00,NORMAL
JOB-C05D62C11B,QAOA,14,271,33165,Google,0.0,2334,9,1,2026-02,2026-02-03T10:38:00,NORMAL
JOB-BA64FF6A76,QKD,14,68,1135,Azure,73.775,360,8,1,2026-10,2026-10-14T03:50:00,NORMAL
JOB-02DA410A3E,QKD,12,62,794,AWS,0.5779,357,6,1,2026-08,2026-08-13T13:46:00,NORMAL
JOB-44F9D53EDF,VQE,26,131,16991,Azure,1104.415,503,38,1,2026-02,2026-02-27T02:05:00,LOW
JOB-CB069D8EA2,VQE,23,153,81812,AWS,28.9342,512,40,1,2026-06,2026-06-22T03:26:00,NORMAL
JOB-A64518F742,QAOA,27,200,10885,IBM,17.416,1873,14,1,2026-10,2026-10-17T06:09:00,LOW
JOB-ED36096C0D,Shor,67,317,7271,Azure,472.615,501,44,1,2026-05,2026-05-19T07:51:00,LOW
JOB-E2A8E9D83D,QKD,13,13,469,IBM,0.7504,755,6,1,2026-05,2026-05-23T09:58:00,NORMAL
JOB-821B6C0997,Grover,50,65,7102,Google,0.0,2059,25,1,2026-09,2026-09-07T12:26:00,HIGH
JOB-00349CD512,VQE,23,162,19327,Azure,1256.255,335,40,1,2026-01,2026-01-05T05:48:00,NORMAL
JOB-8BF35F1F20,VQE,20,165,66131,Google,0.0,3644,15,1,2026-07,2026-07-09T06:48:00,NORMAL
JOB-E6555E3A83,Shor,95,698,5340,Azure,347.1,445,55,1,2026-05,2026-05-02T07:25:00,NORMAL
JOB-311232DBC3,Grover,18,180,13580,Azure,882.7,673,29,1,2026-06,2026-06-04T00:31:00,LOW
JOB-B41406FDB4,QAOA,30,56,30118,AWS,10.8413,852,25,1,2026-01,2026-01-14T00:29:00,NORMAL
JOB-95C823E44C,QKD,18,47,335,Google,0.0,4684,9,1,2026-07,2026-07-01T10:10:00,NORMAL
JOB-AB8731BA48,VQE,8,72,65296,IBM,104.4736,806,11,1,2026-10,2026-10-13T16:05:00,NORMAL
JOB-5B69BB8326,VQE,10,29,75102,AWS,26.5857,843,31,1,2026-02,2026-02-17T16:12:00,NORMAL
JOB-D95B66D2BB,Grover,26,151,9781,AWS,3.7233,243,16,1,2026-10,2026-10-05T20:04:00,HIGH
JOB-EC1FC0BF03,QAOA,36,185,45201,Google,0.0,3488,21,1,2026-06,2026-06-05T14:04:00,NORMAL
JOB-269EABA8B1,VQE,7,89,68713,IBM,109.9408,1198,11,1,2026-08,2026-08-02T01:23:00,NORMAL
JOB-54D729564B,Shor,90,956,1360,Google,0.0,2477,45,1,2026-08,2026-08-26T18:41:00,NORMAL
JOB-5B25CD0DE6,QKD,19,23,1760,AWS,0.916,1237,10,1,2026-06,2026-06-23T02:32:00,LOW
JOB-8859E0EE93,QAOA,18,206,28531,Google,0.0,3018,11,1,2026-05,2026-05-13T13:49:00,NORMAL
JOB-211150A782,VQE,22,183,58859,IBM,94.1744,1040,18,0,2026-05,2026-05-09T23:54:00,NORMAL
JOB-81E5958A92,Grover,19,229,14261,Azure,926.965,258,30,1,2026-07,2026-07-05T19:45:00,HIGH
JOB-2E812A3EAD,QAOA,13,236,37420,Azure,2432.3,367,62,1,2026-06,2026-06-01T11:19:00,LOW
JOB-6AE9BF7AEF,QAOA,16,99,9153,AWS,3.5035,457,11,1,2026-05,2026-05-28T03:32:00,HIGH
JOB-B143817AE6,QKD,9,86,871,IBM,1.3936,1073,4,1,2026-03,2026-03-06T05:53:00,NORMAL
JOB-39E753F371,Grover,33,396,27675,Google,0.0,1352,18,1,2026-04,2026-04-15T19:18:00,CRITICAL
JOB-BFAC66B399,Grover,40,149,16149,AWS,5.9521,469,25,1,2026-10,2026-10-15T14:49:00,NORMAL
JOB-F0E27A8F67,QKD,11,87,383,Google,0.0,8904,5,1,2026-05,2026-05-02T20:30:00,LOW
JOB-AC3C285643,Shor,40,479,4704,IBM,7.5264,1301,20,1,2026-09,2026-09-05T13:05:00,NORMAL
JOB-22E16C8573,QAOA,34,47,30078,Azure,1955.07,807,62,1,2026-09,2026-09-12T07:24:00,LOW
JOB-65540554EF,Shor,62,349,2151,Azure,139.815,718,34,1,2026-01,2026-01-10T15:44:00,LOW
JOB-B2069B68BF,QAOA,13,29,20868,Google,0.0,5184,8,1,2026-04,2026-04-27T04:35:00,NORMAL
JOB-0260F86897,QAOA,23,174,12081,IBM,19.3296,1164,12,1,2026-01,2026-01-08T13:40:00,NORMAL
JOB-AEB934EA10,Shor,22,847,5245,Google,0.0,2848,11,1,2026-10,2026-10-08T22:09:00,NORMAL
JOB-58AAFA08B4,VQE,10,180,95776,AWS,33.8216,872,38,1,2026-02,2026-02-17T11:04:00,NORMAL
JOB-1A68A8CEB8,QKD,20,15,1401,IBM,2.2416,464,10,1,2026-07,2026-07-12T08:47:00,NORMAL
JOB-168E65560C,VQE,25,36,84463,AWS,29.862,627,42,1,2026-06,2026-06-05T01:22:00,NORMAL
JOB-24532D1EC8,Grover,40,373,10068,Google,0.0,9354,20,1,2026-03,2026-03-03T22:49:00,LOW
JOB-8F51537097,Grover,12,211,14256,IBM,22.8096,677,7,1,2026-09,2026-09-13T17:30:00,NORMAL
JOB-1D02EA1AFB,Grover,13,385,14972,Azure,973.18,416,28,1,2026-05,2026-05-04T11:27:00,NORMAL
JOB-A2E50ACF41,QAOA,39,274,28170,Azure,1831.05,499,61,1,2026-09,2026-09-09T02:46:00,LOW
JOB-D52C598FBA,Grover,15,217,25753,Azure,1673.945,365,46,1,2026-05,2026-05-10T14:38:00,NORMAL
JOB-3268A5B69B,QAOA,30,242,22089,Azure,1435.785,271,48,1,2026-01,2026-01-03T21:40:00,NORMAL
JOB-3DE55D6D70,Grover,48,397,29698,IBM,47.5168,397,27,1,2026-08,2026-08-02T04:04:00,HIGH
JOB-8BD7E31808,VQE,6,164,28303,Google,0.0,8184,5,1,2026-08,2026-08-12T11:28:00,LOW
JOB-758FEBD31A,QKD,13,41,332,Azure,21.58,305,6,0,2026-01,2026-01-24T05:31:00,NORMAL
JOB-E54C66EE46,Shor,77,419,6036,Azure,392.34,186,47,1,2026-05,2026-05-23T15:12:00,NORMAL
JOB-E986FC0666,QAOA,36,64,48786,AWS,17.3751,610,35,1,2026-06,2026-06-22T11:45:00,LOW
JOB-BCCDCAA8A7,VQE,27,173,31010,AWS,11.1535,891,24,1,2026-06,2026-06-17T07:07:00,NORMAL
JOB-A3DAF04FD3,Grover,45,343,16184,Google,0.0,1200,23,1,2026-08,2026-08-26T17:08:00,CRITICAL
JOB-320DB5D3E4,VQE,28,132,77095,Google,0.0,6965,20,1,2026-07,2026-07-25T13:52:00,LOW
JOB-D979E1AF2B,VQE,26,142,53348,IBM,85.3568,979,19,1,2026-03,2026-03-27T17:40:00,NORMAL
JOB-C92D8374FD,Grover,13,113,21073,Google,0.0,2961,8,1,2026-03,2026-03-10T05:10:00,NORMAL
JOB-B7A6F4EC95,VQE,13,60,91430,Azure,5942.95,433,143,1,2026-09,2026-09-09T04:40:00,LOW
JOB-AC9039EF7B,QKD,9,31,1449,AWS,0.8072,805,5,1,2026-10,2026-10-24T19:21:00,NORMAL
JOB-1D020172BA,Shor,93,471,6358,IBM,19.074,301,47,1,2026-04,2026-04-25T18:26:00,CRITICAL
JOB-84BA911B11,QKD,14,71,601,Azure,39.065,356,7,1,2026-07,2026-07-10T14:04:00,NORMAL
JOB-4E1F732536,QAOA,29,93,24581,Google,0.0,2270,16,1,2026-06,2026-06-24T11:25:00,NORMAL
JOB-08D0A9491B,QKD,19,25,647,IBM,1.0352,495,9,0,2026-08,2026-08-08T04:06:00,NORMAL
JOB-42400F9F81,QKD,10,51,2012,Google,0.0,2728,5,1,2026-10,2026-10-24T10:12:00,HIGH
JOB-FEAFF78AD3,QKD,14,73,147,Google,0.0,5280,7,1,2026-02,2026-02-13T16:29:00,NORMAL
JOB-F4E3E60714,VQE,20,162,93947,IBM,150.3152,727,21,1,2026-08,2026-08-10T17:00:00,HIGH
JOB-BE0AC41275,VQE,16,21,60697,Azure,3945.305,258,99,1,2026-01,2026-01-19T17:12:00,NORMAL
JOB-EE08F01FB0,QAOA,25,80,12528,Google,0.0,5352,13,1,2026-02,2026-02-13T11:50:00,NORMAL
JOB-31AA9135B9,VQE,21,112,73738,AWS,26.1083,436,36,1,2026-01,2026-01-02T01:08:00,HIGH
JOB-91EBD70F97,QKD,9,51,2007,Google,0.0,3219,4,1,2026-10,2026-10-11T05:25:00,HIGH
JOB-5A77996AAD,VQE,21,146,72397,Azure,4705.805,154,119,1,2026-10,2026-10-10T15:52:00,NORMAL
JOB-4E3E0FDD4C,Shor,100,227,5913,Google,0.0,5299,50,1,2026-08,2026-08-09T20:50:00,NORMAL
JOB-6148CD10F4,Grover,20,318,24707,IBM,39.5312,1189,12,1,2026-10,2026-10-25T12:09:00,NORMAL
JOB-8190442213,QKD,19,50,957,IBM,1.5312,491,9,1,2026-03,2026-03-14T22:13:00,HIGH
JOB-E081930F7A,QAOA,21,186,47495,IBM,75.992,1311,16,1,2026-08,2026-08-17T12:20:00,NORMAL
JOB-4FDCA887D9,QKD,13,88,1091,Azure,70.915,239,8,0,2026-04,2026-04-08T08:35:00,NORMAL
JOB-B6C0905968,VQE,27,190,72286,Azure,4698.59,430,121,1,2026-06,2026-06-16T11:35:00,NORMAL
JOB-AA995D2B99,VQE,26,149,57959,Azure,3767.335,234,99,1,2026-07,2026-07-27T11:49:00,HIGH
JOB-4B3B0DB4D9,VQE,19,177,41804,IBM,66.8864,934,14,0,2026-08,2026-08-07T06:52:00,NORMAL
JOB-34372CD858,VQE,28,160,39555,AWS,14.1443,371,27,1,2026-04,2026-04-02T21:57:00,HIGH
JOB-751B1AC144,Shor,80,302,6604,IBM,19.812,592,40,1,2026-03,2026-03-01T17:59:00,NORMAL
JOB-A644315CB6,QAOA,26,184,22800,Google,0.0,3866,14,1,2026-01,2026-01-25T02:41:00,NORMAL
JOB-67419BC2B9,Shor,42,237,7874,AWS,3.0559,861,23,0,2026-07,2026-07-26T15:11:00,NORMAL
JOB-85835C603E,VQE,23,164,22256,IBM,35.6096,281,14,1,2026-06,2026-06-10T14:41:00,CRITICAL
JOB-EE7DAAC432,Grover,17,219,9420,Google,0.0,2470,9,1,2026-08,2026-08-21T08:45:00,NORMAL
JOB-303412991D,VQE,25,113,64251,AWS,22.7878,420,34,1,2026-09,2026-09-11T02:25:00,HIGH
JOB-B888AC77F7,Grover,25,53,12641,Google,0.0,2761,13,1,2026-07,2026-07-08T14:48:00,NORMAL
JOB-3D18D3F846,QKD,16,98,583,IBM,0.9328,726,8,1,2026-01,2026-01-22T03:29:00,NORMAL
JOB-183E1A03FB,QKD,14,57,1358,Azure,88.27,195,9,1,2026-04,2026-04-08T04:30:00,NORMAL
JOB-511BECD57B,QKD,20,78,1742,Azure,113.23,376,12,1,2026-04,2026-04-25T07:43:00,NORMAL
JOB-C146F1D864,Shor,66,279,5645,Google,0.0,3619,33,1,2026-02,2026-02-02T17:57:00,NORMAL
JOB-B0738FA689,Grover,43,276,7904,AWS,3.0664,354,24,1,2026-04,2026-04-23T18:31:00,NORMAL
JOB-8405647045,Shor,73,667,5643,Google,0.0,2822,36,1,2026-01,2026-01-18T14:43:00,HIGH
JOB-EAE7B2BD88,QAOA,21,57,7064,Azure,459.16,562,21,1,2026-07,2026-07-12T22:04:00,LOW
JOB-72124494CE,Shor,72,384,7323,Google,0.0,1237,36,1,2026-03,2026-03-25T20:46:00,CRITICAL
JOB-2E02FA8873,QAOA,32,212,9355,Google,0.0,5493,16,1,2026-09,2026-09-05T20:55:00,LOW
JOB-099B477ABF,QKD,12,10,1648,Google,0.0,4388,6,1,2026-01,2026-01-10T14:43:00,NORMAL
JOB-8DCBC14E72,QAOA,30,99,22160,AWS,8.056,471,22,1,2026-04,2026-04-24T03:02:00,HIGH
JOB-90AE39675C,Shor,32,808,1299,AWS,0.7547,493,16,1,2026-08,2026-08-20T21:45:00,HIGH
JOB-7614397BF5,Shor,89,422,7203,Google,0.0,2642,45,0,2026-01,2026-01-05T16:18:00,NORMAL
JOB-96FEA44851,QKD,15,40,718,Azure,46.67,274,8,1,2026-03,2026-03-22T16:14:00,NORMAL
JOB-726D65B93F,QKD,18,81,1115,AWS,0.6903,528,9,1,2026-01,2026-01-12T20:42:00,NORMAL
JOB-6856C245DD,QAOA,32,114,39349,Google,0.0,2932,19,1,2026-08,2026-08-08T07:19:00,HIGH
JOB-99CFF25734,QAOA,34,291,12883,IBM,20.6128,747,18,1,2026-07,2026-07-08T08:13:00,NORMAL
JOB-FBFE1082D8,QAOA,20,46,21689,Azure,1409.785,97,42,1,2026-07,2026-07-22T19:38:00,HIGH
JOB-9619D7AE22,QKD,15,48,1961,AWS,0.9864,370,8,0,2026-01,2026-01-07T06:47:00,NORMAL
JOB-D3AF65DEC1,QAOA,21,223,19780,AWS,7.223,579,17,1,2026-09,2026-09-11T09:24:00,NORMAL
JOB-E0CBC2957C,VQE,20,129,21116,Azure,1372.54,210,41,1,2026-08,2026-08-25T10:58:00,NORMAL
JOB-3A784E3AFA,Shor,22,467,5556,AWS,2.2446,477,12,1,2026-10,2026-10-19T23:26:00,NORMAL
JOB-AB61D3A8D2,Grover,25,305,22139,Google,0.0,4110,14,1,2026-06,2026-06-09T15:46:00,NORMAL
JOB-8613F47333,Grover,44,300,10126,Azure,658.19,96,37,1,2026-09,2026-09-21T01:33:00,HIGH
JOB-3B7BD180E0,Shor,100,436,1580,IBM,4.74,860,50,1,2026-03,2026-03-01T06:32:00,NORMAL
JOB-E1BEF54587,QKD,5,10,1189,Google,0.0,3705,2,1,2026-09,2026-09-14T00:01:00,NORMAL
JOB-3CB19A8ECA,VQE,27,182,64628,IBM,103.4048,584,21,1,2026-03,2026-03-04T03:33:00,NORMAL
JOB-8E4D78250A,QKD,13,60,261,Azure,16.965,401,6,1,2026-06,2026-06-13T14:36:00,LOW
JOB-35F2AC6E38,VQE,25,18,20447,IBM,32.7152,878,14,1,2026-07,2026-07-13T12:35:00,NORMAL
JOB-3E5C3CD264,Grover,37,380,29798,IBM,47.6768,925,22,1,2026-06,2026-06-19T03:57:00,NORMAL
JOB-EDD406C106,Grover,14,400,13283,Google,0.0,2445,8,1,2026-09,2026-09-19T21:02:00,NORMAL
JOB-A461FE6F82,Shor,70,278,3475,AWS,1.5163,800,36,1,2026-03,2026-03-19T07:36:00,NORMAL
JOB-C609C13677,QKD,9,98,1583,Azure,102.895,166,6,1,2026-02,2026-02-17T23:22:00,NORMAL
JOB-EC4C857C4D,Shor,98,809,4273,Azure,277.745,385,55,1,2026-06,2026-06-01T20:17:00,NORMAL
JOB-96F96ECCC8,Grover,34,271,10182,Azure,661.83,381,32,1,2026-10,2026-10-22T12:05:00,NORMAL
JOB-B631E096E0,Grover,19,244,27416,IBM,43.8656,464,12,1,2026-03,2026-03-24T12:20:00,HIGH
JOB-DEF8DCA6AB,VQE,13,36,25559,Google,0.0,3805,8,1,2026-02,2026-02-06T13:28:00,NORMAL
JOB-372C8F06DA,Shor,90,295,5914,IBM,17.742,478,45,1,2026-10,2026-10-26T10:55:00,HIGH
JOB-6DEF99B352,QAOA,23,286,15209,IBM,24.3344,721,13,1,2026-07,2026-07-06T04:17:00,NORMAL
JOB-69A336DE56,Shor,73,506,4990,AWS,2.0465,732,38,1,2026-02,2026-02-12T08:15:00,NORMAL
JOB-017273C479,QKD,9,48,113,AWS,0.3396,782,4,1,2026-07,2026-07-11T19:24:00,NORMAL
JOB-EFEC5BBE2A,VQE,25,162,26034,Google,0.0,4541,14,1,2026-05,2026-05-11T19:44:00,LOW
JOB-CCAD9077ED,QAOA,39,144,25453,Azure,1654.445,184,57,1,2026-07,2026-07-09T12:23:00,NORMAL
JOB-9D0EC3C417,QKD,5,69,2031,AWS,1.0109,715,3,1,2026-04,2026-04-15T09:53:00,NORMAL
JOB-0904042B62,QAOA,27,143,20655,Google,0.0,1894,15,1,2026-03,2026-03-23T13:50:00,HIGH
JOB-3B7B176F0B,QKD,18,79,175,Google,0.0,4097,9,1,2026-06,2026-06-23T17:38:00,NORMAL
JOB-C4A98959BF,Grover,49,72,22551,Azure,1465.815,167,58,1,2026-07,2026-07-25T10:50:00,HIGH
JOB-8CE59FA768,VQE,21,152,84281,AWS,29.7983,534,39,1,2026-10,2026-10-08T14:23:00,NORMAL
JOB-FFA81F0862,QKD,5,71,314,AWS,0.4099,798,2,1,2026-05,2026-05-14T02:07:00,NORMAL
JOB-DE4A06E692,VQE,30,62,76495,Azure,4972.175,281,129,1,2026-08,2026-08-12T15:06:00,NORMAL
JOB-1C9CAC5607,VQE,30,191,23276,IBM,37.2416,548,17,1,2026-01,2026-01-28T10:41:00,NORMAL
JOB-FC40B4741F,Grover,31,336,18067,AWS,6.6235,410,21,1,2026-08,2026-08-08T12:40:00,NORMAL
JOB-C0E9AF617F,QAOA,20,250,42906,Google,0.0,771,13,1,2026-07,2026-07-13T00:45:00,CRITICAL
JOB-D1AF86AD06,Shor,88,391,4020,IBM,12.06,686,44,1,2026-06,2026-06-07T14:07:00,NORMAL
JOB-98753473C9,QKD,17,85,333,Azure,21.645,201,8,1,2026-06,2026-06-12T14:39:00,NORMAL
JOB-0C7E1231C4,VQE,15,40,39462,IBM,63.1392,1074,12,1,2026-05,2026-05-04T05:23:00,NORMAL
JOB-C737106237,QAOA,35,115,35990,AWS,12.8965,899,30,1,2026-09,2026-09-23T20:59:00,NORMAL
JOB-3211FC6285,QAOA,28,250,44689,Azure,2904.785,177,81,1,2026-01,2026-01-28T11:00:00,HIGH
JOB-92A28355C3,QAOA,39,232,33184,Google,0.0,1911,22,1,2026-08,2026-08-06T02:36:00,NORMAL
JOB-DF405411BF,VQE,22,83,30239,IBM,48.3824,1139,14,1,2026-08,2026-08-19T23:49:00,NORMAL
JOB-28D96A6DB8,Shor,89,575,5464,IBM,16.392,941,45,0,2026-01,2026-01-25T23:28:00,NORMAL
JOB-36F28471BE,Shor,24,660,3176,AWS,1.4116,819,13,1,2026-06,2026-06-28T02:28:00,NORMAL
JOB-16E2064481,Grover,47,229,32310,AWS,11.6085,1205,34,1,2026-10,2026-10-21T13:10:00,LOW
JOB-34AADEB3F6,Grover,44,193,23653,IBM,37.8448,713,24,1,2026-09,2026-09-06T10:45:00,NORMAL
JOB-7F2D62CB00,QKD,18,17,667,IBM,1.0672,348,9,1,2026-03,2026-03-23T04:15:00,HIGH
JOB-437AC2175C,Grover,46,373,12901,Google,0.0,4081,24,1,2026-07,2026-07-13T14:04:00,NORMAL
JOB-9E68FDE8F3,Shor,55,911,4047,Google,0.0,1808,27,1,2026-08,2026-08-16T10:37:00,NORMAL
JOB-D95C1D1392,Shor,65,264,7542,Google,0.0,4769,33,1,2026-09,2026-09-13T06:27:00,NORMAL
JOB-0D3A4815CE,VQE,23,43,82397,Azure,5355.805,354,135,1,2026-08,2026-08-26T10:57:00,NORMAL
JOB-BA04F0FC43,Shor,40,651,4763,Google,0.0,1522,20,1,2026-01,2026-01-14T06:44:00,CRITICAL
JOB-338B2C6CAE,VQE,13,33,93990,AWS,33.1965,1257,39,1,2026-06,2026-06-09T02:23:00,LOW
JOB-2624599D4E,Shor,49,639,6393,Google,0.0,2568,25,1,2026-02,2026-02-23T03:00:00,NORMAL
JOB-D3A0925FD7,QKD,19,11,116,AWS,0.3406,553,9,1,2026-06,2026-06-27T03:55:00,NORMAL
JOB-F6B28493A1,Shor,33,305,3590,AWS,1.5565,764,17,1,2026-06,2026-06-10T04:24:00,NORMAL
JOB-560689C8D1,Grover,46,54,24094,AWS,8.7329,256,31,1,2026-03,2026-03-15T11:46:00,HIGH
JOB-B95DC8378E,QAOA,13,71,13271,Google,0.0,5517,7,1,2026-02,2026-02-19T23:24:00,LOW
JOB-C6CE0EA80C,Grover,15,177,22229,AWS,8.0801,470,15,0,2026-10,2026-10-20T23:38:00,NORMAL
JOB-985991615B,Shor,97,721,2569,Azure,166.985,231,52,1,2026-07,2026-07-10T20:03:00,HIGH
JOB-FCD7E0071B,Grover,25,305,25004,Google,0.0,5319,14,0,2026-10,2026-10-03T16:56:00,NORMAL
JOB-52B64C1FBB,VQE,23,117,56087,AWS,19.9305,582,31,0,2026-09,2026-09-22T05:48:00,NORMAL
JOB-BA886103E6,Shor,21,468,2791,IBM,4.4656,707,10,1,2026-01,2026-01-02T12:32:00,NORMAL
JOB-FFB9752189,QAOA,13,294,39331,Google,0.0,2915,9,1,2026-10,2026-10-05T08:05:00,NORMAL
JOB-777E97C842,Grover,35,350,24880,AWS,9.008,737,26,1,2026-02,2026-02-10T22:27:00,NORMAL
JOB-836D53D36D,Shor,75,318,4738,AWS,1.9583,419,39,1,2026-10,2026-10-20T01:19:00,HIGH
JOB-56C63943E0,Grover,18,55,9464,IBM,15.1424,346,10,1,2026-08,2026-08-12T16:33:00,CRITICAL
JOB-6FAF5954CF,Grover,27,110,29374,Azure,1909.31,184,57,1,2026-01,2026-01-11T13:17:00,HIGH
JOB-E6A46A0652,QKD,16,17,1123,IBM,1.7968,679,8,1,2026-10,2026-10-06T11:10:00,NORMAL
JOB-480A7C5AB9,QKD,5,15,1858,IBM,2.9728,466,2,0,2026-01,2026-01-08T01:30:00,HIGH
JOB-A6DD1CC110,Grover,36,164,14640,IBM,23.424,694,19,1,2026-04,2026-04-14T23:20:00,NORMAL
JOB-B7A2CB08AB,VQE,6,55,37445,IBM,59.912,1239,7,1,2026-09,2026-09-02T12:04:00,NORMAL
JOB-26FC60B596,VQE,19,12,56546,Azure,3675.49,144,94,1,2026-04,2026-04-10T18:50:00,HIGH
JOB-CCD315CACE,QAOA,39,120,39915,Azure,2594.475,273,79,1,2026-04,2026-04-05T00:59:00,NORMAL
JOB-D306C2D4B2,VQE,5,178,57511,IBM,92.0176,2402,9,1,2026-05,2026-05-04T06:33:00,LOW
JOB-F7D5112781,Shor,31,244,2920,AWS,1.322,523,16,0,2026-09,2026-09-14T22:57:00,NORMAL
JOB-42448E8572,Shor,70,276,5872,IBM,17.616,1317,35,1,2026-10,2026-10-02T13:42:00,NORMAL
JOB-4B4387262B,VQE,17,189,50954,Azure,3312.01,310,84,1,2026-06,2026-06-15T08:14:00,LOW
JOB-638A57DBAD,QKD,10,67,1054,IBM,1.6864,463,5,1,2026-06,2026-06-14T03:34:00,HIGH
JOB-F03C238E7F,QAOA,15,66,14425,Azure,937.625,330,29,1,2026-05,2026-05-27T22:44:00,NORMAL
JOB-D2D61BA8E8,VQE,12,101,60128,AWS,21.3448,273,27,0,2026-09,2026-09-02T21:19:00,HIGH
JOB-687844A417,Shor,91,966,5530,Google,0.0,8449,45,1,2026-04,2026-04-04T14:06:00,LOW
JOB-543F612FE4,Shor,48,333,2647,IBM,4.2352,2328,24,1,2026-07,2026-07-12T21:40:00,LOW
JOB-D22E0846E8,QKD,7,12,232,Azure,15.08,339,3,0,2026-04,2026-04-21T14:51:00,LOW
JOB-1C436E0AFB,VQE,19,22,30210,IBM,48.336,268,13,1,2026-10,2026-10-14T23:25:00,CRITICAL
JOB-4FFD946F49,QAOA,19,160,22436,AWS,8.1526,671,17,1,2026-08,2026-08-05T01:39:00,NORMAL
JOB-A030D90768,VQE,22,132,16184,Google,0.0,3309,12,1,2026-02,2026-02-09T12:08:00,NORMAL
JOB-D3027523DD,QKD,5,58,1701,AWS,0.8954,590,3,0,2026-06,2026-06-16T17:50:00,NORMAL
JOB-AAF7EBBB4A,QKD,10,13,753,Azure,48.945,393,6,1,2026-10,2026-10-08T00:57:00,NORMAL
JOB-39518692EF,QAOA,22,101,10658,Azure,692.77,310,26,1,2026-04,2026-04-22T07:17:00,NORMAL
JOB-06F24CFC0A,Shor,69,563,7898,AWS,3.0643,490,37,1,2026-03,2026-03-06T07:37:00,NORMAL
JOB-28C01E6DBD,VQE,16,155,82065,IBM,131.304,1339,17,1,2026-03,2026-03-19T06:53:00,NORMAL
JOB-91519C30CA,QAOA,10,66,7777,Azure,505.505,184,16,1,2026-04,2026-04-20T07:01:00,HIGH
JOB-03849E5BD1,QKD,15,32,1981,AWS,0.9933,1173,8,0,2026-06,2026-06-02T00:09:00,LOW
JOB-8FA81A3E82,Shor,67,921,6448,Azure,419.12,432,43,1,2026-07,2026-07-19T03:21:00,LOW
JOB-EA99B6FC9B,Grover,41,382,14492,Google,0.0,5002,21,1,2026-03,2026-03-23T17:44:00,NORMAL
JOB-3AA81D264D,VQE,10,106,48407,AWS,17.2425,301,21,1,2026-05,2026-05-05T05:46:00,NORMAL
JOB-BA04B9EA2C,QKD,6,33,1333,Google,0.0,7384,3,1,2026-06,2026-06-26T19:14:00,LOW
JOB-86D3BA9163,QAOA,12,141,26824,AWS,9.6884,877,15,1,2026-06,2026-06-06T20:56:00,NORMAL
JOB-17E893C809,VQE,11,73,99047,Google,0.0,656,13,1,2026-02,2026-02-12T08:50:00,CRITICAL
JOB-F2CA6F7E3E,QAOA,18,231,36410,Google,0.0,2165,11,1,2026-07,2026-07-12T17:24:00,NORMAL
JOB-22512B747E,QKD,7,14,703,AWS,0.546,206,3,1,2026-01,2026-01-11T08:06:00,HIGH
JOB-78BEEB2648,QAOA,13,193,43026,AWS,15.3591,558,21,1,2026-10,2026-10-16T22:01:00,NORMAL
JOB-04F841D139,QKD,8,52,520,Google,0.0,2639,4,1,2026-04,2026-04-14T22:35:00,HIGH
JOB-9F01B557B6,VQE,8,22,59690,Azure,3879.85,166,93,1,2026-10,2026-10-18T15:09:00,NORMAL
JOB-8AB5072F39,Shor,100,814,4958,Azure,322.27,362,57,1,2026-04,2026-04-04T00:13:00,LOW
JOB-70B064FF63,Shor,59,607,4881,Google,0.0,7399,29,1,2026-08,2026-08-22T08:05:00,LOW
JOB-CB2A01CA4B,VQE,19,21,42702,Google,0.0,4813,12,1,2026-08,2026-08-15T08:14:00,NORMAL
JOB-B0301317E3,Grover,32,327,17661,IBM,28.2576,724,18,1,2026-10,2026-10-08T17:03:00,HIGH
JOB-1D776114B0,QAOA,23,263,23681,Google,0.0,3607,13,0,2026-02,2026-02-13T22:02:00,NORMAL
JOB-9BE2B58A6D,QKD,19,32,2043,AWS,1.0151,195,10,1,2026-03,2026-03-07T06:08:00,HIGH
JOB-8B5626D6A3,QAOA,17,152,25051,AWS,9.0678,969,17,1,2026-02,2026-02-03T12:35:00,LOW
JOB-CB6A3073E6,VQE,5,189,89857,Google,0.0,5925,9,1,2026-10,2026-10-17T13:07:00,LOW
JOB-2FC4BDADDB,QKD,8,46,1876,IBM,3.0016,1430,4,1,2026-09,2026-09-12T13:16:00,LOW
JOB-6C212631B5,QKD,13,61,394,Google,0.0,973,6,1,2026-10,2026-10-20T21:44:00,CRITICAL
JOB-E8BB121F5F,VQE,20,78,57008,AWS,20.2528,140,29,1,2026-01,2026-01-11T09:19:00,CRITICAL
JOB-4ABD65D46D,Shor,76,992,7789,AWS,3.0261,397,40,1,2026-06,2026-06-09T23:26:00,HIGH
JOB-3083D3262E,QAOA,34,268,37945,AWS,13.5808,1394,30,1,2026-06,2026-06-27T01:32:00,LOW
JOB-ADADDD8A9A,QKD,5,32,494,Google,0.0,1151,2,1,2026-04,2026-04-27T01:15:00,HIGH
JOB-2A1CDBB7F7,VQE,19,139,60220,AWS,21.377,523,30,1,2026-02,2026-02-22T00:15:00,NORMAL
JOB-83216E4A11,Grover,32,226,9454,Google,0.0,2826,16,1,2026-05,2026-05-24T22:05:00,NORMAL
JOB-452F02A869,Grover,24,396,10870,AWS,4.1045,561,15,1,2026-05,2026-05-21T13:32:00,LOW
JOB-4FEC2FD79E,Shor,42,815,7584,Google,0.0,8456,21,1,2026-01,2026-01-08T08:38:00,LOW
JOB-B03C52BDD5,VQE,16,127,41221,Google,0.0,6613,11,1,2026-04,2026-04-15T09:43:00,LOW
JOB-C8212FFCDB,QKD,16,81,1425,IBM,2.28,319,8,1,2026-10,2026-10-20T09:19:00,CRITICAL
JOB-1A0F68A911,VQE,13,76,94190,Azure,6122.35,379,147,1,2026-05,2026-05-07T04:33:00,NORMAL
JOB-8A7D438BDD,QKD,9,13,1442,Google,0.0,3306,4,1,2026-08,2026-08-10T08:58:00,NORMAL
JOB-A4A03B53F0,Shor,48,902,5403,AWS,2.191,480,25,1,2026-08,2026-08-22T11:32:00,NORMAL
JOB-283B2265B5,QKD,20,26,1617,AWS,0.8659,847,10,0,2026-05,2026-05-24T17:48:00,NORMAL
JOB-03F904B001,VQE,12,200,48442,IBM,77.5072,410,11,1,2026-07,2026-07-26T10:23:00,HIGH
JOB-1B0177D0F4,Shor,94,794,6108,Google,0.0,1338,47,1,2026-02,2026-02-16T06:32:00,HIGH
JOB-045AF22E02,QKD,9,27,510,Azure,33.15,421,5,1,2026-06,2026-06-14T18:57:00,NORMAL
JOB-88714BFB77,VQE,20,95,90902,AWS,32.1157,302,41,1,2026-03,2026-03-11T20:03:00,NORMAL
JOB-233401E536,Grover,15,116,24231,AWS,8.7809,557,15,1,2026-07,2026-07-21T13:25:00,NORMAL
JOB-7E57F29E17,Shor,67,214,3663,IBM,10.989,453,33,1,2026-09,2026-09-07T00:43:00,NORMAL
JOB-D33E18546D,Grover,16,246,20589,Azure,1338.285,397,38,1,2026-10,2026-10-10T05:04:00,NORMAL
JOB-4C524B10C8,VQE,24,144,52472,Google,0.0,5386,16,1,2026-07,2026-07-22T04:21:00,NORMAL
JOB-A2D82FF747,Grover,35,59,11580,AWS,4.353,1332,21,1,2026-04,2026-04-24T04:13:00,LOW
JOB-D23439E43F,Grover,12,242,25078,IBM,40.1248,493,9,0,2026-05,2026-05-25T17:39:00,NORMAL
JOB-E734272475,Shor,34,626,4663,IBM,7.4608,263,17,1,2026-07,2026-07-04T17:16:00,CRITICAL
JOB-4BF9169A11,Shor,32,878,5286,Azure,343.59,191,23,1,2026-05,2026-05-20T19:44:00,NORMAL
JOB-95D46E7D52,Shor,33,709,2651,IBM,4.2416,920,16,1,2026-10,2026-10-07T08:53:00,NORMAL
JOB-C7518BA200,QAOA,39,126,49198,Azure,3197.87,92,93,1,2026-08,2026-08-11T07:00:00,HIGH
JOB-3CCBD19850,Shor,31,998,5215,Google,0.0,3034,15,1,2026-02,2026-02-24T23:06:00,HIGH
JOB-A8EFD16584,QAOA,11,71,15545,Azure,1010.425,390,28,1,2026-01,2026-01-28T09:23:00,NORMAL
JOB-9BF8D80809,Shor,25,209,8003,IBM,12.8048,1342,13,1,2026-03,2026-03-22T20:10:00,LOW
JOB-09933C4EC3,QKD,7,57,1769,Azure,114.985,486,6,1,2026-06,2026-06-06T03:25:00,LOW
JOB-5363229465,QAOA,18,77,12780,Google,0.0,3297,10,1,2026-01,2026-01-28T05:06:00,NORMAL
JOB-655D245561,QKD,17,55,1352,Google,0.0,2891,8,0,2026-01,2026-01-28T21:56:00,HIGH
JOB-694172E873,Grover,17,260,18536,Google,0.0,5276,9,1,2026-01,2026-01-03T08:41:00,LOW
JOB-67CD872B23,QKD,15,76,1171,AWS,0.7098,1324,7,1,2026-10,2026-10-04T13:42:00,LOW
JOB-57C9873B9B,QAOA,11,25,46261,AWS,16.4914,1075,21,1,2026-03,2026-03-17T15:54:00,LOW
JOB-267D12549D,QAOA,25,45,37318,Azure,2425.67,162,68,1,2026-04,2026-04-18T20:24:00,HIGH
JOB-BAAD0E0CA0,QAOA,36,65,36762,Google,0.0,8069,20,1,2026-08,2026-08-11T03:31:00,LOW
JOB-346D052559,QAOA,8,66,43693,Google,0.0,1089,7,1,2026-10,2026-10-21T09:56:00,CRITICAL
JOB-941A815EEB,QAOA,11,134,33879,Azure,2202.135,291,56,1,2026-06,2026-06-18T19:38:00,NORMAL
JOB-01F29B89D8,QAOA,22,21,26467,IBM,42.3472,427,14,1,2026-06,2026-06-27T20:51:00,HIGH
JOB-08C1073A88,Shor,83,343,7756,IBM,23.268,1127,42,1,2026-07,2026-07-04T08:39:00,LOW
JOB-2A7562CCD8,QAOA,20,193,11158,AWS,4.2053,703,13,1,2026-07,2026-07-02T20:53:00,NORMAL
JOB-6EE72846A8,QAOA,40,88,36787,Google,0.0,3791,22,1,2026-01,2026-01-17T23:03:00,NORMAL
JOB-3377092D2B,QKD,10,98,1284,Google,0.0,5750,5,1,2026-03,2026-03-24T04:06:00,LOW
JOB-44699D1831,VQE,24,187,40729,Google,0.0,3430,15,1,2026-05,2026-05-13T10:18:00,NORMAL
JOB-B75E7C62EF,QAOA,28,131,17261,Azure,1121.965,640,39,0,2026-04,2026-04-20T22:18:00,LOW
JOB-9659BF3017,Grover,50,215,27372,AWS,9.8802,588,34,1,2026-02,2026-02-25T11:35:00,NORMAL
JOB-7D081CAAA2,QAOA,35,26,38353,Azure,2492.945,298,75,1,2026-02,2026-02-01T12:09:00,LOW
JOB-0B41902137,VQE,26,74,27384,AWS,9.8844,1353,22,1,2026-01,2026-01-23T09:13:00,LOW
JOB-93EC316AF2,QAOA,22,219,19667,IBM,31.4672,1073,13,1,2026-09,2026-09-26T22:18:00,NORMAL
JOB-0E58C82088,QAOA,28,47,4945,Google,0.0,4611,14,1,2026-05,2026-05-07T19:55:00,NORMAL
JOB-23C88D4610,Grover,44,358,10533,Azure,684.645,445,37,1,2026-04,2026-04-10T14:11:00,NORMAL
JOB-E07E27BE01,Grover,37,192,22334,IBM,35.7344,1211,21,1,2026-05,2026-05-05T05:37:00,NORMAL
JOB-77F8EFDAAF,QAOA,28,46,45080,AWS,16.078,178,29,1,2026-10,2026-10-27T21:19:00,CRITICAL
JOB-817749A808,VQE,15,144,37022,IBM,59.2352,904,11,1,2026-03,2026-03-17T02:50:00,NORMAL
JOB-2AD0FF440F,QKD,12,37,1458,Google,0.0,1551,6,1,2026-06,2026-06-11T11:18:00,HIGH
JOB-FF9E5A406A,QKD,5,24,1469,Google,0.0,7401,2,0,2026-06,2026-06-15T07:57:00,LOW
JOB-0811B4D539,Grover,30,245,30186,IBM,48.2976,1101,18,1,2026-02,2026-02-13T08:34:00,NORMAL
JOB-20C7EAD1D9,QKD,19,72,189,Azure,12.285,304,9,0,2026-05,2026-05-21T06:20:00,NORMAL
JOB-988C47C633,Grover,23,393,24723,IBM,39.5568,1202,14,1,2026-04,2026-04-28T21:27:00,NORMAL
JOB-5A9CF9D909,QAOA,17,32,34191,IBM,54.7056,498,12,1,2026-06,2026-06-02T02:04:00,NORMAL
JOB-A683C3F956,QKD,12,43,934,IBM,1.4944,839,6,1,2026-07,2026-07-15T20:25:00,NORMAL
JOB-5D2DF00441,Shor,99,264,7216,IBM,21.648,515,50,0,2026-10,2026-10-02T22:54:00,NORMAL
JOB-D0F4C5CBBB,Shor,58,821,1732,Azure,112.58,268,31,1,2026-05,2026-05-25T14:24:00,NORMAL
JOB-E3EED11BEB,QAOA,16,220,39860,AWS,14.251,706,21,0,2026-05,2026-05-21T04:19:00,NORMAL
JOB-CD8E97A4D3,VQE,22,46,24344,IBM,38.9504,804,13,1,2026-01,2026-01-01T18:38:00,NORMAL
JOB-92BA6841C0,Shor,64,416,4404,Azure,286.26,129,38,1,2026-09,2026-09-05T05:11:00,HIGH
JOB-BD179B33FD,Grover,46,77,31994,IBM,51.1904,309,26,1,2026-09,2026-09-15T20:35:00,HIGH
JOB-8FE2CB9DFD,VQE,23,134,51557,IBM,82.4912,396,17,1,2026-06,2026-06-05T21:41:00,HIGH
JOB-48B66EF296,Shor,77,536,6073,AWS,2.4255,639,40,1,2026-05,2026-05-23T18:09:00,NORMAL
JOB-C8F18A7241,VQE,15,73,37227,Google,0.0,2547,10,1,2026-07,2026-07-09T11:08:00,HIGH
JOB-13EDF275F2,QAOA,27,269,40250,Google,0.0,2095,16,1,2026-02,2026-02-06T20:38:00,NORMAL
JOB-8EB5DAE9C3,Grover,50,89,27932,AWS,10.0762,318,34,1,2026-02,2026-02-01T16:40:00,NORMAL
JOB-CC94D79D7F,QAOA,24,298,39464,AWS,14.1124,963,25,1,2026-08,2026-08-21T04:23:00,LOW
JOB-BD688C5BDB,QKD,7,60,845,Azure,54.925,242,4,1,2026-09,2026-09-01T21:15:00,HIGH
JOB-117A01AA14,QKD,9,67,426,AWS,0.4491,823,4,1,2026-03,2026-03-19T18:42:00,NORMAL
JOB-4CBD87DCB5,QAOA,39,138,8215,Azure,533.975,105,31,1,2026-05,2026-05-12T07:02:00,CRITICAL
JOB-32E54C38B1,VQE,19,21,13422,Google,0.0,4080,10,1,2026-06,2026-06-04T22:33:00,NORMAL
JOB-3B1D2B810E,VQE,17,103,85220,AWS,30.127,883,38,1,2026-02,2026-02-17T08:24:00,NORMAL
JOB-5C6175A21C,QAOA,30,269,35691,Azure,2319.915,345,68,1,2026-10,2026-10-01T16:56:00,LOW
JOB-AFFBEE2DF6,Shor,43,361,3991,Azure,259.415,131,27,1,2026-10,2026-10-23T03:42:00,HIGH
JOB-2DD24FE280,Shor,81,415,5863,Google,0.0,2677,40,1,2026-03,2026-03-21T13:01:00,NORMAL
JOB-CDB6BF6902,QKD,6,83,400,AWS,0.44,244,3,0,2026-01,2026-01-06T08:59:00,HIGH
JOB-39E7B34D45,QKD,14,20,543,IBM,0.8688,1590,7,1,2026-08,2026-08-20T15:55:00,LOW
JOB-C9C1573577,QAOA,19,281,21431,AWS,7.8008,853,17,1,2026-03,2026-03-24T21:21:00,NORMAL
JOB-D1BEB57ECD,Shor,36,311,1159,AWS,0.7056,551,18,1,2026-04,2026-04-17T16:43:00,NORMAL
JOB-A436D2502A,Shor,98,814,1343,AWS,0.77,589,49,1,2026-09,2026-09-17T03:05:00,NORMAL
JOB-7CF64C4433,QKD,18,76,961,IBM,1.5376,1668,9,1,2026-06,2026-06-28T01:44:00,LOW
JOB-786369E2FB,QAOA,14,237,12870,Google,0.0,4892,8,1,2026-05,2026-05-16T07:58:00,NORMAL
JOB-AF89D5C3F5,QKD,5,100,1622,Google,0.0,3671,2,1,2026-01,2026-01-19T16:07:00,NORMAL
JOB-70473F6F13,Grover,16,129,18057,Azure,1173.705,310,35,1,2026-10,2026-10-09T08:54:00,NORMAL
JOB-BBD01001A0,QKD,17,36,946,Azure,61.49,366,9,1,2026-09,2026-09-26T17:30:00,LOW
JOB-EAB03D8CBE,QAOA,30,223,13144,Azure,854.36,692,34,0,2026-02,2026-02-24T07:28:00,LOW
JOB-FCF1B024C8,Shor,63,763,6054,AWS,2.4189,303,33,1,2026-01,2026-01-06T12:40:00,NORMAL
JOB-391C1A27FB,Grover,37,95,6195,Google,0.0,7186,18,1,2026-05,2026-05-08T11:05:00,LOW
JOB-592E1BCE19,QAOA,11,109,46058,Azure,2993.77,405,74,0,2026-08,2026-08-15T00:12:00,NORMAL
JOB-EEE87855CF,QKD,12,88,447,Azure,29.055,90,6,1,2026-01,2026-01-12T07:41:00,HIGH
JOB-414ED563ED,VQE,17,113,85010,Google,0.0,4333,15,0,2026-04,2026-04-17T00:47:00,NORMAL
JOB-2FC3CB71CF,QKD,16,54,1770,Azure,115.05,286,10,1,2026-05,2026-05-08T19:12:00,NORMAL
JOB-1AD429BA99,Shor,84,309,5600,Azure,364.0,260,50,1,2026-02,2026-02-17T09:21:00,HIGH
JOB-8AC22399DF,VQE,17,154,71582,Azure,4652.83,287,115,1,2026-04,2026-04-25T10:49:00,NORMAL
JOB-436B7D2A36,QKD,13,18,883,IBM,1.4128,1170,6,1,2026-04,2026-04-22T22:14:00,NORMAL
JOB-02F45D144A,VQE,13,73,45847,IBM,73.3552,1188,12,1,2026-02,2026-02-13T21:47:00,NORMAL
JOB-6FCCF7D2DD,Grover,23,343,12913,Google,0.0,5075,12,1,2026-03,2026-03-24T21:59:00,NORMAL
JOB-DA868B8ED4,Grover,26,155,11606,AWS,4.3621,671,17,1,2026-04,2026-04-27T07:53:00,NORMAL
JOB-2F34179CC3,Shor,83,828,1078,IBM,3.234,1815,41,1,2026-09,2026-09-02T15:23:00,LOW
JOB-2D8DF11918,QKD,13,60,554,Azure,36.01,389,7,1,2026-10,2026-10-05T01:33:00,NORMAL
JOB-19E8584FDC,QKD,17,97,1689,IBM,2.7024,916,8,1,2026-03,2026-03-15T03:44:00,NORMAL
JOB-189E2F430D,Shor,68,794,1849,IBM,5.547,683,34,1,2026-06,2026-06-12T19:55:00,NORMAL
JOB-F2C4569778,Grover,49,225,16086,Azure,1045.59,275,48,1,2026-03,2026-03-16T13:13:00,NORMAL
JOB-FFDE9A9C5E,VQE,10,156,25380,Google,0.0,2159,7,1,2026-10,2026-10-22T07:52:00,NORMAL
JOB-766203717F,Grover,22,124,30311,Google,0.0,5971,13,1,2026-03,2026-03-16T00:11:00,LOW
JOB-196941B13A,QKD,14,42,1251,Azure,81.315,357,8,1,2026-10,2026-10-02T12:06:00,NORMAL
JOB-CD5B7B4CA5,VQE,8,125,52056,Google,0.0,6852,8,1,2026-05,2026-05-12T11:35:00,LOW
JOB-D8AF308778,VQE,16,183,87566,IBM,140.1056,1034,18,1,2026-04,2026-04-19T18:41:00,NORMAL
JOB-58CBE8847B,VQE,21,134,66772,Azure,4340.18,289,110,0,2026-02,2026-02-13T19:18:00,NORMAL
JOB-9E9E7AF218,Grover,49,342,17359,Azure,1128.335,218,50,1,2026-02,2026-02-03T05:21:00,NORMAL
JOB-8CCB24A186,VQE,17,79,66505,Azure,4322.825,439,108,1,2026-06,2026-06-24T18:33:00,NORMAL
JOB-8936154C21,Grover,25,388,12341,IBM,19.7456,325,13,1,2026-02,2026-02-07T05:25:00,HIGH
JOB-C96CDFB100,QAOA,33,288,9551,IBM,15.2816,157,17,0,2026-02,2026-02-09T19:09:00,CRITICAL
JOB-DC646C212B,QAOA,26,246,45153,Azure,2934.945,120,80,1,2026-03,2026-03-05T16:53:00,HIGH
JOB-0F49AD399D,VQE,19,148,43897,Azure,2853.305,561,75,1,2026-09,2026-09-15T04:44:00,LOW
JOB-A4FEA79080,QAOA,27,197,35661,Google,0.0,2908,16,1,2026-09,2026-09-08T02:28:00,NORMAL
JOB-5113B6957B,Grover,43,119,15364,Azure,998.66,106,44,1,2026-05,2026-05-16T17:00:00,CRITICAL
JOB-B111675EA5,QAOA,35,169,43221,Azure,2809.365,78,82,1,2026-04,2026-04-26T00:35:00,CRITICAL
JOB-8F365AFF92,QKD,10,92,898,Google,0.0,3320,5,1,2026-07,2026-07-08T08:05:00,NORMAL
JOB-AD8481413D,QKD,13,62,485,Azure,31.525,183,7,1,2026-02,2026-02-06T04:18:00,NORMAL
JOB-0B1AE1E287,QAOA,39,116,25109,Azure,1632.085,156,57,0,2026-01,2026-01-05T01:34:00,NORMAL
JOB-D895165AAD,VQE,19,196,9267,Azure,602.355,178,23,1,2026-04,2026-04-03T04:00:00,HIGH
JOB-E881DF6585,VQE,19,188,12351,Google,0.0,4966,10,1,2026-06,2026-06-03T04:03:00,LOW
JOB-48BA8D664E,QKD,13,58,1796,Google,0.0,1911,6,0,2026-01,2026-01-04T22:15:00,HIGH
JOB-7667973886,Grover,16,316,25919,IBM,41.4704,789,11,0,2026-04,2026-04-16T12:43:00,HIGH
JOB-1C3985FB20,Grover,45,316,8098,IBM,12.9568,628,23,1,2026-05,2026-05-16T20:19:00,NORMAL
JOB-AA57578AF3,Grover,37,216,4589,IBM,7.3424,334,19,1,2026-03,2026-03-26T08:37:00,HIGH
JOB-6EBC5B100C,Shor,80,904,5908,IBM,17.724,591,40,1,2026-03,2026-03-12T02:15:00,NORMAL
JOB-B670C0495A,QKD,6,17,828,Azure,53.82,327,4,1,2026-03,2026-03-23T17:50:00,LOW
JOB-076CF8AD68,VQE,19,197,33484,Azure,2176.46,661,59,1,2026-01,2026-01-23T12:22:00,LOW
JOB-41ADA0448F,Shor,91,501,5470,Google,0.0,3757,45,1,2026-08,2026-08-07T18:11:00,NORMAL
JOB-9071A38274,QAOA,18,55,38904,Azure,2528.76,412,67,1,2026-03,2026-03-15T09:52:00,LOW
JOB-9D7F67F493,Shor,22,834,8043,Google,0.0,2954,11,1,2026-06,2026-06-25T19:15:00,NORMAL
JOB-85E339C96B,QKD,20,80,415,Google,0.0,2464,10,1,2026-10,2026-10-10T10:26:00,HIGH
JOB-53F42B7103,QKD,9,32,1888,IBM,3.0208,186,4,1,2026-01,2026-01-07T03:31:00,CRITICAL
JOB-3C3992CAF5,QAOA,24,45,28105,Google,0.0,1847,14,0,2026-04,2026-04-20T22:04:00,NORMAL
JOB-E6AE9450BF,QAOA,11,204,40666,IBM,65.0656,1087,10,1,2026-07,2026-07-27T11:50:00,NORMAL
JOB-47337628B2,VQE,14,29,36490,IBM,58.384,657,11,1,2026-09,2026-09-04T03:46:00,NORMAL
JOB-3118AFEEEA,Grover,21,335,28645,AWS,10.3258,759,20,1,2026-09,2026-09-14T23:06:00,NORMAL
JOB-0D00DC6EA5,QAOA,18,112,40138,Google,0.0,4264,12,0,2026-07,2026-07-17T10:42:00,LOW
JOB-8DCB8A69DE,QAOA,28,210,31119,Azure,2022.735,598,60,1,2026-07,2026-07-27T23:20:00,LOW
JOB-1BF46CE7BD,Grover,26,234,18920,Google,0.0,1924,14,1,2026-08,2026-08-13T00:46:00,NORMAL
JOB-EE01E28E7E,Shor,58,206,3484,AWS,1.5194,1373,30,0,2026-04,2026-04-07T10:01:00,LOW
JOB-0A9B056D04,VQE,19,101,28653,AWS,10.3285,389,19,1,2026-03,2026-03-09T11:56:00,HIGH
JOB-3F70B7ECA5,VQE,23,65,18310,IBM,29.296,889,13,1,2026-06,2026-06-26T15:11:00,NORMAL
JOB-7951E2443B,QKD,14,14,1596,IBM,2.5536,500,7,1,2026-10,2026-10-13T02:49:00,NORMAL
JOB-AAAC3495AD,VQE,8,68,93753,Google,0.0,4075,11,1,2026-10,2026-10-01T20:49:00,NORMAL
JOB-FDACC2AB2F,QKD,9,51,1128,IBM,1.8048,1108,4,1,2026-04,2026-04-05T01:43:00,NORMAL
JOB-4C6A455A79,QAOA,26,221,13796,IBM,22.0736,578,14,1,2026-03,2026-03-11T02:30:00,HIGH
JOB-89DE4E2542,QAOA,40,242,49831,Azure,3239.015,190,94,1,2026-03,2026-03-25T04:30:00,HIGH
JOB-763574245C,QKD,12,41,246,AWS,0.3861,710,6,1,2026-05,2026-05-25T13:20:00,NORMAL
JOB-48A21D2CFB,Shor,64,395,3651,Google,0.0,4570,32,1,2026-06,2026-06-20T20:01:00,NORMAL
JOB-DF5B678DA9,VQE,19,21,38795,Google,0.0,4527,12,1,2026-04,2026-04-22T11:09:00,NORMAL
JOB-F364955D8A,Shor,99,351,8140,IBM,24.42,704,50,1,2026-05,2026-05-01T10:44:00,HIGH
JOB-5D16F0DA6E,QAOA,21,124,39906,IBM,63.8496,884,15,1,2026-09,2026-09-25T08:35:00,NORMAL
JOB-D134017DAC,Grover,43,72,12466,IBM,19.9456,1160,22,1,2026-03,2026-03-02T09:12:00,NORMAL
JOB-7662E99DAB,Shor,21,268,4207,Google,0.0,4911,10,1,2026-05,2026-05-22T21:23:00,NORMAL
JOB-0919E07716,QAOA,40,70,24769,AWS,8.9692,635,28,1,2026-08,2026-08-28T19:34:00,LOW
JOB-1376F47DCE,QAOA,27,190,36204,IBM,57.9264,228,17,1,2026-07,2026-07-24T05:01:00,CRITICAL
JOB-AABD99DDBF,VQE,21,80,16319,AWS,6.0116,1565,16,1,2026-05,2026-05-13T00:35:00,LOW
JOB-AE83B2F697,VQE,7,196,58288,Google,0.0,4051,8,1,2026-09,2026-09-22T19:55:00,NORMAL
JOB-F171EDB0A2,Grover,29,359,14886,AWS,5.5101,691,19,1,2026-08,2026-08-18T04:13:00,NORMAL
