PC1,PC2,PC3,PC4,label
0.6472014724795976,0.5780384090618473,0.44647773687980896,0.21988679854474785,0
0.5537874476296315,0.4537378490297035,0.47754539248161615,0.47996812083723606,0
0.7445271710026401,0.5222449944356072,0.5193164642298068,0.5572768375404467,0
0.49397357985348805,0.5147710378495282,0.0,0.6845790894486762,0
0.6961726505581147,0.405623844910272,0.47336627476328297,0.32415672972004317,0
0.2365199604152442,0.5288178929259025,0.5921047861855729,0.35447723855322244,0
0.39495840227230716,0.694991219342145,0.6818583120581279,0.49997742798040024,0
0.7057317421797269,0.6853541092983769,0.5722256736729411,0.6696884690035402,1
0.47016061334979786,0.5195720448981591,0.27191313458055805,0.10800016086294367,0
0.5328097322392193,0.6590726017964534,0.7939336099064824,0.6763997985944432,0
0.8827991492306719,0.6541021239856208,0.45170672157211395,0.4636067851472544,0
0.4183837137746725,0.7544900146635951,0.594521563801851,0.8964848892080517,0
0.8499447121389712,0.5254151610691307,0.6704359399414662,0.6722109808203995,0
0.3223627598252218,0.46976629617343557,0.7387116424456991,0.4582470101684782,0
0.8032745076412647,0.5364777381177992,0.38296137585779444,0.7490799309899904,0
0.6049133391979226,0.8131999503048597,0.507204778671544,0.47531228988288005,0
0.32621709142243355,0.2497311227628604,0.479906426941979,0.5858418307242502,0
0.5256402475181673,0.30640781804853845,0.9168388094617583,0.6658335145315468,0
0.3404695469054711,0.6383946064188364,0.507136263610581,0.45125749704552903,0
0.7955775932131498,0.30626909947529196,0.7463231311879507,0.23520842405061426,1
0.6060828842063362,0.5073823537553114,0.23083787244239212,0.7925525958167497,0
0.3430504397842827,0.4836855827889146,0.48306351257099994,0.6173221386829475,0
0.872367465493409,0.48431521089216584,0.5495338480090157,0.49272470169214455,1
0.4664001998083029,0.7280167719688915,0.5652786280608463,0.5187002574457353,0
0.6971411479264371,0.2505838075260812,0.5476723248714548,0.28776814963230335,0
0.49947890117813015,0.3523293748441618,0.6976846837399476,0.4902955926404383,1
0.702418908474294,0.46330789090062763,0.7082441254585196,0.435671808591963,0
0.7375276871298756,0.8158470884902302,0.5170478006693027,0.44318376889732225,1
0.1843985427388511,0.5408172372410555,0.5742158443326215,0.7558801536307244,0
0.6032979898431168,0.3848987403737526,0.5707193175511621,0.3562460814321604,0
0.5363057136005147,0.4951057946043864,0.7258983285761988,0.36372999273384243,0
0.7265069514411875,0.9013735810068915,0.34023187514703346,0.5033746591983693,0
0.6144712960822347,0.4239036762823307,0.5158543515003582,0.5214875281379144,0
0.8782163386407624,0.6352946282000079,0.7403925207655697,0.5909789217327428,0
0.546528624021282,0.6373314252594786,0.5913839025300193,0.4093903807643346,0
0.5319078040529125,0.5052240566309244,0.946913789284558,0.5522727621321051,0
0.6760586721715367,0.5947845376562341,0.6402367372963326,0.07493491367155514,1
0.38135331529710303,0.49346244688014484,0.33099029555651516,0.23872925749354396,1
0.5274721338024294,0.5263299255438831,0.3567152671562195,0.38291577559023726,0
0.5789481225358266,0.3765447063226194,0.6987833087113361,0.4167208139251469,0
0.7711121946067638,0.5270932717369496,0.2129173536885709,0.5307571549719596,0
0.7289439712026593,0.43494055536897525,0.4879471536181229,0.5386573042476867,0
0.5887958623621771,0.5432196984308917,0.6168530291736086,0.0,0
0.6787053265961357,0.4153867246616201,0.5270158111329246,0.24839356285137032,0
0.5797067145146887,0.5839140910155425,0.7074692631778292,0.4989830623188056,0
0.25389364504861445,0.593883948813118,0.6112781623715244,0.6985176146358378,0
0.6878617840401311,0.6731530809429436,0.4620056778451951,0.5849565819344619,0
0.581279772948678,0.2792737854017904,0.713199796693139,0.24265118102556127,0
0.5632751129666649,0.5804101980293784,0.4923328069693527,0.48434588847990606,0
0.7270931846676602,0.6260252048127006,0.6255575411337665,0.39573647524663913,0
0.518278982470155,0.7374999817583957,0.4364395729917317,0.3696133693760012,0
0.6782993250216138,0.7352340806741982,0.7134084838562433,0.7454962856112848,1
0.47048147679769287,0.283353275502394,0.4206999693844794,0.430163233675281,1
1.0,0.5861666148890865,0.510851197010131,0.6143375055108333,0
0.6359517952888888,0.5616466101187043,0.2567633140080691,0.4205471262163055,0
0.6267488623675829,0.4535702335158059,0.3885054851501844,0.22556208039298414,0
0.4418768793111401,0.6014325748996369,0.6777918338651642,0.3656135772471767,0
0.63087952808725,0.5776027659794866,0.6663222218930607,0.6588946616598532,0
0.5061290645769184,0.5556964135025277,0.6730345631050294,0.5209761653457733,0
0.58067255985526,0.3646342996002735,0.3283987338338331,0.44153603625564564,0
0.6943247207402404,0.7667176247090401,0.4639281858782724,0.5890595169591162,1
0.2940260906015561,0.4458155562034321,0.5979307065046963,0.5004762518825909,0
0.5180599871732979,0.32998337308363856,0.6843805560081699,0.5539236695145573,0
0.497991249530803,0.7566651640723191,0.6003176036711225,0.2937670297215367,0
0.5241217474051377,0.5770338148996836,0.6068574049869033,0.5626665862849696,0
0.7423084880517744,0.4877541554015348,0.35823506745096545,0.4880442235495665,1
0.44867743530875887,0.4392059983006522,0.3428344782413648,0.20879001208171105,1
0.7461997011799989,0.6680537870587687,0.6093038981016323,0.7983286055989276,0
0.7053843589049862,0.3435586401982983,0.571894953124775,0.8144479567548739,0
0.6463585276045736,0.33533545995872327,0.6491807070189839,0.5991445295106366,0
0.9171674022475494,0.22042893653777507,0.3870648105295811,0.8022013806707307,0
0.47539337310551155,0.5646707189889217,0.5647626171026292,0.4237018240892537,0
0.7352623558962859,0.4059771273944223,0.3879281059202745,0.4598909628762712,0
0.7944661866416838,0.4257086433229638,0.3059277463927445,0.4698558637609599,1
0.5176999143807366,0.28509197621290855,0.5125593903355847,0.6709193911064976,0
0.7755807464042137,0.41474687742237326,0.40061341255324623,0.4210492034186791,0
0.3403542950758506,0.7466217574762863,0.5981316070795937,0.6634625451179583,0
0.8317156881110177,0.47153696530887795,0.47517856475318787,0.4902165408740151,0
0.7584674591230046,0.6550438895736449,0.7530950062952037,0.47054364172169727,0
0.6532555314215285,0.477864167348574,0.30457456614802964,0.4193380146280807,1
0.5723704576865044,0.5999864130602607,0.38299676368849056,0.026264113654494214,0
0.6437339083991379,0.31711452124007633,0.5406749552942397,0.3520371465230169,1
0.7204562506015961,0.6911606837611025,0.6256785612515958,0.38198889827488325,1
0.5226119275529616,0.6678273268761068,0.6255598330885788,0.26575416736316076,0
0.564235555199186,0.316226356059547,0.26402354705584025,0.47819933002370174,0
0.5782309863682895,0.6237194213505035,0.3108676514050307,0.4464337643410109,1
0.6915862014844687,0.348860892049782,0.7219193596784106,0.5757441013759288,0
0.753232068666572,0.29889593531983005,0.5757696859250974,0.6215467240215062,0
0.4443153130916865,0.41932895900798733,0.7528560741141479,0.4373313362256642,0
0.5883517875978099,0.31859226839819893,0.49169184566033214,0.4953442597406613,1
0.8075897317493572,0.38377074021664437,0.2938641898425097,0.913599163359483,0
0.47653824983101983,0.2576022108713295,0.6335360700199943,0.5728246601107194,0
0.8417684396596554,0.48039256021434584,0.5090471373277279,0.39545065475393554,0
0.5589864621760929,0.5070367033246604,0.35508170202307143,0.49013714252451074,0
0.27053740503887636,0.6518662283361031,0.6767454283035212,0.5253648940224118,0
0.38685341961149744,0.3906457201895891,0.7966615328118083,0.7581895444066558,0
0.4596834243587629,0.5079831015600037,0.40321213465324635,0.6554455511105487,1
0.7400060995359306,0.5754601751221846,0.4969015707802316,0.41522735709920267,1
0.5759434493574606,0.4895590494241821,0.668544223318274,0.5123050069435015,0
0.5752324890526376,0.5671369584926894,0.6201100449027226,0.5271193353596836,1
0.5713854706402942,0.4998471857484815,0.6781029801293808,0.21996142530025226,1
0.526502099593756,0.7769784000165159,0.47629787298574133,0.7121927418835556,1
0.7017661050926582,0.555195840686285,0.500669068300248,0.37783882242664746,0
0.5486649710659878,0.39119795002345237,0.888878696860764,0.7489409468558763,0
0.45274344825657403,0.47444369224335203,0.3297516224126674,0.6062608872599486,0
0.5870893378495222,0.7511743151453308,0.6828511302415727,0.24749038969977144,0
0.3009857840144779,0.30774926088890286,0.2090328076121855,0.3390318245117878,0
0.7161229276308121,0.6640522226963743,0.6444241525452804,0.5571882685729257,0
0.7190366985204726,0.8286984160289077,0.658347235593143,0.4904446053099565,1
0.3420903027903054,0.8006225843679535,0.40847199373476123,0.5039431152829896,0
0.4122470331538183,0.6710402594173841,0.2825013604228187,0.7012565188645759,0
0.4931293173486491,0.5472099420977773,0.6960307880928538,0.3078903955707853,0
0.2950860110012356,0.1627665886291999,0.2706552024379885,0.5018463619399657,0
0.3979212543037462,0.522161840856425,0.6695519332813566,0.47542384894269935,0
0.8932424037809596,0.501024455207125,0.45098143565707327,0.37490736771559485,1
0.6572447764180678,0.4034677616294612,0.881204980321683,0.5088014889124602,1
0.6844369603208275,0.8222051889532898,0.29213698278555245,0.5077552053890723,0
0.6248229075890651,0.6576913811742668,0.552652377477548,0.3755049758734356,1
0.4694524495089372,0.24235636882071354,0.4587408091863416,0.4578834143262063,0
0.6130143402847489,0.26128750145363533,0.49730850122784415,0.8101492480872374,0
0.5191576695652499,0.4413950420565609,0.4801425622039661,0.7286376292762037,0
0.5601895991610715,0.7303406558298287,0.3304317403051807,0.6960819182248823,0
0.39677480269858606,0.6910997768380214,0.21054028333714048,0.43412425334464366,0
0.5345879306061284,0.8344442525377729,0.5363363608572925,0.44185118974929904,0
0.6230908585502315,0.5107243762043994,0.2831231904595254,0.7428630194581533,0
0.32775867488809807,0.3326044558451838,0.5665681737048135,0.6210584961391092,1
0.6020847847286959,0.575527157764854,0.4353206590033575,0.33962613540865433,0
0.540273361930212,0.35985557294643744,0.667137485483449,0.447677288814762,0
0.5497371669519302,0.612077211069831,0.565495020958917,0.46818150824654203,0
0.5717501656227687,0.4707827487422362,0.7054113832070376,0.5845999468226843,0
0.30023313601363316,0.4929304251965719,0.29119282100923066,0.696147686060076,0
0.9081952911441811,0.8034335630655027,0.5811212682532672,0.557997905772561,0
0.5832279243735033,0.4989798534450958,0.3841184944840944,0.7783884683376544,0
0.7340917196968548,0.32666542312310476,0.6086804005819335,0.4399658501456661,0
0.47205956811053695,0.45741354435417186,0.45107065093321996,0.43126334290517193,0
0.44868883809419635,0.3017058430123091,0.30969063371532013,0.7015800608294074,0
0.6169853912524937,0.4459453568385956,0.47210349667965235,0.6045626826703546,0
0.8550878448786567,0.7671791283123165,0.5978952977298928,0.2629552657098875,1
0.38353254609155857,0.7848288055991929,0.42580237794668935,0.578391531404734,0
0.5283736836059789,0.6870326208493815,0.5060215731164132,0.5825827473230641,0
0.6073632930458421,0.5034726056606542,0.4766293828653011,0.6482300328515352,0
0.33586452336093253,0.3304113815923187,0.7736589158775763,0.5636510143805805,0
0.7865040942576578,0.7542230855370788,0.5252598518269904,0.5881393419626151,1
0.9403873217940292,0.5593922569526116,0.3205005894542514,0.5457577480870472,1
0.6092370889542404,0.5445265528199335,0.34605964427376024,0.5115503063709794,0
0.5106349283776573,0.5210562745300279,0.5110129164109677,0.6700687579125733,0
0.6132959846968763,0.3907845997149436,0.6521952614530766,0.6425604485361951,0
0.41910202939705926,0.5347917992550331,0.4971196989603154,0.3929373749169284,0
0.556934782535814,0.4758447656571823,0.7898363176190328,0.41409641418683835,0
0.3859706449295608,0.6718330270519446,0.5963771377031716,0.5905198791132575,0
0.44681961247709745,0.7027401363670193,0.45601189043717794,0.4879425963764277,0
0.24431290985805926,0.5253291523944977,0.6717843171861533,0.809535223116149,0
0.37593738199814397,0.3892119591204897,0.4465040734578788,0.7167062938794264,0
0.4961158421581206,0.5272172815690331,0.45942229510403665,0.8157764734195426,0
0.632345867354525,0.5360319876449814,0.46415824088265933,0.6217861958810817,1
0.41680237147198196,0.3538660567828322,0.6434243738445157,0.5993073923983258,0
0.5379268666409898,0.5881517441868287,0.48990731562424217,0.6559443987615794,0
0.7630053050798585,0.4887601007023807,0.2926704660472286,0.7413912932592914,1
0.6942846241876683,0.5237809291742065,0.42841852316990137,0.27174595559280135,1
0.7032490059547367,0.5449212751375224,0.46617894784020486,0.829841386780531,1
0.3216883348459786,0.6480256281897749,0.4972751138950164,0.695380470720275,0
0.6303317932394883,0.5523819900190137,0.5977443944360531,0.5931882896345325,0
0.48686823187491624,0.652645845872974,0.6481457367075654,0.4060882936810252,0
0.7133411129393472,0.4430559406895008,0.40452601887682826,0.6456844378477972,1
0.6783213721167425,0.2456258540549915,0.4508041094327895,0.502588995878924,0
0.5552579306175386,0.4051026433104714,0.7387636633481863,0.6412957242625614,0
0.6381613170713487,0.3220027023631509,0.4551073560149558,0.4513709679928307,0
0.4924544802546154,0.46482548329010803,0.40219082393757133,0.658523508105837,0
0.6654491215560265,0.6564512368675277,0.34555647600223816,0.4591953248654198,0
0.5360919702454255,0.3364797341834728,0.5308769841314789,0.39268414591786727,0
0.6610815179806411,0.46063219493977703,0.40414636897281764,0.3644238133113656,0
0.6762185868758164,0.5264158383497526,0.4334066980329048,0.33131648956194193,0
0.6876587346888454,0.5912807769559907,0.545475567417609,0.5556887312436694,0
0.7843716738722266,0.518427570528475,0.44517648850730107,0.6448140380858095,0
0.45343449944793157,0.47584392767596484,0.6854234036033254,0.5005781665851413,0
0.5619444218310685,0.5593012567733179,0.39566412812826096,0.6499891920076214,0
0.5851686177484232,0.46238662456477797,0.5689514235820969,0.6363408125453525,0
0.394003497786787,0.5920933553447297,0.5169890359879011,0.6140789322602037,0
0.40740980790326087,0.6098701997791228,0.5615128154096898,0.5473507497056944,0
0.6039909463021433,0.3558757571743785,0.296404899096042,0.6738326653988129,0
0.5976882773589863,0.5089713555496755,0.5960266962064514,0.535834958855726,0
0.38594799948667957,0.7963144962397178,0.507202266367725,0.5607006279514791,0
0.7776085754014685,0.5483988841904924,0.48448595801764716,0.7091562264799046,1
0.7267266845836314,1.0,0.6013520221295502,0.7233497778160193,0
0.6068912503531713,0.3385915020877176,0.5123984845247339,0.5669193068408658,0
0.24249056412598385,0.6789427791565357,0.56266577526542,0.444043633284033,0
0.7488858860352366,0.39214964822851445,0.40951505995716275,0.299599708211263,1
0.6879520552195972,0.5265662168304845,0.4791638627443373,0.5630553133136198,0
0.9619628062927208,0.6082884169369014,0.9909469909209969,0.7921980271984639,1
0.3458289914719981,0.6658448365077546,0.6198716990805188,0.6317446457582633,0
0.8272581162933222,0.5855921701525949,0.7152824087382588,0.5258271402470789,0
0.4921930874050262,0.5559911715280157,0.6647849979349143,0.69301204083677,0
0.567815212061776,0.501508492537072,1.0,0.6798681555598671,0
0.8787302730562414,0.5949929253612428,0.46363228970310655,0.6520234331871189,1
0.5669431583512767,0.5936166985512762,0.5059241588232768,0.39743603659201343,0
0.4278131157676224,0.31660216083537396,0.5780412101434669,0.4785353015412417,1
0.510084908635453,0.7051256049076294,0.6957553738474159,0.6264873294367717,0
0.8007618185088552,0.3285514600661563,0.763160718587519,0.22943432411138798,0
0.5668013367896594,0.8923753830411284,0.47531201151580565,0.678960583197358,0
0.4815690081798573,0.2684212402202552,0.32719828396388306,0.5475159462591925,1
0.7891210509773847,0.2755021618773532,0.6474827871076767,0.20581150929105324,1
0.5653702278199672,0.40584654049907826,0.43743466953666066,0.5895640544946067,0
0.57985623950422,0.4385869396708566,0.5720415467360201,0.4197285861417593,0
0.9033190445413612,0.5116258187898031,0.3977228560954269,0.6855726307991592,0
0.0,0.5272986378942142,0.4121766581749543,0.39814574927276136,0
0.7412275781385884,0.5148735444151089,0.6121003153805648,0.5922557684319454,1
0.6173397376598069,0.670920960012346,0.4446212047241113,0.5694091019925213,0
0.599867098422544,0.3969260900571385,0.37759463453252073,0.5465270035900865,0
0.4064858937522512,0.6080234141083722,0.39717100959691665,0.6679515056883569,0
0.37666909352795774,0.6976398942203824,0.5791194153925364,0.6903986988402748,0
0.3498620891065417,0.6441479975777495,0.37539228549408366,0.3351845991791139,0
0.6029062090854778,0.38764734788564753,0.5775089050409147,0.26402513230601193,1
0.637918968726606,0.7301935675746378,0.5793566742158646,0.5728988889082224,0
0.4681916476523148,0.4124544746370004,0.57928127664001,0.5155142409233193,0
0.832282569920394,0.8015486218495129,0.6622850627410545,0.49294251378823845,1
0.5239198302717016,0.7430596017999247,0.4526044399196638,0.8494452146671012,0
0.7446845153252846,0.4702731842507858,0.32853161640840667,0.6369689309796932,1
0.7416328981350742,0.47374775043775746,0.6691406890150375,0.43975758320497665,0
0.7495655212327519,0.46153409101100334,0.5282134561950894,0.42485154671018727,0
0.6017150925930465,0.48618619974645255,0.5961574939646568,0.40941824481569494,0
0.5470864744100968,0.4590064300714984,0.2923547941343889,0.12723776202011655,1
0.39333981949171415,0.5003548485840651,0.45467773515114446,0.8199316523192943,0
0.39348181904007573,0.47747141823415884,0.36932119005362224,0.3946080740887351,0
0.6968838785824032,0.6377176224938071,0.6424229421313105,0.5664334673018132,1
0.6027037815064489,0.37258816677165596,0.7958445663330531,0.6406053602381327,0
0.5038060380800713,0.3648174844119947,0.7885400760633581,0.20730784965856758,0
0.40738436831063596,0.5433731091053956,0.3927200026711259,0.7336336166141466,0
0.5162777808231083,0.49531395419423835,0.6640086676796562,0.3167094122378917,1
0.7742215452617175,0.628592494445716,0.6558120505245318,0.572827317945477,0
0.6801407374557656,0.5112881482849978,0.5493840331150266,0.5105593860964898,0
0.7431289630333526,0.4647042218627588,0.7102616450666137,0.749176140890054,0
0.5194505733245613,0.5138716538590695,0.35194737328082915,0.6261090911961942,1
0.5446364680854238,0.47405420675956234,0.3881099964008632,0.1673050785710955,0
0.6143017825915672,0.7008597739554706,0.4247722765673415,0.4172181750003207,0
0.7654382985601691,0.6050008011013198,0.29978975948527176,0.6169833414303273,1
0.5018415435265036,0.4958757266668569,0.6466483425124266,0.7003310300773417,0
0.37871552176585244,0.7142425040573203,0.49019382617520263,0.3723583649056369,0
0.6163601498225119,0.4220216271487891,0.4924446255347088,0.47084661578873077,0
0.5255985376216395,0.6030178522867958,0.6796201127430627,0.6997763884849546,0
0.70878723259747,0.4470575063765934,0.45704965568446565,0.5003834073228192,0
0.5635145192746328,0.6505311120415264,0.7666708412108831,0.0900749288582885,1
0.4805478459195171,0.4876015234617406,0.9450271376422525,0.4850360667918368,0
0.8528675604423002,0.5718448436046498,0.5050179332703975,0.6582488492593904,0
0.5908332196799222,0.5524718330382935,0.5956124480597118,0.47906441444089887,0
0.5691783002795833,0.5286436497564454,0.2714450062616145,0.6194872098294409,0
0.6912274479398164,0.16534581678931887,0.6046598196341175,0.26150468858552134,1
0.5717897323615126,0.5236129983468515,0.5399074717074931,0.5996587507249681,0
0.36841025136405847,0.7151341078075529,0.47362380195576675,0.23870086311153244,1
0.5727268261068378,0.5024531795360145,0.4416567543121628,0.3188066659023271,0
0.5828515445515896,0.6206636874367015,0.6353918349799814,0.22111177647396307,0
0.5331516286437813,0.5806407136997884,0.6287205530717297,0.5846608564016583,0
0.4659940445376296,0.5505950540283384,0.29608161776007297,0.39309389374204107,1
0.6606164318520381,0.5737422693040728,0.5689109790150333,0.3181266604668566,0
0.9513823502788743,0.41187523920370755,0.2735832101631526,0.47662293586819526,0
0.3761555798724625,0.5118392643856308,0.827556376348277,0.4204648078653275,0
0.563347235394829,0.19537115211467648,0.4744782391951591,0.7517905636691027,0
0.5044243839242117,0.6101100761019798,0.6538095371465645,0.32007786070400895,0
0.25846931445099164,0.45689659363743773,0.7096040190825794,0.5877851658281161,0
0.6157330151434165,0.597039389822503,0.8347333953011777,0.7852813823894941,0
0.2842199565962702,0.6466773710242625,0.34071417406123605,0.3990139240188848,0
0.36155850287749935,0.6238856615044164,0.5537133034978589,0.6053909895347995,0
0.5433598682811598,0.5162812370430447,0.6382606778911468,0.45997050125977756,0
0.6715623164867669,0.5138236655038974,0.4569472641299424,0.749504704465791,0
0.4697460189618766,0.6079480403669258,0.9347663909584553,0.7149724924500006,0
0.5407686499634728,0.5342452818122211,0.5487411863640356,0.5635515705645455,0
0.37938699814360766,0.29812298927655917,0.6053547189131974,0.49122957540605333,0
0.325481880893712,0.44587725675242584,0.5796094551044807,0.3647864071719791,0
0.42434599871336065,0.43707413963556296,0.35930726893015097,0.5177105709304053,0
0.6191023818026328,0.4038363038074145,0.48053259454661057,0.545976834038888,0
0.4782875619310877,0.7537336587034767,0.5268997349604565,0.9987059977693329,0
0.5000788868478876,0.4776893446639316,0.5502090033861954,0.4663423535966685,1
0.6166012585639007,0.46261863875949993,0.7549719941288341,0.587408498058587,0
0.4542216129743737,0.5665509653010938,0.5666108664609617,0.47245166920726334,0
0.5907514992749411,0.4966346107611766,0.3558545788882767,0.4572329075205588,0
0.2900440091201975,0.40586067233897305,0.4896178219193714,0.40618261566074965,0
0.6519059148574425,0.46710965007812877,0.3802875067089241,0.7835974104645305,0
0.5395148531905504,0.6352039000576802,0.4552767366381345,0.5219994303971991,0
0.42293496596041835,0.508347735897026,0.5295901985729463,0.4909322901269858,0
0.7737089096157028,0.3598809537971739,0.511528526967255,0.3517353643024399,0
0.5505339251193342,0.7399995817576799,0.4583475603546018,0.5420480927777734,0
0.5997923504536425,0.5232872886631743,0.43074174875845644,0.42582350963816756,0
0.4064990480366114,0.6272568332879725,0.40432887252372374,0.6379112890752352,0
0.6659468051393747,0.6669724895102922,0.5004884991505619,0.6105341111537139,0
0.534370444748469,0.28643178888023346,0.6322923534903018,0.7377405141793513,0
0.590052963833229,0.451889769124559,0.5392833944561423,0.608585447406086,1
0.36392343945307737,0.46292698023117773,0.4883620014138532,0.6079661638328058,0
0.6001580639358703,0.6641126567359906,0.47633616042688454,0.4487207460729522,1
0.9994331993451172,0.7062662167577992,0.6709004974486681,0.8333362400544748,0
0.5332718081222148,0.3749064808572221,0.37630598629949585,0.5626231424709291,1
0.46653744261412516,0.35861947746954353,0.8519998985798989,0.3967236763232559,1
0.5536214577454511,0.4258302599298904,0.5999386503416877,0.43257670053133046,0
0.35651141862567576,0.4923116962917651,0.4677098058132133,0.7543927931987181,0
0.723130471223681,0.6742463547218116,0.6152909955411395,0.7077979442584623,0
0.7672720365543599,0.5161725399574184,0.7167882646496773,0.3646653513910725,0
0.5530287258819379,0.525994070190213,0.5555988655721754,0.23905499421656085,0
0.5256871650311346,0.15306118803236174,0.6984300332960853,0.5693832091610757,0
0.6910893676642362,0.6423621670847606,0.5726358165518067,0.7151172952909636,0
0.4047010456545741,0.4691349435633173,0.7160064886440543,0.6603075650312253,0
0.4222234911702623,0.06883116734072053,0.46047584284892173,0.5906892333407331,0
0.682625236698662,0.3100171682910725,0.41782140521534095,0.4939578508776621,0
0.48201484607927225,0.5318466615047615,0.6790430785709153,0.44238677212856564,0
0.4027857448148947,0.6496801043347864,0.5733744099553382,0.37997433672953557,0
0.5692703005025322,0.4006658004586182,0.5670230959008118,0.7506455223536039,0
0.9126930584083541,0.5260428035388637,0.30014998797464143,0.7426991228814042,0
0.798324862852356,0.5440231622774412,0.6482893846212661,0.4608430607672623,1
0.4623868193843209,0.5547777032703719,0.5693559138825753,0.637652085831445,0
0.48332709311694827,0.5089628887744614,0.6641545842172796,0.6908462706650363,0
0.8143999407700195,0.57582619735286,0.5895138488786611,0.35257351282829086,0
0.5976160989685341,0.5570165812489772,0.319778266109519,0.32807449252662985,0
0.702391459139224,0.2783270318040869,0.6283584649814791,0.4575110190417588,0
0.5583597148640786,0.3404413127498907,0.5121206294435386,0.6119224251017106,0
0.7085884121269059,0.4432982367493153,0.4821969536141881,0.23134744826450065,1
0.4347323117451881,0.5910441725854358,0.6738436964114691,0.592636763056118,0
0.6931137537848354,0.6867061662390821,0.3147601456952867,0.5925303742836928,0
0.8523096485706809,0.7808534924423715,0.49841480042172737,0.669635976730842,0
0.8316926710139647,0.4139132847668687,0.3423831812541679,0.6447668191251528,1
0.49175261239238177,0.4591270566422635,0.35875389912325933,0.6324594741105322,0
0.7560651855874363,0.42657486833473,0.39689789957314275,0.6548289984254099,0
0.6593744475070845,0.5081332824709879,0.3433438331746572,0.48431344266140564,0
0.5715002940281315,0.6008289040976784,0.810036866656564,0.4954679628821109,0
0.48994714309387555,0.39868041750947536,0.41266153680708006,0.5097533378612853,0
0.751403765941286,0.9117223082726945,0.7024151536157568,0.7026146426840514,0
0.6275442469856051,0.49526948709272933,0.5567291869187267,0.6478982282686607,0
0.5126462976583562,0.6218935795801892,0.6697926842344457,0.623388984144375,1
0.6359408333967924,0.5989922560979397,0.6499412480578323,0.6542047245552765,0
0.44060753227216465,0.9303118032230017,0.5671723116991925,0.5501919628088975,0
0.4685355914513081,0.4663416235068925,0.5510804467116374,0.5703891927552069,0
0.6883151571504085,0.7577686287908709,0.5318568921428102,0.375048817542454,0
0.6080764976977422,0.4793110603395227,0.6582448630887606,0.4439239133534623,0
0.7100235087388402,0.7161679965586208,0.5243247483852431,0.40059939533456074,0
0.5542770772980025,0.7191809062949307,0.5148298475385564,0.4733891194133067,0
0.6793690216833052,0.35673421159679686,0.39411012748313345,0.49218744295956074,0
0.610388704323537,0.7412919756933851,0.5243738092572617,0.7252369285037837,1
0.5691876762561289,0.5013722863155518,0.6313425100868378,0.30240076524066295,0
0.8528961104310814,0.4684533610622587,0.6898153760925795,0.5743149553318765,0
0.45953204568799033,0.19594015439321094,0.748263201064688,0.5601919814140568,0
0.6363058282199889,0.22831761409355117,0.5272702100169637,0.5900263950312379,1
0.5083289190170744,0.32080917840448997,0.6332655479510061,0.6161435743456501,0
0.5459713024089891,0.4752609387663002,0.5946214582003571,0.5789262004536948,0
0.39704559769893927,0.6565006806086251,0.3112123157518756,0.6665684351864414,0
0.8870976281688967,0.5784683481468252,0.3320845702156643,0.6208339371572558,1
0.7852245896900112,0.4136750339001274,0.6366320253201532,0.603152954581346,0
0.8148205959038618,0.6983871211416952,0.5140770475624498,0.1553990370395683,0
0.8294152825835606,0.5629262405123701,0.6565542686031998,0.8316713281120784,1
0.7555722830607338,0.7179504734276848,0.25795149428198044,0.5156815583467289,0
0.5813995708439456,0.2778726374060201,0.6031132486047152,0.6331510147068016,0
0.8702417950955893,0.34286059009262204,0.551580133942776,0.6353273895917987,1
0.6936512113743022,0.606459820997949,0.37770933402209905,0.7205716689924433,0
0.7610645073800695,0.6886206442488161,0.5964148116710671,0.4559256666317976,0
0.4741832357490966,0.6385670830137044,0.47530435830968454,0.8380133861287199,0
0.43322853683228024,0.27937032880163115,0.5583869398055966,0.664320567604829,0
0.33362724924568354,0.17879658603953963,0.5365169752882093,0.22665817722733916,0
0.46370033717206627,0.5034072642826735,0.4340919465685104,0.2256554360705394,0
0.5186468135957398,0.7987771373332775,0.7060445257195429,0.5692392810297751,0
0.7620653230369866,0.3957462093091024,0.43824289255921894,0.8077961261509264,0
0.24480438571619867,0.8688827681934874,0.45969840734690354,0.8103928484371323,0
0.5495384353767623,0.5325842391009887,0.6143058268463344,0.5756211022795603,0
0.6561883626720134,0.628945715890389,0.7320586643753942,0.6246801156816969,1
0.44027704497579206,0.6226539900470028,0.5472885677452085,0.27841289119197504,0
0.7962116864877441,0.43818546722875557,0.4221316676615769,0.4408060638696203,1
0.701503213968963,0.2744366785907886,0.3066626055217911,0.23821790389074388,1
0.4680578921350819,0.2924437887505017,0.46881766504712424,0.3879081002803271,0
0.4860853074450707,0.5470067163153401,0.34902104266950096,0.6710432240386114,1
0.3216224184463439,0.3124521591412975,0.5971593712644874,0.4680328059845813,0
0.5968560037925198,0.521941576179097,0.6963232719422697,0.6028033514178767,0
0.5830667783588832,0.5858184734571059,0.25586329492776283,0.44516274626703334,0
0.6659323426744229,0.46656527453198354,0.21093420536925755,0.4875509112354019,0
0.5288748681252511,0.4533345973566849,0.5793777265210007,0.45007821147311283,0
0.4666913672003646,0.7366573942612615,0.5969170928942908,0.41640921565439815,0
0.4741310337544401,0.5242651229271371,0.23223351522150038,0.32058419156781914,0
0.6497469339809547,0.3721469901006569,0.2501911636882719,0.444187313808432,0
0.919004264459112,0.45125529291689603,0.4245378729218012,0.519945914033304,1
0.4819867902101099,0.7620161137885564,0.4823825596063282,0.6736076889824717,0
0.5177406838142165,0.3871554107775662,0.4036067317415984,0.28364383860089315,0
0.8211163600662417,0.1807306336472872,0.8635221993732968,0.638870658430464,0
0.45754662859456,0.27702017767657156,0.3950538217959084,0.5443374509475685,0
0.6314731243706052,0.5095488704330443,0.5055473213980451,0.5993832970939702,0
0.7818041870698909,0.30982293464101396,0.4770044459443439,0.6446083554912077,0
0.7659106008943007,0.6686407317548506,0.7207041968475061,0.4433518181000888,0
0.564356888769227,0.4510330315170095,0.6000577194566088,0.5092211751877117,0
0.5878502097353823,0.40805262066538045,0.46494508299782933,0.45263268433090803,1
0.3935814951281478,0.4840018937921082,0.6063709086474627,0.6598162818454051,0
0.7178496284265988,0.7422358322049706,0.722321726633074,0.3792112172717067,1
0.6389875347554909,0.7508289348019814,0.30429021429576864,0.6138859854862908,0
0.767474892753823,0.5636729489769632,0.44015835980125084,0.47766327108328155,0
0.6251932204754169,0.4360530670471422,0.47612392732080083,0.7957034423004796,0
0.5618654104151366,0.33414479150833637,0.398846313244589,0.4849037666233936,1
0.5175197077119046,0.5708123265093189,0.6134228892302273,0.5394956218078066,0
0.8366815813843533,0.4050028507098623,0.5529719111004548,0.32284162728283106,0
0.5650420933104384,0.43839713904389993,0.2625419351842013,0.5370216040222623,0
0.5254653722479472,0.5998831564774816,0.4983335603696224,0.5971885235357609,0
0.7995724241599047,0.46352754873577473,0.7386770827367051,0.5645560016460812,1
0.5832575903325774,0.5761330068863801,0.478523479916111,0.5643778217210583,0
0.5987924877502048,0.5461227255294263,0.4779995197377061,0.5169435732481613,0
0.38354029910396675,0.6599188876363091,0.5184649240410815,0.39585137116183566,0
0.6419004558019352,0.6782059045474611,0.507288912660945,0.3950891933178109,0
0.5196697013283268,0.5364134101540993,0.3687482696705845,0.47289418954097906,0
0.4354771080928893,0.46994534210129685,0.6428728448773459,0.20901299015819397,0
0.7903006829592045,0.6854257359339373,0.7989926550184274,0.6241872454037799,0
0.7564977057631237,0.48155061855816916,0.5269413705238025,0.8374383420621083,0
0.3690631262949907,0.5423826981174341,0.6453889025092505,0.6433613557233038,0
0.6303087932821674,0.38315267255630236,0.6324875977140478,0.8892919298185237,0
0.5894456886341833,0.5615395835532385,0.5645006726392556,0.44175640669389965,0
0.7073069944864334,0.37713517120291157,0.5703574573804114,0.5560568030290994,0
0.7613703436576639,0.7495162696021707,0.6300562575705294,0.5995983875028262,0
0.35804877840814586,0.7756552817939135,0.6068770687346238,0.6048390889250307,0
0.3861962620607284,0.662332442569328,0.7862324906376437,0.5028113018635636,0
0.5496863937862158,0.2515741186255016,0.6936703082284944,0.38554904441438326,0
0.5286761032232473,0.6154791278207968,0.5490741343471318,0.6455769643828465,0
0.8125266360860788,0.32955271287126037,0.3385522009799924,0.6376816821207035,0
0.568151997882843,0.6669555014743764,0.5921244942028279,0.27508939910626323,1
0.5824525409709784,0.4665372286300236,0.6106667101730554,0.34019284621192597,1
0.7822466195428539,0.4302359386840144,0.2038872711560576,0.24030158900682574,1
0.51722210838044,0.49617274786624915,0.7317046471611297,0.36596149893618823,0
0.40405280879827293,0.46930927758351965,0.534508505017235,0.34924324670194606,0
0.7256240044344049,0.6122234775527265,0.7354655961449201,0.29892127374946176,0
0.7792690657312005,0.6382333954006748,0.6156027080880724,0.6441172374316504,0
0.7554355514929012,0.4889696667618157,0.154623743199921,0.5033247271008628,1
0.7474625834069712,0.3031044863337129,0.7052713717024237,0.47134723120241373,1
0.531377146092979,0.41811878819278975,0.23459641370119427,0.4460966849356046,0
0.34871648637155706,0.221887333081776,0.3405725198755013,0.3945383814497373,0
0.5767112077279102,0.5456714253371602,0.4854454959977414,0.5429038291830535,0
0.6349989312291817,0.42859586241996206,0.27932920915152126,0.5098375482806948,0
0.648416038917439,0.4651730254456526,0.6610837294730505,0.7556516625091227,0
0.5887308974719976,0.6388673954078059,0.5530017851489109,0.5723981406342923,0
0.5991192817183854,0.448362651292883,0.5737159137031893,0.6523180878646491,0
0.9805645431120379,0.5427806009129638,0.4947706160055428,0.17204213162793752,0
0.6037543281288893,0.4250294005118589,0.6909320334458096,0.6766608349080461,0
0.6206027964328117,0.4704397023113812,0.5315479945328072,0.34915043937967805,0
0.8983398068686761,0.45949189961056847,0.592980569691774,0.6386140931190376,1
0.5997986358651987,0.5472573154253466,0.7714771157039202,0.29397808484195387,1
0.6241101768777834,0.8104766629387046,0.667336646457276,0.49620332504317693,1
0.271297686192093,0.6878182435331314,0.30993272379110404,0.5643984325695041,0
0.7853373733621726,0.5070214273027034,0.5157384349111438,0.5392821583491575,1
0.4774671235824549,0.6030657191056927,0.4499110733578793,0.47544108947867697,0
0.5202852422331656,0.3829448367995725,0.48794279684053987,0.48967923110247014,0
0.4899109449459661,0.4430830161321561,0.6457667358299248,0.17841334144976162,1
0.35617986072756147,0.4217346703992786,0.4056703103824233,0.5363687449832956,0
0.36278144502908705,0.5910301091298822,0.9248481970398486,0.2613330851356695,0
0.8725344375775107,0.5351451010214252,0.476688060316409,0.1845825983125975,1
0.5900695072238963,0.4896011559677017,0.5997921794097659,0.7054206571986852,0
0.9184064907422924,0.49584886533001366,0.393767048535303,0.5500457589462686,1
0.8042704906616345,0.15997465068424732,0.556719320043767,0.44953104631221563,1
0.482609798392184,0.5101365514980677,0.6809513325648182,0.5362902086048655,0
0.6779917726997844,0.6440673498150237,0.4336186082718389,0.5870359704236806,0
0.7371179726637028,0.47386484359343023,0.7472380221628148,0.46702950078523275,1
0.6178938952621229,0.4660709157536167,0.5371442484133907,0.6125674229631306,0
0.43970863227731827,0.5854750704416722,0.3568493361715308,0.4437148137427195,0
0.8750600880191597,0.4963967029934428,0.6431991271522026,0.7070572651965125,0
0.7354388268833769,0.7162412099498796,0.5761185950005268,0.4507754156898741,1
0.47351074705627394,0.7381169787041137,0.4729661338415992,0.6658797701044876,0
0.6184731996277691,0.41666006562887503,0.4145950600118081,0.552654983290255,0
0.7413184614991691,0.8550146104858198,0.4236219787151053,0.5888977037398325,0
0.7530777694105502,0.42942310220134755,0.43342163254623156,0.4556482670893272,0
0.40577925135374265,0.3627923078273545,0.15251488435940347,0.8282294017886502,0
0.5333381067035978,0.603433816038748,0.5239339831598551,0.5153275628746612,0
0.2792031959700381,0.6597388199564402,0.34555139438935834,0.4130162976999931,0
0.7282792134463272,0.45373109859515065,0.4647293508311622,0.28851319657037255,1
0.5885788237016876,0.5478973518487066,0.4693871281411285,0.46226354177406115,0
0.5610461239066711,0.43268878664993216,0.34048717275625084,0.6211047106872455,0
0.46145815243945204,0.6190142966823157,0.45748179104183384,0.33865267277504263,0
0.5881273711126404,0.37128573422080313,0.6430730879978787,0.4580340738311197,0
0.6629692272615371,0.6775294997766691,0.4141106999991746,0.6051084955868161,0
0.9419592087994169,0.5527289676042932,0.780876476875237,0.23205594924165784,1
0.8123643680241311,0.22753017821260413,0.6114283760076603,0.6745086065264813,0
0.5415544987629992,0.7500698030503241,0.7308482920423206,0.6242856179634386,0
0.8462801511189123,0.6280623307746812,0.37795641523496554,0.6914993665295379,0
0.22412522624765585,0.3638718627937343,0.5389721645952985,0.5515268765581325,1
0.7432205388618918,0.6149261807758047,0.6535949621575703,0.554596677368174,0
0.6133589835750608,0.4147038721780878,0.5394381336160418,0.6477139458477179,0
0.7618618585918532,0.38778331352794104,0.6312543106975842,0.3317229054406959,0
0.5303816663308586,0.41240052965127066,0.7544831127089855,0.6203991900554862,0
0.5442189821133391,0.5867226967713802,0.329823392450591,0.4217334751324092,1
0.7804018251726403,0.2595239210873572,0.9305262486791472,0.6258333595086997,0
0.39654840167847605,0.26783117285926283,0.4997138073254874,0.3078714490883345,0
0.5176045159579012,0.6598526614197682,0.5147234685119625,0.47073369734238424,1
0.7618130234281992,0.5491404692534101,0.5143005566618434,0.6660878141326891,1
0.5039306607495663,0.4651678322924107,0.5799787159315772,0.4550581791948739,0
0.6366225576414091,0.718595622155668,0.5868537692282413,0.6144696082578647,0
0.35369931969046686,0.5732604375964716,0.5033606840149265,0.4580250547794955,0
0.5068355077357379,0.8485259454597875,0.7270497053271568,0.3040941073014344,0
0.5878983692840254,0.5524429753024696,0.3049468947351962,0.6794792467838043,0
0.6010647621953815,0.5451667652048727,0.5324948821997846,0.45416508769319497,0
0.49721105125571174,0.3331661956936056,0.26820172075988086,0.5900262575765852,1
0.5855517574477113,0.6545215406824727,0.6566259729405567,0.5584523426358118,1
0.7698909406281824,0.4762794058016042,0.5758673827892516,0.5702533949488849,1
0.40244306507125516,0.4702250980286873,0.3639557464382017,0.6693886713429406,0
0.45637243589684595,0.6565368709085045,0.4949005900290989,0.3915610901800516,0
0.6349095064502274,0.3903568017896658,0.7950004084647789,0.620089351132663,0
0.498838761133379,0.7865479276397012,0.3427038001436655,0.6714476363674702,0
0.39096259761961205,0.4646153459198559,0.2355672478343896,0.6730275278729252,0
0.8026018153811242,0.3713739541210819,0.5953834991041493,0.35471276750041153,1
0.6505688422306346,0.4921100622550339,0.5192479327671727,0.4972610541094947,0
0.5477783462756654,0.38862249973653207,0.5642645824508341,0.5079301532385401,1
0.3085596957487199,0.5434044496793564,0.5109857814090931,0.5662392294155136,0
0.6760797863914705,0.1254111203656153,0.6881388975471207,0.32600951264649886,0
0.4160047123960756,0.48045746303861836,0.6172840584905563,0.9696747457854431,0
0.5187552680443303,0.35168816702748895,0.5735627753673422,0.5240187883235489,0
0.8092292671284315,0.1338234311041821,0.6768187923672566,0.7067390654969243,0
0.6547239365792986,0.703904915989553,0.4874398317886334,0.669835798448195,0
0.4785668248853265,0.5259338685075373,0.5795846811130706,0.2564780897938928,0
0.7100478839952498,0.4890003348375792,0.5651980549222543,0.5415817953315362,0
0.6290623687416685,0.482376773937137,0.623528381062818,0.44997229823860585,0
0.6602724397407862,0.28030750757536566,0.7230670343146384,0.8163031639423031,0
0.7673494123777443,0.608955292980594,0.43864029092793255,0.6337433392407726,1
0.5316331723374875,0.6213138321,0.5195609322960313,0.5931888686527232,0
0.7895111792863385,0.542740865399905,0.43469473365858924,0.5371389850248932,1
0.3264446492787105,0.44409186375455745,0.5769203078639312,0.5147574927183939,0
0.6278590259482617,0.8255271890775294,0.492531200952502,0.32541847055351597,0
0.25217351705420343,0.5154751646095781,0.6216669729235719,0.5295271038994368,0
0.6181216784037463,0.25648741793862506,0.4093719363964584,0.27684555093993235,0
0.45016640124723095,0.6940658775550422,0.5511265310739414,0.7024467472592546,0
0.7263151697920387,0.47897989473861213,0.7013220790635448,0.45794996391123305,0
0.6114738128187551,0.5458909457054847,0.24582012605034853,0.6629370317255155,0
0.6299863544884431,0.48934973642644614,0.6388285895960375,0.42114201959766684,0
0.7348322115719991,0.26788336667997703,0.12218154078806548,0.6601655348679446,0
0.606994218270355,0.6844375940487262,0.5142859386615128,0.47908236109743274,0
0.34361791013341714,0.4654062993519583,0.6162501533630099,0.3897862197202365,0
0.3402374985337716,0.444346333990966,0.7486381124866162,0.668655461742634,0
0.512308289513407,0.5068552583974503,0.6053540267742225,0.5183812414678066,0
0.2435083150953093,0.536534260137992,0.6384978756987135,0.7127062976997711,0
0.6705251994668394,0.257957205883237,0.28753298036671526,0.42243200994959385,0
0.6082926923314379,0.7524429008758436,0.4488835920756271,0.4340164287185015,0
0.589912307484637,0.5184922056828115,0.4346861595839208,0.8230832748481096,0
0.7307761410633946,0.0,0.5726845834926774,0.6750132259995353,0
0.41875076174795783,0.31866306997727445,0.6957918543770925,0.424649341531241,0
0.40807151224314614,0.9385014714271473,0.6467343853444959,0.3183355365956204,1
0.714019399615371,0.5801830532426705,0.3674336720119675,0.6461227933807532,0
0.5703339372247782,0.2858889182190285,0.4668964708649499,0.42477720431647115,1
0.542664771364931,0.6420413739535409,0.4293488479536772,0.39402163406605617,1
0.8296754799546932,0.5418486884467832,0.614355896441681,0.4925861900001769,0
0.5205970955542272,0.7170060921898551,0.44121077747128035,0.5859648076057022,0
0.5394762751736234,0.6364525065601806,0.49377584593493845,0.3863983758813851,0
0.758478376528981,0.4757935656862324,0.44500340696787843,0.5049297005356003,1
0.6535313649735818,0.5883732185716543,0.2218528082210453,0.19371037954527215,0
0.7092350980401221,0.5355123975816914,0.8245896745223686,0.48532582451912276,1
0.6813198729972246,0.5119878629215165,0.293186840125909,0.3362707676266268,1
0.47616633137447173,0.6080452216009107,0.6280004258587308,0.7828771344573147,0
0.5926793416305576,0.2911540521255812,0.6779855222506816,0.7999928365671003,0
0.5418215334163949,0.6436703523985254,0.6199700412894321,0.8077984337792353,0
0.6302238057229897,0.8628923783592324,0.2613525971913906,0.6308305948088289,1
0.7631674545174677,0.5697201310800803,0.4482501732586883,0.3249673306164492,0
0.6952692789118551,0.5493803727780726,0.7522873466421647,0.4112914223664407,1
0.2976037236763903,0.45274886762844374,0.5584389494645327,0.5278977318951706,0
0.6975088515368124,0.812156500624533,0.7093144027929024,0.5397941964120349,0
0.7107208803995804,0.5093114964276693,0.3772987828850042,0.53980908275513,0
0.10423995131379582,0.589070510006964,0.3981049969426125,0.4447516929591395,0
0.3698471895109742,0.5275393283647843,0.549738341801584,0.569342270908969,0
0.7742133705555792,0.5253767272009144,0.8027473613361331,0.5820585343364008,0
0.4939880106363502,0.551995124503712,0.4130373971665207,0.6018154410821105,0
0.5507267958828094,0.4093714341143342,0.7024312607122338,0.7378429043656831,0
0.6615725460312778,0.3890754878510311,0.6602543858556905,0.8142005289948009,0
0.722866212392614,0.3573387119285465,0.613609017717315,0.5994016578216819,0
0.8285874178297128,0.46494249878906546,0.6588442933597801,0.6182740833053891,1
0.5090352386785917,0.6959039499168787,0.42461318800837444,0.5744949969234708,0
0.6626309458260354,0.5238153905869908,0.45301976591845106,0.4822886687042244,0
0.5832774565024413,0.5860641639422828,0.34984108766666544,0.7315971907008834,0
0.8098117636860124,0.367173614382645,0.5782743320702,0.3220398571208199,1
0.6863331641788094,0.10723310536635555,0.41799326858265606,0.6341566614292844,1
0.5650855466917827,0.45363091917129755,0.6154065585969501,0.4941743690461511,0
0.4974688634198576,0.6362211197737101,0.4807253501779274,0.8169632493682444,0
0.7550707158370202,0.4243880394333086,0.31003027582439335,0.42153515399340946,0
0.6447092576165552,0.8444595859609683,0.7203091916038767,0.733388220307182,0
0.47585079230101107,0.39741843791149334,0.41353045500642643,0.6038853657240171,0
0.39432991459373534,0.6046338427460849,0.7076699869739337,0.4007092762192723,0
0.501830149897893,0.5258945541692426,0.381114124443771,0.5393771347958647,0
0.20070562105467554,0.35135929339670285,0.35814562431855335,0.5896713117308078,0
0.9072389419676667,0.4916689271013327,0.4653906590761473,0.27868630499492464,1
0.5988976060376929,0.6590132851040394,0.5302708293664972,0.6871252359960901,1
0.3401540635958093,0.4795897450240798,0.5074501664442631,0.8260501070008073,0
0.6280904985622947,0.6133370705940501,0.5567988791812784,0.6365951551214444,0
0.5573273374077891,0.4334495272929333,0.5686364766248425,0.6439826511316143,0
0.4183241856517438,0.8560676051824005,0.6739763595041628,0.41386392520156584,1
0.43673380608105783,0.2507069907455542,0.5200295553472192,0.6047953308009225,0
0.4355010904633443,0.689063865446846,0.40175779968721975,0.6266918449461063,0
0.7404390970231913,0.7847164369710936,0.6751375507726525,0.7390177329111807,0
0.5936865233392608,0.42225301299682283,0.3506296868044798,0.7385614877937177,0
0.6466575010183083,0.5989037722100321,0.483036814002833,0.5945076988737757,0
0.8009083052808337,0.3364682472253509,0.31035222945592655,0.705577181292486,1
0.5199366270553243,0.8344896212684116,0.48335536717993755,0.6141998058951155,0
0.45934292064871657,0.37228212066937205,0.5188204420805977,0.10123530262049218,0
0.4863131946755892,0.559101597855662,0.6269728708154355,0.4633417782295328,0
0.6290353929431771,0.5626805291209087,0.5605408785408921,0.6603898261050641,0
0.5547661060627002,0.5273173647304442,0.6101520758788251,0.7874141279349554,0
0.6148712398916601,0.5573414844279526,0.2687838495461088,0.6348205645064523,0
0.7354574703454504,0.6874652835149463,0.46212442962172473,0.31338815027157896,0
0.807532842512035,0.2393610318122147,0.6352292809761,0.7770743767213074,0
0.32879881434177816,0.38960814768063234,0.4691600747203093,0.7154275075174603,0
0.6029497974968444,0.4878495699041201,0.35771167318219027,0.4354244684646468,0
0.7218599483338372,0.5239606459589345,0.5996024795276758,0.26775075775749174,0
0.5564582051889838,0.7829642447174721,0.539909518120252,0.6632601621000256,0
0.28346186061216344,0.6093365912938198,0.40847565420015264,0.7187222276160735,0
0.5127474485529774,0.7344264748725602,0.5100745735870971,0.8787212611496705,0
0.5599888496009069,0.5373959063347701,0.7097493696391732,0.3541127788870668,1
0.2536106746545472,0.6738757976951821,0.8224638561565183,0.42310746561499996,0
0.6146132366720606,0.5056872969304911,0.2968678905969487,0.49887990196650606,1
0.5561887242872818,0.7867969850975339,0.4548810502297881,0.5849263977075271,1
0.3770702772248779,0.4791413446322039,0.3138548298459254,0.5712153687241872,0
0.6274350437995626,0.452024014621556,0.5045935643824746,0.5813515002097981,0
0.49500189805668265,0.7799760149087697,0.49557241470076696,0.834372707767814,0
0.5417286756105067,0.7607661819647715,0.5765008008173986,0.5478408786171399,1
0.6666443774952289,0.7197946094397638,0.45769214772262257,0.5509143619569147,0
0.423060657056582,0.365320236346794,0.4780576586355685,0.6307875195867849,0
0.5343843446232271,0.5734220742816766,0.5828024383841315,0.44958519128924657,0
0.7164065724024578,0.6113713685972564,0.25497586377450066,0.8639633873360018,0
0.664728359217257,0.5568283766833405,0.24859686178376778,0.2982927244598941,1
0.40096911131226476,0.38391601594727387,0.5557265807016353,0.5826157016613586,0
0.49721135325121885,0.6659201121327768,0.4569846242295908,0.43830134713093927,0
0.7978716115679262,0.6123734396306625,0.41771524397358695,0.811271030509487,1
0.7958357225981103,0.6485268460727118,0.493119747222672,0.5952799907360948,0
0.2991382778032439,0.6114168930743442,0.47199027488540585,0.776916518445277,0
0.5742991965058475,0.5228240770228163,0.2660766234092573,0.36109747050612895,0
0.6743999415527633,0.6290770918992742,0.45737987939914004,0.29118201344701006,1
0.7839690626958653,0.49407758631575854,0.47462637809689706,0.4786839000781267,1
0.5392807639489491,0.33155794935926614,0.39166233908668163,0.5595474823552181,1
0.5097876961887844,0.5020269530197184,0.44441493628706175,0.6795602612513661,0
0.7792613757607769,0.5186976308502467,0.5261657121913283,0.8042741186415465,0
0.6722353920550802,0.5332097191548875,0.599238483833707,0.8204544657172168,0
0.3838498851159252,0.6738006486609313,0.5008470905324655,0.5972206170413786,0
0.6015007066626656,0.576101700283081,0.5713192153199997,0.7085356027345157,0
0.7062353806918535,0.6435876914891776,0.3412453447134296,0.4611678532288054,0
0.4576884124789933,0.5467757532756155,0.6782639139234323,0.5073163534711691,0
0.6687827406120136,0.65354257536243,0.7110146020987024,0.6887725061483412,0
0.6492058738243961,0.42256020499296376,0.46582684668123664,0.3534646536270271,0
0.6314596380555302,0.4933689758985887,0.6150394770815427,0.4413175756044054,0
0.31608658454873195,0.5848591845264101,0.5057413420846768,0.36755440515471677,0
0.4959841867015105,0.526354270359325,0.5276201769974073,0.46940590454364417,0
0.6085314836609513,0.3650541155270681,0.6459027796670093,0.41238011948061837,0
0.5863961769077054,0.43849580834495977,0.6920431661641547,0.6374933190409344,0
0.5582129025608082,0.49640713647708473,0.3734864770055834,0.6453835498885935,0
0.6324150896813042,0.4347981854849177,0.286090564134747,0.5039057522424188,0
0.7564483262686152,0.5973288706475279,0.20187238486110437,0.7389513447281051,1
0.77921634861158,0.6043848944989894,0.6606449303679692,0.4587950565342378,0
0.7898523949137808,0.45825734726538075,0.713471291294172,0.6074984415587595,0
0.7373365925739375,0.45347151525321117,0.5826417785434632,0.7497847145183065,0
0.8675733461449887,0.6156084198519661,0.5233029016507568,0.627167621982161,1
0.8449419464539963,0.5379459020277201,0.5707865106157259,0.16621128526804657,0
0.5200649173075861,0.7634803249867527,0.6437567610196784,0.25473657303563046,1
0.39816015944003147,0.7085213446261011,0.6510096941938379,0.281840719350284,0
0.6422522600429277,0.6630966301448336,0.5602360370391372,0.4536395524925634,0
0.6347633177982926,0.39250945483931576,0.3446381889281527,0.5453014471778733,1
0.6926796674953986,0.7287522281425287,0.42006820168210113,0.552624529615528,0
0.4878811590340928,0.22304973630081298,0.4663061186114608,0.29580993125761135,0
0.6917542322154377,0.30612615985591846,0.2940033832827137,0.6349350307482529,0
0.6820677251531374,0.507175361749113,0.5839021507042439,0.5141312300442155,1
0.6261120330318212,0.17119409897524163,0.7648369708357755,0.37687358774406243,0
0.7903725713448867,0.5913768032058679,0.7032882555516161,0.6998532796934591,0
0.20205666278126577,0.3555798624138546,0.7366320802468512,0.8003099050009003,0
0.7856802994352966,0.49876436949667996,0.6501013989259415,0.5617746693543619,1
0.5633223873840354,0.30933283183601723,0.5556435926751953,0.6039684842557445,0
0.5293922974180925,0.5880188109810038,0.43836530917281824,0.8647111219062908,0
0.7604851491093131,0.9017953027349642,0.48734497784985514,0.36957773337610444,0
0.5129399575141971,0.47843078347993956,0.3570379356595852,0.5453604615947045,0
0.33019159329571784,0.4443679245685685,0.21620095539125256,0.4580032578528296,0
0.6551546007106024,0.65224792839134,0.3888367390241074,0.5336472284685955,0
0.4961205781140192,0.4154397348254151,0.6680922495643045,0.5380710951923261,0
0.6807456672234181,0.7602440048893556,0.662340812050167,0.5106275235441795,0
0.544722745343685,0.47371963930619043,0.6198748094786893,0.573085121570435,0
0.5196051573335541,0.24555827371976657,0.7172809075687934,0.6802568333760218,0
0.5555795036090051,0.4843114972012236,0.3692438733970433,0.5690061525980081,0
0.5408884521316708,0.5489907041862171,0.436660517970905,0.9142651761340298,0
0.6211030992410316,0.4767166365883293,0.6146993789815619,0.4728304814988637,1
0.5058414949933221,0.6631261770963844,0.5648611935220061,0.7816635139623916,1
0.36671838100788323,0.4779209963040929,0.5193333925763876,0.47894350785964296,1
0.6341250992018677,0.3556535028277207,0.5108527528230853,0.6871132795847338,0
0.40027623829344544,0.3628630964017294,0.7941707953604462,0.6716192652448211,0
0.793456167807157,0.4742192325056615,0.5787021192006,0.5157914133251124,1
0.7134989478731277,0.3834254565984091,0.40074711724698775,0.4727020965278562,0
0.6715053041597283,0.5882278473981272,0.6308292072492782,0.4313870101682622,0
0.5609686546036723,0.4321210533663259,0.4062984242808878,0.4232355189748203,0
0.5258404642740102,0.5541750771602624,0.5591993038469149,0.731196271978825,0
0.8091322636712325,0.4293204739949017,0.43622654691140317,0.5177147558363451,0
0.32176274998996346,0.5922239460228848,0.6382421940410585,0.3045132204364124,0
0.6110327330137562,0.524515167018053,0.4366771914304469,0.3974564050070619,0
0.6340023456473116,0.4463965335924631,0.6208112329805859,0.536088678228677,0
0.5919955768306817,0.549294471177694,0.6336547962489432,0.45592605421224863,0
0.524367469143465,0.7594762015845531,0.6941630807752419,0.48137180199436813,0
0.5155614349929775,0.5083069905295019,0.5894368772052325,0.46248295203738643,0
0.6022545422827319,0.40704971278668545,0.6799322631112056,0.4704421503040538,0
0.7351738948388267,0.39023992885857484,0.4092773520073643,0.6668987257608656,0
0.6142673164226847,0.8138377400121268,0.3018505375189975,0.5938971587295282,0
0.4858542746755087,0.5168170706013279,0.45366484490914327,0.35259402133955975,0
0.4866097058590292,0.31716003201908993,0.5751817655307582,0.8026048348111527,0
0.49905652097884934,0.5978423639083613,0.5473277045678261,0.3510864174287519,0
0.4991011680440483,0.9421551292250898,0.47126257767393886,0.21949776088234957,0
0.6400153117929033,0.4397340548928662,0.37594561736143745,0.2403896071408551,0
0.6194593928600509,0.44235744718426084,0.599847981925826,0.579953558976438,0
0.8061007250575153,0.5413468119572312,0.374057897138522,0.7192672840079614,0
0.6614487675370148,0.31053557717204994,0.6498862382285544,0.6073206583244841,0
0.610226689099547,0.47747633916865684,0.5017920291201089,0.2906713780903286,0
0.7435203547625064,0.41712346842924547,0.5466772068969695,0.6524752210018334,1
0.4252936633080781,0.428707301108785,0.5019808433910053,0.4434612644064906,0
0.527724970650675,0.6126599129204968,0.7620595923468902,0.7950971742193708,0
0.8095880691697864,0.6217950792410591,0.36890276164284963,0.3869378024840643,1
0.4862115125618197,0.3731380682853183,0.6140411121279415,0.6217135697659185,0
0.915576201421436,0.15821455034342047,0.5013715035854273,0.44742902861096484,0
0.5717597767075838,0.8151519168604833,0.48325397374452367,0.4645441501261236,0
0.5860693186083326,0.49154413019587906,0.3488476668187587,0.4251164370064623,0
0.402932556478108,0.4786443314713593,0.4486229125965213,0.5604779781354116,0
0.5569512400998888,0.46942525524502854,0.33946975454475803,0.5797640700990603,0
0.639551156329425,0.909724148521367,0.2640854105409469,0.39748921891835237,0
0.47566064392053037,0.39810266155786184,0.6991282129054367,0.9111241071250893,0
0.45652225207196523,0.4553864514845775,0.5036284852666199,0.3806112363557126,0
0.47187280947901844,0.6578121777450301,0.6951732811905318,0.5173682972823506,0
0.34776453643701416,0.4264239410324352,0.41187151126298166,0.5509277392711646,0
0.5085366770022786,0.5119532571890438,0.507929527776882,0.33535532998217615,0
0.34219044219804984,0.5949771084396791,0.4470964377247678,0.5511524797274963,0
0.42658111357359196,0.37594619417036845,0.5206087414840261,0.5249179293523781,0
0.7836194295258074,0.5549990887849248,0.3841846898906345,0.40468914779370496,1
0.5221722749678238,0.4723835541862482,0.37607136807417424,0.539365993267816,0
0.632177695242831,0.42757849417030436,0.5750857848511552,0.291036732239618,0
0.6137322279412692,0.3515132837442668,0.7986790839404271,0.4432942295045654,0
0.6224668869686489,0.5844277859040872,0.4237346288865307,0.45948811430191766,0
0.761099308093162,0.5959063928392363,0.6682407231484304,0.4599296542142524,0
0.5656487434761414,0.6029654790362832,0.6621088277563257,0.4680868369837857,0
0.3451090110725453,0.9086728011119014,0.484004900922554,0.5699517064807053,0
0.5207764047393738,0.22799241272482346,0.8101660867605814,0.18179271813473102,0
0.7264223934283252,0.6094895641203811,0.6754683650793212,0.8688913242474383,0
0.5752796493024094,0.6176106610414569,0.4032102473432919,0.6493438054400845,0
0.7005942878106364,0.43087670127387745,0.2140657646617627,0.7224201287358448,0
0.4114474532927721,0.6889056508991946,0.6933869774236928,0.3912471973574213,0
0.06417214846375108,0.5830235566139361,0.43677450374956717,0.5601031071301935,0
0.4799110595255425,0.41500813444404766,0.39533954781698716,0.49061711834760513,0
0.7840101857923916,0.7491704546154353,0.39551553035881304,0.6636310736005722,0
0.6066132583568442,0.4242670236633973,0.363389991747068,0.5489649479712038,0
0.6728466712702643,0.5989358897655459,0.6127573376378116,0.5655618190592927,0
0.6785399524701997,0.609176720996367,0.6445785490364693,0.597727733282772,0
0.5418726535366413,0.5994462880450908,0.5320006549055057,0.26604399749411806,0
0.6183117580933839,0.49808324692804673,0.3466723873826866,0.23388468484606378,0
0.3211013730958138,0.3805103564116752,0.46014423776824165,0.36332799035340524,0
0.7678888223580403,0.5627759469486651,0.3782785825474427,0.42262187786460936,1
0.7539532963833703,0.7333491317802636,0.4874390588271149,0.5891211181338527,0
0.450922147178634,0.43661904393307377,0.574692656062014,0.43286704686826966,0
0.5789538569483804,0.6095087090579812,0.42046003056221753,0.618529378010713,0
0.4707913978701756,0.5926053369105104,0.5797911612939098,0.7920937965403488,1
0.48591309789826953,0.44555463611852836,0.5942692913142834,0.4183206588366548,0
0.8294265778411897,0.539290065777999,0.7100113833552925,0.6121615933235552,0
0.6221390116532116,0.42640286991421805,0.5821888502199027,0.5416009108237374,0
0.38065874215862483,0.6174410093390399,0.6041650825937742,0.5477476637784465,0
0.592082486737768,0.6963318950151232,0.2604798248512109,0.7068746877322668,0
0.7958541219366324,0.39098700671193687,0.4729108487891236,0.5833325235194614,1
0.7320345605477542,0.525200006431554,0.5864515064823579,0.5102516387793737,0
0.6634443090300918,0.6133333993386275,0.7044477243857861,0.5547622453722806,0
0.36056440624035857,0.7580022467229148,0.4108508365630078,0.4237162445593528,0
0.32138449550283116,0.5912186448141624,0.4086294526563496,0.7569588536208083,0
0.6418355042191224,0.7603224757638379,0.7503858576207606,0.1757572994578413,1
0.43542936733666643,0.5672879121858789,0.5581672836081374,0.47841752388710623,0
0.5805613691916969,0.5648646731001022,0.20360201251268778,0.434263116636054,0
0.5813458987018012,0.7747091084054205,0.28578723924858185,0.40486230871552015,0
0.7481838309465288,0.6114756379164118,0.5662980775102198,0.6429690135159313,0
0.6903547486414301,0.3197958871973674,0.21834928603230436,0.5714400503234625,0
0.8727792688409949,0.5991140098085748,0.23447162066191785,0.3562050790567848,1
0.3532050536383455,0.2697648043166853,0.5678577369342442,0.5285961683707543,0
0.2724732811389232,0.5191633141994917,0.519816611693906,0.6483412727461008,0
0.7059012527107439,0.5997771687314813,0.4641337194593239,0.5419618185866524,0
0.43252890138057776,0.46763882723285916,0.7373301487851041,0.47923264360962103,0
0.6536912988407273,0.44735680079796764,0.5848599876796746,0.30912875609376655,1
0.5341664375543281,0.2935789557829304,0.43582269326490136,0.6575066347827339,0
0.4975009015118371,0.7771898151496173,0.34799214073469487,0.6980330022500035,1
0.5878751950179367,0.6963989937010664,0.5610124076488952,0.7416050604804839,1
0.5048128655925751,0.83604844937855,0.6552216689657726,0.7601586323623502,0
0.34341968419139024,0.4563934911428821,0.28821861438463997,0.20055520249795045,0
0.704057996948005,0.3082399001259552,0.5607589640923216,0.686010212350878,1
0.4401650682398346,0.4720787488498778,0.5107923862144957,0.5415350489642722,0
0.4292419182717897,0.531773375087521,0.41566331397559403,0.5109886231150766,0
0.5693599925370518,0.5719429446866164,0.527269764220838,0.6965508916390287,0
0.5005592455799425,0.8432379417738519,0.5304456297007546,0.7312453167903905,0
0.2935728636656122,0.6629303068859708,0.5681272730360226,0.7366877187056883,0
0.49919606531057964,0.8169205069103409,0.8056303788213117,0.36214614287582936,0
0.7023202731770235,0.6912978756932256,0.6428516267195525,0.3641401539994629,1
0.6488848865600958,0.7793440554675743,0.5583070290549603,0.8588662813424168,1
0.6994354662893406,0.545894052401619,0.7595554993558151,0.5173326353169155,0
0.7206214524468418,0.5418522610133178,0.542587719572294,0.5087708450231037,0
0.3133489607555802,0.5334491501159327,0.6474563601546819,0.6495040199583638,0
0.3959108888163812,0.4932561630511678,0.43256454019817486,0.6142274697271151,0
0.660237318263835,0.532097884205852,0.3847513562492048,0.5404961604045357,1
0.4502827901444093,0.6230971554945531,0.8348440200680189,0.3956440066340907,0
0.5289651780647099,0.48645260908913524,0.47966433268976044,0.40169350571865736,0
0.4675360760682141,0.48998019928327735,0.6692136037283949,0.345849654014746,1
0.6249940326394235,0.3819848961158764,0.5017989280084367,0.7035416238602237,0
0.6433467568491901,0.40936953526342307,0.6056447374957439,0.7311703486996843,0
0.435524596197404,0.7499162083762312,0.3720065893696559,0.5671657849155815,0
0.6230506720915577,0.5750660242738403,0.6303263786188407,0.5931339959726746,0
0.5258262839531438,0.5010302784571767,0.47899257454950134,0.6055889909282965,0
0.6443066577245058,0.5891298103377232,0.5847833617075348,0.4900237993118447,0
0.6865268865003699,0.37063446707892833,0.5327217834096872,0.5194415305628141,1
0.3464251811530059,0.6106172131746928,0.6835318685135623,0.5491120371165205,0
0.6497277152484195,0.8054058730911056,0.5944941726778593,0.2687046870039468,1
0.5846826971339354,0.41874471457250717,0.5656470285229498,0.5516403814320796,1
0.6384489759502401,0.7766844223684313,0.43392389282846133,0.7735063833724108,0
0.4468886420542366,0.5051544087530272,0.5297092484413188,0.49589522819473564,1
0.6121623317131465,0.5164680780540084,0.4876971326228567,0.6825353692924364,0
0.46367823339088493,0.5172471778008975,0.3239683121508402,0.5296827903449828,0
0.5983449875727934,0.6037270037544468,0.45625328845283575,0.6054767057833512,0
0.6736646163075657,0.46115661085272497,0.5295466548532142,0.538211434767601,0
0.41945419384025007,0.6633546912162502,0.4966605326151903,0.880868767897765,0
0.18982887559506562,0.4743235099639436,0.3481237301958896,0.571863170728707,0
0.5052327232542794,0.6752869723738125,0.7293395560879675,0.2355811209495099,0
0.6902268130134608,0.6697791917627922,0.35002401705492925,0.34830280111936485,0
0.7255076363748241,0.6218187684076789,0.49211278928641083,0.6493534691758087,0
0.6342533895101319,0.43368359728810685,0.7234221084778973,0.6178197274748873,0
0.48391369597610684,0.31944588816862574,0.6857688240624036,0.881685834146077,0
0.6030829615734269,0.6261330036897,0.4033839635584518,0.38511099460757425,0
0.6336228708640246,0.49276337893457195,0.3755292846691721,0.5429206914740079,0
0.7815182792400737,0.6627921923198821,0.6272172850306647,0.1969439078222021,1
0.585018103081092,0.4560324427929705,0.4685548943492027,0.5484474532322322,0
0.6504503582525157,0.7047093630554969,0.22733177699564078,0.5286797719561406,0
0.5765016140277691,0.39100475169662663,0.35150056241672173,0.7477294343292089,0
0.5037773017636514,0.4434567391849434,0.5161821771120714,0.5922503360006914,0
0.41529156252414745,0.49105668883436365,0.6207739715236685,0.5065002198527981,0
0.9824848128004819,0.4924925858543351,0.6147405009065481,0.8795007239930297,0
0.5350576631462947,0.4870172113352895,0.5094743342345175,0.5148466192293604,0
0.5050318721448572,0.5333139447854689,0.714156539621832,0.6499721854702027,0
0.5912083278491782,0.3872787317406508,0.4003935777265716,0.5039061749615394,0
0.7872940415018006,0.6295442638906925,0.6143998611649999,0.5793774609003487,0
0.5487939689122173,0.5970404087246147,0.5329212909539718,0.3562467426770606,0
0.47258062828653724,0.25184974842763264,0.8318024495930036,0.5484428745065578,0
0.7732536324981696,0.8005069121254236,0.5740028692108813,0.4757860850007694,0
0.37270761486495435,0.5392743724006968,0.5499204039289014,0.5994241268402373,0
0.7011543288257938,0.6777793846660642,0.47244387524018966,0.464293031988279,0
0.7373180665338919,0.6427614586510216,0.4601974349477694,0.7146720281078042,1
0.41719299936365484,0.47064011762299285,0.7143534066757474,0.7566000045817626,0
0.6561837199186424,0.6505746422783981,0.636032796158947,0.5444754037187263,0
0.5466917908658111,0.4818001123727368,0.34997003448648756,0.531425394752412,0
0.4542477207167226,0.5142315598834015,0.657756454469289,0.2656162426727231,0
0.6376690102443137,0.6923377324857615,0.5318126524943424,0.5265651859026267,0
0.8394591499731225,0.581156554841768,0.6069445064679847,0.5433060748760077,0
0.3702099685468211,0.5745632966453672,0.5087849944289146,0.6404005769337848,0
0.747006131163078,0.42321692730426713,0.6019445750500327,0.3977842571264538,0
0.571246051620346,0.3353915824064817,0.3850936040320249,0.4932930261613907,0
0.6381338572810562,0.4406616169569123,0.6723003594990803,0.5426279402765533,1
0.48138004914982313,0.6616562917745084,0.5983297515854125,0.8210229285113986,0
0.4558007821051133,0.3518529460788399,0.5228603822724822,0.31525774144152663,0
0.26171778586072597,0.808183632224827,0.4411485523603864,0.44033806043038115,0
0.5079361069275913,0.6401570605574949,0.3586952385169159,0.5201004832746816,0
0.5035793285925398,0.39428319350471996,0.6122425364074203,0.5144728235058966,0
0.5027123981819339,0.6238018774679304,0.6165125140921843,0.4465035604365529,0
0.4308202094753364,0.7975678917257851,0.6720793512470488,0.7719875530666316,0
0.599540641042668,0.4994426977303538,0.6773234969853864,0.8354376841167122,0
0.6568696412306377,0.2833411808375631,0.6444501528607971,0.5295280273191845,0
0.4541325775109226,0.6441243393696106,0.41909893679002286,0.3920249485622377,0
0.7769527140694953,0.44562446459305644,0.5206052661580713,0.5049440952147372,0
0.6501333775009216,0.5707077431400693,0.3898408122544208,0.5996674183240465,0
0.5257646683317222,0.5300171062691861,0.4501474426971812,0.31666797618740594,0
0.38162041687928727,0.4456987440962128,0.7538973167581863,0.14958385035301874,0
0.5634779184022347,0.4905042465915329,0.18315126380779423,0.5090260294579187,0
0.739843455820887,0.7393594446857747,0.08088434395063199,0.4967725191934389,1
0.7012864525664596,0.5355183885484043,0.42091315002220736,0.5271970852349589,0
0.3867570658102277,0.4641812940910227,0.723530480777423,0.4745344264017096,0
0.5679568856716155,0.24265387565096092,0.31103085193587776,0.6460010208075145,0
0.6050280530841542,0.3923588172677177,0.49931456644069583,0.35126272039510276,0
0.8138872418673188,0.4401114487993264,0.5979108475198265,0.5070734269493261,0
0.7644095988353705,0.4370320937965064,0.26666328814557744,0.5190735013550022,0
0.5788910514062587,0.6007589384761758,0.6243516665270674,0.6933311640879767,0
0.3158870960789264,0.37881302964202296,0.5131976006321821,0.6436819447636511,0
0.4529912751373106,0.5789717508259872,0.5500721343106282,0.35835909485172057,0
0.43534723324785507,0.4012020092320843,0.6030549472001193,0.556753426392659,0
0.9230163753047325,0.32728520049099763,0.5368859221667632,0.7255560863490406,0
0.6636111029636519,0.553428562672859,0.624323594667148,0.5444492630091237,0
0.7323225696566945,0.4880242926138979,0.4679934645633347,0.38143738743630656,1
0.5529848583836177,0.6266944511117337,0.4791260455719736,0.8213251424448577,0
0.5048143629820196,0.43209251900722623,0.4041062901363093,0.8229000844412087,0
0.24010814846650252,0.7527014123979608,0.4677458330008758,0.45724828535832357,0
0.4371792043264321,0.5538796126731543,0.4889742612483507,0.7699707306388568,0
0.38461651785710027,0.6179320422175609,0.4436045287924427,0.5907038872257024,0
0.3927571258841125,0.3865878319899496,0.02630226730398999,0.5427204831819914,0
0.6785412222517446,0.4375950224238507,0.6561813828982195,0.4485477227215967,1
0.7807174031577042,0.3657747824569172,0.5734656013211199,0.6595061929119865,0
0.3846531993567107,0.6798405020414299,0.5888359973003601,0.40869674957343816,0
0.6501990594501554,0.25859500845486855,0.4512252474552793,0.7716996160116988,0
0.5161203105261754,0.5936152065202418,0.3528046436590928,0.38197011749561405,0
0.6695710863681972,0.7587394938365177,0.576271895452086,0.6328862554763095,1
0.4518643506548006,0.6574811687044041,0.4483932621525587,0.5124768652485597,0
0.497509616170292,0.2919454341608244,0.42656949991467197,0.560891813531814,0
0.6071620535332574,0.49304167509279856,0.8190301363127048,0.5733514920736666,1
0.44789119338126904,0.33571992825007585,0.5170614675982056,0.45035251163604956,0
0.5968713186573018,0.5500067205023408,0.6116912360676335,0.5127733744331341,1
0.8893802608286984,0.6932065525102756,0.7105200207809956,0.5912223991353214,1
0.46815503906174905,0.6763138356588208,0.4719854718516425,0.5413682972430114,1
0.6085732269640961,0.66488074306353,0.5662470578248341,0.42717490952881554,0
0.8528779798991034,0.7633127484941454,0.6823384473203092,0.3171689471021011,0
0.49732445822818516,0.39526904495487336,0.5463094165042245,0.6140709894686687,0
0.3850936896298895,0.4875675200282916,0.7789960319069027,0.5395313644770696,0
0.4785329891229626,0.7363234080375323,0.43070134882274175,0.7810660304603197,0
0.8310564083340743,0.5598270923034211,0.4383628748371006,0.32686595158920373,0
0.7138902233332252,0.6467000929960863,0.5766811575675241,0.6308942833897518,0
0.8104419603523032,0.5342558635372976,0.7375291336450023,0.37938674187166554,0
0.9235068911805187,0.5232502050669977,0.27077274160072895,0.704276773692956,0
0.5202308852331133,0.5265541854860776,0.7933883523533256,0.526052981281391,1
0.7706843643209792,0.41871297909463945,0.5650927517958694,0.758372584553219,1
0.23999871824176838,0.38046279423331575,0.5356571409822561,0.6587542168952724,0
0.6807814561247705,0.7625327782375357,0.3941596358309496,0.17977373649031586,1
0.4974180984904459,0.3412165078780401,0.5951595590598555,0.7610668844297825,0
0.4384681491502334,0.22373920758279991,0.6683880974489748,0.6555687804224858,0
0.7667879405831369,0.5370557720811949,0.5593273770976261,0.68120708637463,0
0.4920324706323945,0.520396820479709,0.6825085346061024,0.7196160066765245,0
0.8450581931549728,0.5090983522430538,0.3369432121278395,0.6781931360137605,1
0.27386731938531084,0.677698490714939,0.5429553257557008,0.5714919573053755,0
0.8207561851874632,0.5341078579277614,0.5369766999180271,0.26325630134606653,1
0.38948264618340367,0.5260931705819422,0.4085063837863557,0.5672323910312325,0
0.7373967444252065,0.42911470005743646,0.455990749479049,0.3584413435412266,0
0.6918124861890166,0.4981973153840439,0.6991704204476974,0.3068259527385837,0
0.4784836832031978,0.5372342982315583,0.5075891279391945,0.4541708462630656,0
0.8008916073393558,0.433456024772244,0.467833515021497,0.3228636842478032,0
0.5875789071061427,0.6040439796346533,0.3640570788278543,0.5338200526646922,0
0.7962009586590058,0.06943182128497843,0.6081401198904328,0.3170385712296633,0
0.6431784775363388,0.4451718719209128,0.5598748477491107,0.5526501181071046,0
0.8204813475465509,0.37461039904182053,0.6767875543122545,0.7080844111595569,1
0.6690912956201487,0.42394175909367493,0.6481618025472929,0.8472833183329294,0
0.4730275021374004,0.31556895224078413,0.40366676909752963,0.42195481327267303,0
0.5141128160600412,0.27867033290836934,0.8254496189569844,0.5639614727222519,0
0.2650287908865759,0.4980684666222639,0.5406076788477723,0.438838901837031,0
0.5662910163806217,0.4403952357451545,0.4330773561575264,0.4637867056080551,0
0.6477564821860465,0.2534459975508771,0.5617273868002441,0.9723069784415121,1
0.6445037087768325,0.757065096530673,0.5147991642193841,0.7196627032705728,0
0.5330504966145485,0.5344199299236895,0.5239684198271222,0.4815185731048868,0
0.6872320342816607,0.3149808512719988,0.4660480749906578,0.572331896737257,0
0.2974066238150264,0.4265565076530143,0.5181934938024613,0.6453147930916207,0
0.4949479222228339,0.5721728415266729,0.6804571008181663,0.6207434981926259,0
0.45138383429507084,0.3039059966168325,0.7132803079204566,0.7199087259456286,0
0.5017035247143468,0.4185741115914373,0.7068977757225928,0.5796850097254417,0
0.8758662624333677,0.8012918461878299,0.5407374056551482,0.860563673594766,0
0.42654321219248426,0.5815338193686921,0.594152910956224,0.12190690242228625,1
0.39585022906527356,0.6201289801905392,0.5011554180536747,0.47777691129818406,0
0.5023659246019784,0.46459975069423465,0.3399467975639748,0.6233469412641739,0
0.7970930919807694,0.2957890042976037,0.26338861343364683,0.5232047658580482,1
0.791211606480126,0.5414938214184574,0.4037218280228484,0.7691325678512977,0
0.4786031428467261,0.32884280500078217,0.531992577706798,0.7289307556831441,0
0.7404376109013947,0.5119578564100999,0.4957239740777779,0.6495643825932029,1
0.6588684610131128,0.43897651355244044,0.3485661123823306,0.28052228970538134,0
0.3635034983583865,0.38761297374829273,0.4610757908141159,0.30050561637782214,0
0.7375734164881218,0.5372394715643465,0.5536246667754174,0.9121168636034593,1
0.29191603224088203,0.5566008895971891,0.47804241487652455,0.1549715758706423,0
0.37983647094450873,0.18665736460994925,0.48812385214437515,0.4576231894263724,0
0.5687293554833497,0.5885224309870417,0.44446088205238427,0.5734214246661946,1
0.6605573834674576,0.42545462783606525,0.5792059292398579,0.665428857776227,0
0.4774394351392516,0.7105582665526473,0.5314213003532956,0.4604670937556434,0
0.4697379183785838,0.6466197541150309,0.6497633219489771,0.5356340332099694,1
0.7579040257150906,0.8943686946135043,0.44879323580485464,0.2935645783766946,1
0.3750339871249678,0.5415333130260369,0.6181276815364025,0.5407122359576946,0
0.693200403446037,0.6010085304896031,0.5536356748284069,0.6320257760480062,0
0.6259724898535649,0.41117120075992963,0.751347099219597,0.22226893724265745,0
0.4999413630299626,0.8099461619627359,0.7361143856726515,0.5929851993470736,0
0.5757389980549557,0.39638788729627783,0.7421268970342775,0.5128846880065714,1
0.6163398233516644,0.6841936381612992,0.6808321056768444,0.49392915962745676,0
0.5492163659818902,0.8193850279316217,0.6592695391226222,0.250142918469843,1
0.8083579546944245,0.47955758563826834,0.5055586935930475,0.7693828265038575,0
0.6614206346707243,0.46222805479382323,0.541962227135301,0.5687535452489063,0
0.6952557255141008,0.5653069163813194,0.5666208365827885,0.6028946973150617,0
0.672492701094522,0.5971731828081333,0.5133928707634973,0.290391146896005,1
0.5175054569544194,0.6245966786202919,0.5994911839101775,0.6887836340164549,0
0.6298863198540661,0.7228517491916705,0.5910277381005848,0.5266855356498675,0
0.31765750108348695,0.42846439144827553,0.35503302102763323,0.2843838246837632,0
0.7296621404213716,0.29792125635707356,0.23031162214326756,0.9031736333011575,0
0.4839744933645727,0.4233208937127209,0.6308049614655717,0.6506101902614468,0
0.5212520280172245,0.7197746591223565,0.5905961425319683,1.0,0
0.44355979463015255,0.5739705481824051,0.3986172197207555,0.5044130478091753,0
0.5798349412046019,0.6647675741753479,0.3945204563449543,0.48212620771906334,0
0.5479869865044901,0.5628861009778473,0.4463444682187589,0.29288755083252543,0
0.49716400934613114,0.07955304980095013,0.3494856430196288,0.5524028187640524,0
0.7913494381278066,0.5017931484656641,0.2168675337422662,0.7471153147403156,0
0.6398262821798677,0.3132220628904525,0.30104861907485,0.3452537526215249,0
0.5122310268255508,0.3084225665171874,0.5073254504128555,0.36964217311804537,0
0.9373058295002732,0.7220057694020285,0.5530581451920242,0.44099688557204364,0
0.6779060109947597,0.2471997420715309,0.612609849631359,0.7184193509976248,1
0.36549531781594585,0.4975584231444508,0.5860835029982864,0.6708024828684741,0
0.6723811569496142,0.5626312044062498,0.5682182542067777,0.8372037007038988,0
0.6239513651007336,0.6092864581391111,0.5449974617735923,0.6936294805734042,1
0.7950522605991618,0.7842505320663185,0.3537779732447923,0.19168254656465522,0
0.7937268056619814,0.5256355101335495,0.6999805471269855,0.7869449476535291,1
0.11213101227282835,0.3007687719947348,0.26504424730740256,0.8345311625081411,0
0.4085207913376707,0.4321723796284992,0.5881707740791602,0.7212010046741595,0
0.607650774910438,0.4276152571762985,0.40040887498977584,0.5084873344895987,0
0.5100614007423413,0.44707773368542386,0.31562280001175314,0.31713929830485216,0
0.5994020717936276,0.5107138295631652,0.5035074032389786,0.48502536332713997,0
0.8051499206781172,0.7082616849375654,0.5450433610510599,0.31990675948817837,0
0.5825627346004756,0.5187482229070577,0.4868083777723311,0.4638809160082588,0
0.35502853046203486,0.3493102635806261,0.43297156820161126,0.16948017414276795,0
0.4239414041786395,0.6253591282874702,0.5578390530875954,0.421239580077377,1
0.6125286323795396,0.633383148138098,0.715829221690302,0.6353329153570882,0
0.3576230848779508,0.5751378956989602,0.5094963486634272,0.5937090829679305,0
0.5515475598286742,0.20940369439410994,0.6754315151961617,0.44760357811193696,0
0.5045733507974003,0.6170737622102437,0.18427749916356057,0.7314586790926182,0
0.5527838732908359,0.5521669397567183,0.1925475925693979,0.40299409487386034,0
0.7404062564366781,0.7429493519918258,0.4974972514992436,0.5708959848766663,1
0.1361289990660961,0.56991195873627,0.4172990698050255,0.4698136017732347,0
0.5382748700762134,0.3956027349383904,0.4779981343946851,0.3822332367437668,0
0.4535918414785509,0.6827992599513815,0.37057871890946736,0.6001592840547129,0
0.6745049282566788,0.3799542603158609,0.6604678268379686,0.6323205374592248,0
0.7994348755543332,0.5788532570896892,0.6443393116450963,0.12505975550763554,1
0.36495636652071084,0.4913047524784853,0.45990557794006554,0.7956532187723651,0
0.3379293723027787,0.47435856370933377,0.6147430408138984,0.5957360404502313,0
0.37653118594246593,0.49869824860653433,0.5258579579452428,0.8997967431011964,0
0.3901347728667162,0.402850236033547,0.46205459557114875,0.4774071021550924,0
0.7854839274101506,0.7704831669966868,0.9243556034007294,0.5044359496990427,1
0.5367493984659321,0.3030423077691651,0.343254719120837,0.6982481062341992,1
0.5969104239130892,0.6983104509635127,0.43075158545258296,0.47276048665371073,0
0.8046415095320507,0.4171731216845005,0.5305360320299143,0.5359419264363873,0
0.7431210566522994,0.26226889143565774,0.5928722753854662,0.4907943460936376,1
0.44113219603125664,0.5403951627348755,0.3430230274267405,0.6115902538590219,0
