tx_id,sender,recipient,amount_btc,algorithm,signature_size_bytes,sign_time_ms,verify_time_ms,timestamp,confirmed
TX-4BAB04DD86DE,bc150fc35db83ca456c89bea8a3fbca,pq1b0fd919e01e84830b4a7f4a3030a,0.060045,ECDSA-P256,72,0.075,0.15,2026-01-01T00:00:00Z,1
TX-3C869B854E71,pq1693caa8a2f22449ebf5b287dfb6c,bc122cb9f6c669c4fb9b446f88678b2,1.66878,ML-DSA-65,3309,1.117,0.419,2026-01-01T00:24:00Z,1
TX-9BCA2A3DE9FD,bc1ff2cbb6af26b4f5caa275e4f2022,pq1496afe564cd747068b2b3a293d9b,1.898652,ECDSA-P256,72,0.075,0.15,2026-01-01T00:48:00Z,1
TX-DD02850976D3,bc1ff2cbb6af26b4f5caa275e4f2022,pq15c87ba841c844d41ae9a999671f7,0.973622,ECDSA-P256,72,0.079,0.157,2026-01-01T01:12:00Z,1
TX-8CEC25AB8E66,pq1693caa8a2f22449ebf5b287dfb6c,pq1dadadc94bda84ce9b4cd7f6994cc,1.77727,ML-DSA-65,3309,0.962,0.361,2026-01-01T01:36:00Z,1
TX-B15CE8A74491,pq1f4ab2ca7bcb643c6b21fa5644102,pq15c87ba841c844d41ae9a999671f7,1.596537,ML-DSA-65,3309,1.033,0.388,2026-01-01T02:00:00Z,0
TX-6DAAAB50254C,pq1496afe564cd747068b2b3a293d9b,bc150fc35db83ca456c89bea8a3fbca,1.97431,FALCON-512,666,0.35,0.117,2026-01-01T02:24:00Z,1
TX-B6A8AEA8DC0E,pq1496afe564cd747068b2b3a293d9b,bc150fc35db83ca456c89bea8a3fbca,0.405333,FALCON-512,666,0.272,0.091,2026-01-01T02:48:00Z,1
TX-AF679CED1E2E,bc1ff2cbb6af26b4f5caa275e4f2022,pq15c87ba841c844d41ae9a999671f7,1.211037,ECDSA-P256,72,0.065,0.129,2026-01-01T03:12:00Z,1
TX-F44A10C8E176,pq11c74f53296c54368abe4542c41c0,pq1496afe564cd747068b2b3a293d9b,1.130757,SLH-DSA-128f,17088,8.475,2.034,2026-01-01T03:36:00Z,1
TX-B088B6DC7F65,pq15c87ba841c844d41ae9a999671f7,pq11c74f53296c54368abe4542c41c0,1.302498,ML-DSA-65,3309,0.675,0.253,2026-01-01T04:00:00Z,1
TX-60641BF31EBC,pq1dadadc94bda84ce9b4cd7f6994cc,bc122cb9f6c669c4fb9b446f88678b2,1.865962,SLH-DSA-128f,17088,9.235,2.216,2026-01-01T04:24:00Z,1
TX-352D691CD8A4,pq11c74f53296c54368abe4542c41c0,pq1496afe564cd747068b2b3a293d9b,1.676307,SLH-DSA-128f,17088,9.627,2.311,2026-01-01T04:48:00Z,1
TX-5970E2BF8567,pq11c74f53296c54368abe4542c41c0,pq1dadadc94bda84ce9b4cd7f6994cc,0.50263,SLH-DSA-128f,17088,9.313,2.235,2026-01-01T05:12:00Z,1
TX-B1B70AF4F99B,pq15c87ba841c844d41ae9a999671f7,pq1b0fd919e01e84830b4a7f4a3030a,1.261033,ML-DSA-65,3309,0.979,0.367,2026-01-01T05:36:00Z,1
TX-1375EA2612B2,pq11c74f53296c54368abe4542c41c0,pq1b0fd919e01e84830b4a7f4a3030a,0.42351,SLH-DSA-128f,17088,9.252,2.221,2026-01-01T06:00:00Z,1
TX-64BBED416AF6,pq1693caa8a2f22449ebf5b287dfb6c,bc122cb9f6c669c4fb9b446f88678b2,1.455414,ML-DSA-65,3309,0.812,0.305,2026-01-01T06:24:00Z,1
TX-134F3B449CF2,bc1ff2cbb6af26b4f5caa275e4f2022,pq1b0fd919e01e84830b4a7f4a3030a,1.368094,ECDSA-P256,72,0.054,0.108,2026-01-01T06:48:00Z,1
TX-86A78C759D61,pq1b0fd919e01e84830b4a7f4a3030a,pq11c74f53296c54368abe4542c41c0,1.287089,FALCON-512,666,0.252,0.084,2026-01-01T07:12:00Z,1
TX-35E33E968B62,bc150fc35db83ca456c89bea8a3fbca,bc122cb9f6c669c4fb9b446f88678b2,1.65073,ECDSA-P256,72,0.083,0.166,2026-01-01T07:36:00Z,1
TX-0CB5799C75BD,bc150fc35db83ca456c89bea8a3fbca,bc122cb9f6c669c4fb9b446f88678b2,0.621242,ECDSA-P256,72,0.053,0.105,2026-01-01T08:00:00Z,1
TX-2D40A9C6F63B,bc1ff2cbb6af26b4f5caa275e4f2022,pq1f4ab2ca7bcb643c6b21fa5644102,1.044085,ECDSA-P256,72,0.082,0.164,2026-01-01T08:24:00Z,1
TX-BDB7799F14F5,bc122cb9f6c669c4fb9b446f88678b2,pq1693caa8a2f22449ebf5b287dfb6c,0.310211,ECDSA-P256,72,0.06,0.119,2026-01-01T08:48:00Z,1
TX-90D0A65850D0,bc150fc35db83ca456c89bea8a3fbca,pq1693caa8a2f22449ebf5b287dfb6c,0.446184,ECDSA-P256,72,0.078,0.155,2026-01-01T09:12:00Z,1
TX-F1F0E9BD627A,bc122cb9f6c669c4fb9b446f88678b2,pq1dadadc94bda84ce9b4cd7f6994cc,1.820812,ECDSA-P256,72,0.066,0.132,2026-01-01T09:36:00Z,1
TX-118339C499A5,bc1ff2cbb6af26b4f5caa275e4f2022,pq1dadadc94bda84ce9b4cd7f6994cc,1.698253,ECDSA-P256,72,0.073,0.145,2026-01-01T10:00:00Z,1
TX-639D9E527AAF,pq1693caa8a2f22449ebf5b287dfb6c,pq1b0fd919e01e84830b4a7f4a3030a,0.488592,ML-DSA-65,3309,0.811,0.304,2026-01-01T10:24:00Z,1
TX-03D274B4F417,pq1b0fd919e01e84830b4a7f4a3030a,pq15c87ba841c844d41ae9a999671f7,0.633936,FALCON-512,666,0.317,0.106,2026-01-01T10:48:00Z,1
TX-2464F2579442,pq1f4ab2ca7bcb643c6b21fa5644102,bc122cb9f6c669c4fb9b446f88678b2,0.008291,ML-DSA-65,3309,0.928,0.348,2026-01-01T11:12:00Z,1
TX-083380856517,pq1b0fd919e01e84830b4a7f4a3030a,pq1496afe564cd747068b2b3a293d9b,1.109302,FALCON-512,666,0.327,0.109,2026-01-01T11:36:00Z,1
TX-3D6597086B78,bc1ff2cbb6af26b4f5caa275e4f2022,bc150fc35db83ca456c89bea8a3fbca,0.274063,ECDSA-P256,72,0.064,0.127,2026-01-01T12:00:00Z,1
TX-D22F0C31F5F2,pq1f4ab2ca7bcb643c6b21fa5644102,pq15c87ba841c844d41ae9a999671f7,0.436628,ML-DSA-65,3309,1.035,0.388,2026-01-01T12:24:00Z,1
TX-4854AB95CBEA,pq1dadadc94bda84ce9b4cd7f6994cc,bc1ff2cbb6af26b4f5caa275e4f2022,0.256635,SLH-DSA-128f,17088,6.15,1.476,2026-01-01T12:48:00Z,1
TX-CAC1B9C6114D,pq1496afe564cd747068b2b3a293d9b,pq1dadadc94bda84ce9b4cd7f6994cc,1.070151,FALCON-512,666,0.248,0.083,2026-01-01T13:12:00Z,1
TX-531041D2171D,bc122cb9f6c669c4fb9b446f88678b2,pq15c87ba841c844d41ae9a999671f7,1.774413,ECDSA-P256,72,0.054,0.108,2026-01-01T13:36:00Z,1
TX-DCEE4ACE0420,bc122cb9f6c669c4fb9b446f88678b2,pq1b0fd919e01e84830b4a7f4a3030a,1.363206,ECDSA-P256,72,0.081,0.162,2026-01-01T14:00:00Z,1
TX-C678775934E4,pq15c87ba841c844d41ae9a999671f7,pq1f4ab2ca7bcb643c6b21fa5644102,1.60359,ML-DSA-65,3309,0.806,0.302,2026-01-01T14:24:00Z,1
TX-41736134C830,pq1b0fd919e01e84830b4a7f4a3030a,pq1693caa8a2f22449ebf5b287dfb6c,1.8409,FALCON-512,666,0.334,0.111,2026-01-01T14:48:00Z,1
TX-CBC98529BC82,pq1693caa8a2f22449ebf5b287dfb6c,pq1dadadc94bda84ce9b4cd7f6994cc,1.679327,ML-DSA-65,3309,0.938,0.352,2026-01-01T15:12:00Z,1
TX-9DAE603EF4D6,pq1f4ab2ca7bcb643c6b21fa5644102,pq11c74f53296c54368abe4542c41c0,1.520011,ML-DSA-65,3309,1.092,0.41,2026-01-01T15:36:00Z,1
TX-0F88EE8584F1,pq1dadadc94bda84ce9b4cd7f6994cc,bc1ff2cbb6af26b4f5caa275e4f2022,1.090994,SLH-DSA-128f,17088,6.671,1.601,2026-01-01T16:00:00Z,1
TX-DC2886856BA5,pq15c87ba841c844d41ae9a999671f7,bc122cb9f6c669c4fb9b446f88678b2,0.334147,ML-DSA-65,3309,1.087,0.408,2026-01-01T16:24:00Z,1
TX-B476A214C4B0,bc150fc35db83ca456c89bea8a3fbca,bc1ff2cbb6af26b4f5caa275e4f2022,1.999255,ECDSA-P256,72,0.079,0.158,2026-01-01T16:48:00Z,1
TX-473F06C20660,pq1dadadc94bda84ce9b4cd7f6994cc,pq11c74f53296c54368abe4542c41c0,1.666341,SLH-DSA-128f,17088,8.8,2.112,2026-01-01T17:12:00Z,1
TX-DF32A2B8C3F6,bc1ff2cbb6af26b4f5caa275e4f2022,bc122cb9f6c669c4fb9b446f88678b2,0.616989,ECDSA-P256,72,0.052,0.104,2026-01-01T17:36:00Z,0
TX-D27E53DB5511,pq1496afe564cd747068b2b3a293d9b,pq1dadadc94bda84ce9b4cd7f6994cc,1.569675,FALCON-512,666,0.288,0.096,2026-01-01T18:00:00Z,1
TX-AF151D1ED69E,bc122cb9f6c669c4fb9b446f88678b2,bc150fc35db83ca456c89bea8a3fbca,0.518122,ECDSA-P256,72,0.049,0.098,2026-01-01T18:24:00Z,1
TX-710E7F63D908,pq1b0fd919e01e84830b4a7f4a3030a,pq15c87ba841c844d41ae9a999671f7,1.98649,FALCON-512,666,0.315,0.105,2026-01-01T18:48:00Z,1
TX-37F80CBA975D,pq1496afe564cd747068b2b3a293d9b,pq1dadadc94bda84ce9b4cd7f6994cc,0.922201,FALCON-512,666,0.287,0.096,2026-01-01T19:12:00Z,1
TX-766706640CEC,bc150fc35db83ca456c89bea8a3fbca,pq1496afe564cd747068b2b3a293d9b,0.751204,ECDSA-P256,72,0.055,0.11,2026-01-01T19:36:00Z,1
TX-4FDB27ECCAC4,pq1b0fd919e01e84830b4a7f4a3030a,bc122cb9f6c669c4fb9b446f88678b2,0.068481,FALCON-512,666,0.343,0.114,2026-01-01T20:00:00Z,1
TX-1EA2519E213B,pq11c74f53296c54368abe4542c41c0,pq1693caa8a2f22449ebf5b287dfb6c,1.177781,SLH-DSA-128f,17088,6.463,1.551,2026-01-01T20:24:00Z,1
TX-1C6665784AC6,pq1496afe564cd747068b2b3a293d9b,bc150fc35db83ca456c89bea8a3fbca,0.110897,FALCON-512,666,0.37,0.123,2026-01-01T20:48:00Z,1
TX-0E6A21C434A7,pq1dadadc94bda84ce9b4cd7f6994cc,bc122cb9f6c669c4fb9b446f88678b2,0.044155,SLH-DSA-128f,17088,10.317,2.476,2026-01-01T21:12:00Z,1
TX-E76E9C899067,pq11c74f53296c54368abe4542c41c0,bc1ff2cbb6af26b4f5caa275e4f2022,0.307572,SLH-DSA-128f,17088,9.779,2.347,2026-01-01T21:36:00Z,1
TX-6CCE2837943A,bc150fc35db83ca456c89bea8a3fbca,pq1dadadc94bda84ce9b4cd7f6994cc,0.514895,ECDSA-P256,72,0.081,0.163,2026-01-01T22:00:00Z,1
TX-ECB52531F645,pq1693caa8a2f22449ebf5b287dfb6c,pq1f4ab2ca7bcb643c6b21fa5644102,1.06076,ML-DSA-65,3309,0.757,0.284,2026-01-01T22:24:00Z,1
TX-195ACFF82244,pq1496afe564cd747068b2b3a293d9b,pq15c87ba841c844d41ae9a999671f7,1.216294,FALCON-512,666,0.358,0.119,2026-01-01T22:48:00Z,1
TX-C83B8315025B,pq1dadadc94bda84ce9b4cd7f6994cc,pq1b0fd919e01e84830b4a7f4a3030a,1.481115,SLH-DSA-128f,17088,10.113,2.427,2026-01-01T23:12:00Z,1
TX-38A3115BB18C,pq11c74f53296c54368abe4542c41c0,pq1496afe564cd747068b2b3a293d9b,1.662607,SLH-DSA-128f,17088,9.676,2.322,2026-01-01T23:36:00Z,1
TX-32FD44325C43,pq1b0fd919e01e84830b4a7f4a3030a,bc1ff2cbb6af26b4f5caa275e4f2022,0.51447,FALCON-512,666,0.346,0.115,2026-01-02T00:00:00Z,1
TX-49273486B534,pq11c74f53296c54368abe4542c41c0,pq1f4ab2ca7bcb643c6b21fa5644102,1.283433,SLH-DSA-128f,17088,6.254,1.501,2026-01-02T00:24:00Z,1
TX-3CEB2A08EF94,bc150fc35db83ca456c89bea8a3fbca,bc122cb9f6c669c4fb9b446f88678b2,1.752682,ECDSA-P256,72,0.076,0.152,2026-01-02T00:48:00Z,1
TX-F1E6F9C93B4D,pq1693caa8a2f22449ebf5b287dfb6c,pq1496afe564cd747068b2b3a293d9b,1.026558,ML-DSA-65,3309,1.026,0.385,2026-01-02T01:12:00Z,1
TX-75D909A5F934,pq1496afe564cd747068b2b3a293d9b,bc150fc35db83ca456c89bea8a3fbca,0.676577,FALCON-512,666,0.411,0.137,2026-01-02T01:36:00Z,1
TX-8206D5194B85,pq1b0fd919e01e84830b4a7f4a3030a,pq15c87ba841c844d41ae9a999671f7,0.155543,FALCON-512,666,0.308,0.103,2026-01-02T02:00:00Z,1
TX-E56E149FE33B,pq1dadadc94bda84ce9b4cd7f6994cc,bc1ff2cbb6af26b4f5caa275e4f2022,1.568732,SLH-DSA-128f,17088,9.663,2.319,2026-01-02T02:24:00Z,0
TX-BA27226CF71C,pq1496afe564cd747068b2b3a293d9b,pq1dadadc94bda84ce9b4cd7f6994cc,1.128413,FALCON-512,666,0.314,0.105,2026-01-02T02:48:00Z,1
TX-4008CEF4BCC2,pq1f4ab2ca7bcb643c6b21fa5644102,bc1ff2cbb6af26b4f5caa275e4f2022,0.29168,ML-DSA-65,3309,0.743,0.279,2026-01-02T03:12:00Z,1
TX-200425ACA447,bc1ff2cbb6af26b4f5caa275e4f2022,bc150fc35db83ca456c89bea8a3fbca,1.866972,ECDSA-P256,72,0.055,0.111,2026-01-02T03:36:00Z,1
TX-B9FD93EFF71B,pq1b0fd919e01e84830b4a7f4a3030a,pq1f4ab2ca7bcb643c6b21fa5644102,1.312182,FALCON-512,666,0.375,0.125,2026-01-02T04:00:00Z,1
TX-9F2363B71F38,bc150fc35db83ca456c89bea8a3fbca,pq1dadadc94bda84ce9b4cd7f6994cc,0.626849,ECDSA-P256,72,0.071,0.141,2026-01-02T04:24:00Z,0
TX-7FC9347981D6,pq11c74f53296c54368abe4542c41c0,pq1693caa8a2f22449ebf5b287dfb6c,0.462928,SLH-DSA-128f,17088,6.222,1.493,2026-01-02T04:48:00Z,1
TX-F2297D1EE63F,pq11c74f53296c54368abe4542c41c0,pq1dadadc94bda84ce9b4cd7f6994cc,1.594319,SLH-DSA-128f,17088,9.152,2.197,2026-01-02T05:12:00Z,1
TX-D8B633A7A75B,pq11c74f53296c54368abe4542c41c0,pq1f4ab2ca7bcb643c6b21fa5644102,1.241884,SLH-DSA-128f,17088,6.243,1.498,2026-01-02T05:36:00Z,1
TX-F91E0333454A,bc150fc35db83ca456c89bea8a3fbca,pq11c74f53296c54368abe4542c41c0,1.55081,ECDSA-P256,72,0.051,0.103,2026-01-02T06:00:00Z,1
TX-77B9C706EBF3,bc1ff2cbb6af26b4f5caa275e4f2022,pq1b0fd919e01e84830b4a7f4a3030a,1.612047,ECDSA-P256,72,0.057,0.115,2026-01-02T06:24:00Z,1
TX-0B22D50B8AE1,pq1dadadc94bda84ce9b4cd7f6994cc,bc1ff2cbb6af26b4f5caa275e4f2022,1.431284,SLH-DSA-128f,17088,7.261,1.743,2026-01-02T06:48:00Z,1
TX-9715302489EE,pq1f4ab2ca7bcb643c6b21fa5644102,pq11c74f53296c54368abe4542c41c0,0.238865,ML-DSA-65,3309,0.663,0.248,2026-01-02T07:12:00Z,1
TX-48D60896AEC9,pq11c74f53296c54368abe4542c41c0,pq1b0fd919e01e84830b4a7f4a3030a,0.200449,SLH-DSA-128f,17088,8.81,2.115,2026-01-02T07:36:00Z,1
TX-0115D3EC09F6,pq1693caa8a2f22449ebf5b287dfb6c,pq1f4ab2ca7bcb643c6b21fa5644102,1.790528,ML-DSA-65,3309,0.662,0.248,2026-01-02T08:00:00Z,1
TX-9E6FF2321E4F,pq11c74f53296c54368abe4542c41c0,pq1496afe564cd747068b2b3a293d9b,0.66344,SLH-DSA-128f,17088,7.05,1.692,2026-01-02T08:24:00Z,1
TX-22DC4FB7957E,bc122cb9f6c669c4fb9b446f88678b2,pq1496afe564cd747068b2b3a293d9b,0.202347,ECDSA-P256,72,0.051,0.102,2026-01-02T08:48:00Z,1
TX-435C76ECD1FF,bc1ff2cbb6af26b4f5caa275e4f2022,pq1496afe564cd747068b2b3a293d9b,1.840655,ECDSA-P256,72,0.049,0.097,2026-01-02T09:12:00Z,1
TX-5EF7B7561ADA,bc150fc35db83ca456c89bea8a3fbca,pq11c74f53296c54368abe4542c41c0,0.302143,ECDSA-P256,72,0.057,0.114,2026-01-02T09:36:00Z,1
TX-B6496E79488A,bc122cb9f6c669c4fb9b446f88678b2,pq15c87ba841c844d41ae9a999671f7,1.503156,ECDSA-P256,72,0.061,0.122,2026-01-02T10:00:00Z,1
TX-5EBD43000147,pq1f4ab2ca7bcb643c6b21fa5644102,pq11c74f53296c54368abe4542c41c0,1.126912,ML-DSA-65,3309,0.996,0.374,2026-01-02T10:24:00Z,1
TX-377C26558B02,bc122cb9f6c669c4fb9b446f88678b2,pq1dadadc94bda84ce9b4cd7f6994cc,0.983692,ECDSA-P256,72,0.076,0.151,2026-01-02T10:48:00Z,1
TX-BA2FE1980501,pq11c74f53296c54368abe4542c41c0,pq1dadadc94bda84ce9b4cd7f6994cc,0.796273,SLH-DSA-128f,17088,9.599,2.304,2026-01-02T11:12:00Z,1
TX-4FC256493246,pq1dadadc94bda84ce9b4cd7f6994cc,pq1693caa8a2f22449ebf5b287dfb6c,1.110743,SLH-DSA-128f,17088,7.294,1.751,2026-01-02T11:36:00Z,1
TX-AECB3FA60D82,pq1693caa8a2f22449ebf5b287dfb6c,bc150fc35db83ca456c89bea8a3fbca,0.922772,ML-DSA-65,3309,0.664,0.249,2026-01-02T12:00:00Z,1
TX-D8AEDB694A22,bc150fc35db83ca456c89bea8a3fbca,pq1496afe564cd747068b2b3a293d9b,1.781813,ECDSA-P256,72,0.075,0.15,2026-01-02T12:24:00Z,1
TX-0617EC1945F5,bc150fc35db83ca456c89bea8a3fbca,pq1b0fd919e01e84830b4a7f4a3030a,1.944248,ECDSA-P256,72,0.049,0.098,2026-01-02T12:48:00Z,1
TX-11FD694D0599,bc1ff2cbb6af26b4f5caa275e4f2022,pq1dadadc94bda84ce9b4cd7f6994cc,0.69933,ECDSA-P256,72,0.05,0.099,2026-01-02T13:12:00Z,1
TX-0EEC0FD8D45F,pq1496afe564cd747068b2b3a293d9b,pq1dadadc94bda84ce9b4cd7f6994cc,0.319751,FALCON-512,666,0.393,0.131,2026-01-02T13:36:00Z,1
TX-4B5580639E03,pq1dadadc94bda84ce9b4cd7f6994cc,pq1693caa8a2f22449ebf5b287dfb6c,0.805759,SLH-DSA-128f,17088,6.256,1.502,2026-01-02T14:00:00Z,1
TX-46F0AE7C7AF1,pq1b0fd919e01e84830b4a7f4a3030a,pq1dadadc94bda84ce9b4cd7f6994cc,0.074221,FALCON-512,666,0.277,0.092,2026-01-02T14:24:00Z,1
TX-6E68D3C63043,bc150fc35db83ca456c89bea8a3fbca,pq1dadadc94bda84ce9b4cd7f6994cc,1.749182,ECDSA-P256,72,0.062,0.125,2026-01-02T14:48:00Z,1
TX-7B6FA2117C81,pq1496afe564cd747068b2b3a293d9b,pq1f4ab2ca7bcb643c6b21fa5644102,0.979273,FALCON-512,666,0.329,0.11,2026-01-02T15:12:00Z,1
TX-9F9BF0839EA3,pq1f4ab2ca7bcb643c6b21fa5644102,bc150fc35db83ca456c89bea8a3fbca,1.016902,ML-DSA-65,3309,0.886,0.332,2026-01-02T15:36:00Z,1
TX-0978CB395218,pq1496afe564cd747068b2b3a293d9b,pq11c74f53296c54368abe4542c41c0,0.227441,FALCON-512,666,0.283,0.094,2026-01-02T16:00:00Z,1
TX-539D3F5AC076,bc150fc35db83ca456c89bea8a3fbca,pq1b0fd919e01e84830b4a7f4a3030a,0.071667,ECDSA-P256,72,0.065,0.13,2026-01-02T16:24:00Z,1
TX-0E7FC2D1428E,pq1b0fd919e01e84830b4a7f4a3030a,bc1ff2cbb6af26b4f5caa275e4f2022,0.998899,FALCON-512,666,0.372,0.124,2026-01-02T16:48:00Z,1
TX-70BDF2C84E0E,pq11c74f53296c54368abe4542c41c0,pq1693caa8a2f22449ebf5b287dfb6c,1.440541,SLH-DSA-128f,17088,9.572,2.297,2026-01-02T17:12:00Z,1
TX-89A51CB4657D,pq1693caa8a2f22449ebf5b287dfb6c,pq1f4ab2ca7bcb643c6b21fa5644102,1.390692,ML-DSA-65,3309,0.782,0.293,2026-01-02T17:36:00Z,1
TX-6051EE00F65C,pq1496afe564cd747068b2b3a293d9b,bc122cb9f6c669c4fb9b446f88678b2,0.497261,FALCON-512,666,0.349,0.116,2026-01-02T18:00:00Z,1
TX-50C69BFF722D,pq1f4ab2ca7bcb643c6b21fa5644102,pq1693caa8a2f22449ebf5b287dfb6c,0.131591,ML-DSA-65,3309,0.986,0.37,2026-01-02T18:24:00Z,1
TX-4B29D9E2A79A,pq11c74f53296c54368abe4542c41c0,pq1b0fd919e01e84830b4a7f4a3030a,0.113262,SLH-DSA-128f,17088,8.534,2.048,2026-01-02T18:48:00Z,1
TX-610DA08497D5,pq1693caa8a2f22449ebf5b287dfb6c,pq1b0fd919e01e84830b4a7f4a3030a,1.776539,ML-DSA-65,3309,0.985,0.37,2026-01-02T19:12:00Z,1
TX-9421A5C816CA,pq15c87ba841c844d41ae9a999671f7,pq11c74f53296c54368abe4542c41c0,1.200485,ML-DSA-65,3309,0.855,0.321,2026-01-02T19:36:00Z,1
TX-941031C8F5B3,pq11c74f53296c54368abe4542c41c0,pq1b0fd919e01e84830b4a7f4a3030a,1.875582,SLH-DSA-128f,17088,8.607,2.066,2026-01-02T20:00:00Z,1
TX-3D29DC843737,pq1693caa8a2f22449ebf5b287dfb6c,pq1f4ab2ca7bcb643c6b21fa5644102,0.859387,ML-DSA-65,3309,0.882,0.331,2026-01-02T20:24:00Z,1
TX-83655C0D6434,pq1dadadc94bda84ce9b4cd7f6994cc,pq1693caa8a2f22449ebf5b287dfb6c,0.617711,SLH-DSA-128f,17088,7.105,1.705,2026-01-02T20:48:00Z,1
TX-C8D51535FA05,bc122cb9f6c669c4fb9b446f88678b2,pq1f4ab2ca7bcb643c6b21fa5644102,0.914928,ECDSA-P256,72,0.076,0.151,2026-01-02T21:12:00Z,1
TX-9DDD6F5ED1C3,pq11c74f53296c54368abe4542c41c0,bc1ff2cbb6af26b4f5caa275e4f2022,1.54094,SLH-DSA-128f,17088,6.092,1.462,2026-01-02T21:36:00Z,1
TX-6F47B1A9CAD8,bc150fc35db83ca456c89bea8a3fbca,bc1ff2cbb6af26b4f5caa275e4f2022,1.822816,ECDSA-P256,72,0.07,0.14,2026-01-02T22:00:00Z,1
TX-A330C8AD0B48,bc122cb9f6c669c4fb9b446f88678b2,pq11c74f53296c54368abe4542c41c0,0.482297,ECDSA-P256,72,0.063,0.126,2026-01-02T22:24:00Z,1
TX-5A060A14A0D1,pq1dadadc94bda84ce9b4cd7f6994cc,bc1ff2cbb6af26b4f5caa275e4f2022,0.071178,SLH-DSA-128f,17088,6.452,1.548,2026-01-02T22:48:00Z,1
TX-3199811EF020,bc122cb9f6c669c4fb9b446f88678b2,pq1f4ab2ca7bcb643c6b21fa5644102,0.151266,ECDSA-P256,72,0.078,0.157,2026-01-02T23:12:00Z,1
TX-120988657422,pq1f4ab2ca7bcb643c6b21fa5644102,pq11c74f53296c54368abe4542c41c0,0.972013,ML-DSA-65,3309,0.998,0.374,2026-01-02T23:36:00Z,1
TX-D616B89D15EC,pq1693caa8a2f22449ebf5b287dfb6c,bc122cb9f6c669c4fb9b446f88678b2,1.432907,ML-DSA-65,3309,0.864,0.324,2026-01-03T00:00:00Z,1
TX-3E143E382F0E,pq15c87ba841c844d41ae9a999671f7,bc150fc35db83ca456c89bea8a3fbca,0.68981,ML-DSA-65,3309,0.994,0.373,2026-01-03T00:24:00Z,1
TX-BD06971AA588,pq1dadadc94bda84ce9b4cd7f6994cc,pq1f4ab2ca7bcb643c6b21fa5644102,1.900926,SLH-DSA-128f,17088,8.679,2.083,2026-01-03T00:48:00Z,1
TX-A73DBE8FFAF2,pq1693caa8a2f22449ebf5b287dfb6c,pq11c74f53296c54368abe4542c41c0,1.166392,ML-DSA-65,3309,0.676,0.253,2026-01-03T01:12:00Z,1
TX-5E8B567E060A,bc1ff2cbb6af26b4f5caa275e4f2022,pq1dadadc94bda84ce9b4cd7f6994cc,0.993793,ECDSA-P256,72,0.077,0.155,2026-01-03T01:36:00Z,1
TX-8F2893C7904B,bc150fc35db83ca456c89bea8a3fbca,pq1dadadc94bda84ce9b4cd7f6994cc,0.155528,ECDSA-P256,72,0.059,0.118,2026-01-03T02:00:00Z,1
TX-1083C80CA3B0,pq1b0fd919e01e84830b4a7f4a3030a,pq1496afe564cd747068b2b3a293d9b,0.094763,FALCON-512,666,0.241,0.08,2026-01-03T02:24:00Z,1
TX-F72C38D413B8,pq1496afe564cd747068b2b3a293d9b,bc1ff2cbb6af26b4f5caa275e4f2022,0.244374,FALCON-512,666,0.278,0.093,2026-01-03T02:48:00Z,1
TX-01B845739B2C,pq15c87ba841c844d41ae9a999671f7,bc122cb9f6c669c4fb9b446f88678b2,0.942158,ML-DSA-65,3309,0.785,0.294,2026-01-03T03:12:00Z,1
TX-3BC125EB5FE7,bc150fc35db83ca456c89bea8a3fbca,pq15c87ba841c844d41ae9a999671f7,0.583758,ECDSA-P256,72,0.049,0.099,2026-01-03T03:36:00Z,1
TX-B88B5C23C206,pq1dadadc94bda84ce9b4cd7f6994cc,bc122cb9f6c669c4fb9b446f88678b2,0.267208,SLH-DSA-128f,17088,10.104,2.425,2026-01-03T04:00:00Z,1
TX-372F4624765A,bc122cb9f6c669c4fb9b446f88678b2,pq15c87ba841c844d41ae9a999671f7,1.501887,ECDSA-P256,72,0.054,0.107,2026-01-03T04:24:00Z,1
TX-3FCCF1A76891,pq1dadadc94bda84ce9b4cd7f6994cc,pq1b0fd919e01e84830b4a7f4a3030a,1.446173,SLH-DSA-128f,17088,7.347,1.763,2026-01-03T04:48:00Z,1
TX-F8AEE4F8C991,bc122cb9f6c669c4fb9b446f88678b2,pq1f4ab2ca7bcb643c6b21fa5644102,0.337857,ECDSA-P256,72,0.059,0.119,2026-01-03T05:12:00Z,1
TX-053B25D42508,bc1ff2cbb6af26b4f5caa275e4f2022,pq15c87ba841c844d41ae9a999671f7,1.187733,ECDSA-P256,72,0.077,0.153,2026-01-03T05:36:00Z,1
TX-08F7A396725B,bc150fc35db83ca456c89bea8a3fbca,bc1ff2cbb6af26b4f5caa275e4f2022,1.47613,ECDSA-P256,72,0.048,0.097,2026-01-03T06:00:00Z,1
TX-4A9DFC284789,bc1ff2cbb6af26b4f5caa275e4f2022,pq1f4ab2ca7bcb643c6b21fa5644102,1.463533,ECDSA-P256,72,0.068,0.136,2026-01-03T06:24:00Z,1
TX-D4F0A1ED7DED,pq1dadadc94bda84ce9b4cd7f6994cc,pq1693caa8a2f22449ebf5b287dfb6c,0.589241,SLH-DSA-128f,17088,7.991,1.918,2026-01-03T06:48:00Z,1
TX-7745DE39232B,pq1f4ab2ca7bcb643c6b21fa5644102,pq1dadadc94bda84ce9b4cd7f6994cc,0.454961,ML-DSA-65,3309,0.776,0.291,2026-01-03T07:12:00Z,1
TX-E1928A659FFD,pq1496afe564cd747068b2b3a293d9b,pq1b0fd919e01e84830b4a7f4a3030a,0.412977,FALCON-512,666,0.259,0.086,2026-01-03T07:36:00Z,1
TX-EF6EA9133FE6,pq11c74f53296c54368abe4542c41c0,pq1f4ab2ca7bcb643c6b21fa5644102,0.692563,SLH-DSA-128f,17088,10.364,2.487,2026-01-03T08:00:00Z,1
TX-95077ACF8C35,pq1693caa8a2f22449ebf5b287dfb6c,bc150fc35db83ca456c89bea8a3fbca,0.158073,ML-DSA-65,3309,0.793,0.297,2026-01-03T08:24:00Z,1
TX-2D6DDD0158E8,pq1dadadc94bda84ce9b4cd7f6994cc,pq1496afe564cd747068b2b3a293d9b,0.775018,SLH-DSA-128f,17088,9.095,2.183,2026-01-03T08:48:00Z,1
TX-E75384EBFF10,pq1693caa8a2f22449ebf5b287dfb6c,pq1dadadc94bda84ce9b4cd7f6994cc,0.523264,ML-DSA-65,3309,0.884,0.331,2026-01-03T09:12:00Z,1
TX-D709C4CBE417,pq1dadadc94bda84ce9b4cd7f6994cc,pq1496afe564cd747068b2b3a293d9b,1.062883,SLH-DSA-128f,17088,8.458,2.03,2026-01-03T09:36:00Z,1
TX-80730D057BE4,pq1f4ab2ca7bcb643c6b21fa5644102,pq15c87ba841c844d41ae9a999671f7,1.429438,ML-DSA-65,3309,0.955,0.358,2026-01-03T10:00:00Z,1
TX-180467E050E0,pq15c87ba841c844d41ae9a999671f7,pq1693caa8a2f22449ebf5b287dfb6c,1.766516,ML-DSA-65,3309,0.84,0.315,2026-01-03T10:24:00Z,1
TX-94571FFECA2D,pq1dadadc94bda84ce9b4cd7f6994cc,pq11c74f53296c54368abe4542c41c0,0.427312,SLH-DSA-128f,17088,6.484,1.556,2026-01-03T10:48:00Z,1
TX-6B4BF65E678F,pq1dadadc94bda84ce9b4cd7f6994cc,bc150fc35db83ca456c89bea8a3fbca,1.436947,SLH-DSA-128f,17088,6.467,1.552,2026-01-03T11:12:00Z,1
TX-31B9730E43C9,pq1dadadc94bda84ce9b4cd7f6994cc,pq1693caa8a2f22449ebf5b287dfb6c,1.040067,SLH-DSA-128f,17088,8.201,1.968,2026-01-03T11:36:00Z,1
TX-722381556E1C,pq1693caa8a2f22449ebf5b287dfb6c,pq1f4ab2ca7bcb643c6b21fa5644102,0.897729,ML-DSA-65,3309,1.054,0.395,2026-01-03T12:00:00Z,1
TX-C7029EA514CD,pq15c87ba841c844d41ae9a999671f7,pq1b0fd919e01e84830b4a7f4a3030a,0.995689,ML-DSA-65,3309,1.035,0.388,2026-01-03T12:24:00Z,1
TX-09F1FB4A6AF6,pq11c74f53296c54368abe4542c41c0,pq15c87ba841c844d41ae9a999671f7,1.44542,SLH-DSA-128f,17088,9.068,2.176,2026-01-03T12:48:00Z,1
TX-95BE6291C60E,bc1ff2cbb6af26b4f5caa275e4f2022,pq11c74f53296c54368abe4542c41c0,1.873978,ECDSA-P256,72,0.05,0.099,2026-01-03T13:12:00Z,1
TX-02683DA5F55C,pq1b0fd919e01e84830b4a7f4a3030a,bc1ff2cbb6af26b4f5caa275e4f2022,1.724655,FALCON-512,666,0.403,0.134,2026-01-03T13:36:00Z,1
TX-84C6528BF1F2,pq1496afe564cd747068b2b3a293d9b,pq1f4ab2ca7bcb643c6b21fa5644102,0.75983,FALCON-512,666,0.272,0.091,2026-01-03T14:00:00Z,1
TX-73155D877799,pq1dadadc94bda84ce9b4cd7f6994cc,pq1f4ab2ca7bcb643c6b21fa5644102,0.519657,SLH-DSA-128f,17088,6.088,1.461,2026-01-03T14:24:00Z,1
TX-F73C4ED19779,pq1b0fd919e01e84830b4a7f4a3030a,pq1f4ab2ca7bcb643c6b21fa5644102,0.018219,FALCON-512,666,0.392,0.131,2026-01-03T14:48:00Z,1
TX-2DC44B9C8EE2,pq1b0fd919e01e84830b4a7f4a3030a,pq11c74f53296c54368abe4542c41c0,0.907691,FALCON-512,666,0.419,0.14,2026-01-03T15:12:00Z,1
TX-B8583BC86D47,pq11c74f53296c54368abe4542c41c0,pq15c87ba841c844d41ae9a999671f7,1.582782,SLH-DSA-128f,17088,6.481,1.555,2026-01-03T15:36:00Z,1
TX-CEB0AEA17E82,pq1f4ab2ca7bcb643c6b21fa5644102,pq1dadadc94bda84ce9b4cd7f6994cc,1.795735,ML-DSA-65,3309,0.92,0.345,2026-01-03T16:00:00Z,1
TX-2B6D270A2FA5,bc122cb9f6c669c4fb9b446f88678b2,pq1496afe564cd747068b2b3a293d9b,0.12692,ECDSA-P256,72,0.082,0.163,2026-01-03T16:24:00Z,1
TX-4A08B81BDF11,bc1ff2cbb6af26b4f5caa275e4f2022,pq1693caa8a2f22449ebf5b287dfb6c,0.225099,ECDSA-P256,72,0.055,0.111,2026-01-03T16:48:00Z,0
TX-626AA89106CB,pq1f4ab2ca7bcb643c6b21fa5644102,pq1496afe564cd747068b2b3a293d9b,0.58931,ML-DSA-65,3309,0.658,0.247,2026-01-03T17:12:00Z,1
TX-1D3D54E1A749,pq11c74f53296c54368abe4542c41c0,pq15c87ba841c844d41ae9a999671f7,1.682826,SLH-DSA-128f,17088,8.237,1.977,2026-01-03T17:36:00Z,1
TX-9449A9CD8F15,bc1ff2cbb6af26b4f5caa275e4f2022,pq1496afe564cd747068b2b3a293d9b,0.830085,ECDSA-P256,72,0.067,0.134,2026-01-03T18:00:00Z,1
TX-395E70B792C2,bc1ff2cbb6af26b4f5caa275e4f2022,pq1dadadc94bda84ce9b4cd7f6994cc,1.846236,ECDSA-P256,72,0.054,0.107,2026-01-03T18:24:00Z,1
TX-285B55EFB4AC,pq1f4ab2ca7bcb643c6b21fa5644102,pq1496afe564cd747068b2b3a293d9b,0.848275,ML-DSA-65,3309,0.74,0.278,2026-01-03T18:48:00Z,1
TX-9F17842B461C,bc1ff2cbb6af26b4f5caa275e4f2022,pq15c87ba841c844d41ae9a999671f7,1.894851,ECDSA-P256,72,0.063,0.127,2026-01-03T19:12:00Z,1
TX-551A2EB7BBE7,bc122cb9f6c669c4fb9b446f88678b2,pq1496afe564cd747068b2b3a293d9b,1.777894,ECDSA-P256,72,0.063,0.125,2026-01-03T19:36:00Z,1
TX-39E7DD82C2DB,bc122cb9f6c669c4fb9b446f88678b2,pq15c87ba841c844d41ae9a999671f7,1.860765,ECDSA-P256,72,0.058,0.116,2026-01-03T20:00:00Z,1
TX-0EFD77FC65CB,pq1693caa8a2f22449ebf5b287dfb6c,pq1dadadc94bda84ce9b4cd7f6994cc,0.106307,ML-DSA-65,3309,0.679,0.255,2026-01-03T20:24:00Z,1
TX-3654B0F8497D,pq1b0fd919e01e84830b4a7f4a3030a,pq1f4ab2ca7bcb643c6b21fa5644102,0.039988,FALCON-512,666,0.34,0.113,2026-01-03T20:48:00Z,1
TX-D7864BE9F790,pq1b0fd919e01e84830b4a7f4a3030a,bc122cb9f6c669c4fb9b446f88678b2,1.924195,FALCON-512,666,0.242,0.081,2026-01-03T21:12:00Z,1
TX-2F4793100810,bc122cb9f6c669c4fb9b446f88678b2,bc150fc35db83ca456c89bea8a3fbca,1.710729,ECDSA-P256,72,0.053,0.105,2026-01-03T21:36:00Z,1
TX-16279154097A,pq1693caa8a2f22449ebf5b287dfb6c,pq1496afe564cd747068b2b3a293d9b,0.889108,ML-DSA-65,3309,1.099,0.412,2026-01-03T22:00:00Z,1
TX-396C7B5D26D4,pq1b0fd919e01e84830b4a7f4a3030a,bc122cb9f6c669c4fb9b446f88678b2,0.971619,FALCON-512,666,0.404,0.135,2026-01-03T22:24:00Z,1
TX-783CA8618ADA,pq1496afe564cd747068b2b3a293d9b,bc150fc35db83ca456c89bea8a3fbca,0.368115,FALCON-512,666,0.273,0.091,2026-01-03T22:48:00Z,1
TX-43BFF33840FA,pq15c87ba841c844d41ae9a999671f7,bc150fc35db83ca456c89bea8a3fbca,0.084514,ML-DSA-65,3309,0.893,0.335,2026-01-03T23:12:00Z,1
TX-584B93EA6B79,bc1ff2cbb6af26b4f5caa275e4f2022,pq15c87ba841c844d41ae9a999671f7,1.244949,ECDSA-P256,72,0.071,0.142,2026-01-03T23:36:00Z,1
TX-A3F0CB5419C2,pq1b0fd919e01e84830b4a7f4a3030a,bc1ff2cbb6af26b4f5caa275e4f2022,0.653464,FALCON-512,666,0.341,0.114,2026-01-04T00:00:00Z,1
TX-A656FB5CB469,pq11c74f53296c54368abe4542c41c0,bc122cb9f6c669c4fb9b446f88678b2,1.065722,SLH-DSA-128f,17088,6.597,1.583,2026-01-04T00:24:00Z,1
TX-7CCC1F4A36C1,pq1693caa8a2f22449ebf5b287dfb6c,pq1496afe564cd747068b2b3a293d9b,0.93924,ML-DSA-65,3309,1.099,0.412,2026-01-04T00:48:00Z,1
TX-B64DD3DFC479,pq1f4ab2ca7bcb643c6b21fa5644102,bc122cb9f6c669c4fb9b446f88678b2,1.390408,ML-DSA-65,3309,0.938,0.352,2026-01-04T01:12:00Z,1
TX-44989115FEBD,pq1496afe564cd747068b2b3a293d9b,pq1f4ab2ca7bcb643c6b21fa5644102,1.803794,FALCON-512,666,0.325,0.108,2026-01-04T01:36:00Z,1
TX-EF87D0986137,pq15c87ba841c844d41ae9a999671f7,bc1ff2cbb6af26b4f5caa275e4f2022,1.180843,ML-DSA-65,3309,0.867,0.325,2026-01-04T02:00:00Z,1
TX-7E4669F6B862,pq11c74f53296c54368abe4542c41c0,pq15c87ba841c844d41ae9a999671f7,0.5807,SLH-DSA-128f,17088,10.027,2.406,2026-01-04T02:24:00Z,1
TX-C12615F4BF6C,bc1ff2cbb6af26b4f5caa275e4f2022,pq15c87ba841c844d41ae9a999671f7,1.066371,ECDSA-P256,72,0.063,0.126,2026-01-04T02:48:00Z,1
TX-F1D16455497A,pq1f4ab2ca7bcb643c6b21fa5644102,pq11c74f53296c54368abe4542c41c0,0.4811,ML-DSA-65,3309,1.011,0.379,2026-01-04T03:12:00Z,1
TX-693B80ED6C2A,pq1dadadc94bda84ce9b4cd7f6994cc,pq11c74f53296c54368abe4542c41c0,1.224089,SLH-DSA-128f,17088,9.784,2.348,2026-01-04T03:36:00Z,1
TX-DDC870424483,pq11c74f53296c54368abe4542c41c0,pq15c87ba841c844d41ae9a999671f7,1.389924,SLH-DSA-128f,17088,9.601,2.304,2026-01-04T04:00:00Z,1
TX-035B3A96C96C,bc150fc35db83ca456c89bea8a3fbca,pq1496afe564cd747068b2b3a293d9b,1.025449,ECDSA-P256,72,0.082,0.164,2026-01-04T04:24:00Z,1
TX-CDB2D730DBE4,pq1b0fd919e01e84830b4a7f4a3030a,bc122cb9f6c669c4fb9b446f88678b2,1.488255,FALCON-512,666,0.345,0.115,2026-01-04T04:48:00Z,1
TX-F38E6E7DA663,pq1dadadc94bda84ce9b4cd7f6994cc,pq11c74f53296c54368abe4542c41c0,1.69046,SLH-DSA-128f,17088,7.131,1.711,2026-01-04T05:12:00Z,0
TX-B212305C9F0F,pq1693caa8a2f22449ebf5b287dfb6c,pq1dadadc94bda84ce9b4cd7f6994cc,0.64942,ML-DSA-65,3309,0.981,0.368,2026-01-04T05:36:00Z,1
TX-EC3C6F023BD5,bc122cb9f6c669c4fb9b446f88678b2,pq1f4ab2ca7bcb643c6b21fa5644102,1.834386,ECDSA-P256,72,0.07,0.14,2026-01-04T06:00:00Z,1
TX-5014F13220A7,pq11c74f53296c54368abe4542c41c0,pq1dadadc94bda84ce9b4cd7f6994cc,1.155718,SLH-DSA-128f,17088,6.71,1.61,2026-01-04T06:24:00Z,1
TX-CBEA4D79505F,pq1b0fd919e01e84830b4a7f4a3030a,bc150fc35db83ca456c89bea8a3fbca,1.311955,FALCON-512,666,0.332,0.111,2026-01-04T06:48:00Z,1
TX-4E7BAEB493C5,pq1dadadc94bda84ce9b4cd7f6994cc,pq1b0fd919e01e84830b4a7f4a3030a,1.999369,SLH-DSA-128f,17088,9.089,2.181,2026-01-04T07:12:00Z,1
TX-9B9AB94727DC,pq1496afe564cd747068b2b3a293d9b,bc1ff2cbb6af26b4f5caa275e4f2022,0.588238,FALCON-512,666,0.359,0.12,2026-01-04T07:36:00Z,1
TX-F70CBF2CDD37,bc122cb9f6c669c4fb9b446f88678b2,pq1dadadc94bda84ce9b4cd7f6994cc,1.43196,ECDSA-P256,72,0.083,0.166,2026-01-04T08:00:00Z,1
TX-7DB727F27BAD,pq1f4ab2ca7bcb643c6b21fa5644102,pq15c87ba841c844d41ae9a999671f7,1.295442,ML-DSA-65,3309,0.959,0.359,2026-01-04T08:24:00Z,1
TX-79E406709F0E,pq15c87ba841c844d41ae9a999671f7,pq11c74f53296c54368abe4542c41c0,1.391765,ML-DSA-65,3309,0.799,0.3,2026-01-04T08:48:00Z,1
TX-FF7994F5AA26,bc1ff2cbb6af26b4f5caa275e4f2022,pq1b0fd919e01e84830b4a7f4a3030a,0.35349,ECDSA-P256,72,0.059,0.119,2026-01-04T09:12:00Z,1
TX-D5FEF2B65D94,pq1496afe564cd747068b2b3a293d9b,bc122cb9f6c669c4fb9b446f88678b2,0.78475,FALCON-512,666,0.397,0.132,2026-01-04T09:36:00Z,1
TX-0676B2C755BD,pq1dadadc94bda84ce9b4cd7f6994cc,pq1f4ab2ca7bcb643c6b21fa5644102,1.783491,SLH-DSA-128f,17088,8.673,2.082,2026-01-04T10:00:00Z,1
TX-471BEB2F9918,bc122cb9f6c669c4fb9b446f88678b2,pq1f4ab2ca7bcb643c6b21fa5644102,0.190107,ECDSA-P256,72,0.083,0.166,2026-01-04T10:24:00Z,1
TX-3DE651589A31,pq1496afe564cd747068b2b3a293d9b,pq1f4ab2ca7bcb643c6b21fa5644102,0.088617,FALCON-512,666,0.282,0.094,2026-01-04T10:48:00Z,1
TX-BD8B78669926,pq1496afe564cd747068b2b3a293d9b,pq1f4ab2ca7bcb643c6b21fa5644102,0.853711,FALCON-512,666,0.322,0.107,2026-01-04T11:12:00Z,1
TX-D60069755B6F,bc122cb9f6c669c4fb9b446f88678b2,bc150fc35db83ca456c89bea8a3fbca,0.683358,ECDSA-P256,72,0.084,0.168,2026-01-04T11:36:00Z,1
TX-9202BBA733A9,bc122cb9f6c669c4fb9b446f88678b2,bc150fc35db83ca456c89bea8a3fbca,0.668842,ECDSA-P256,72,0.059,0.118,2026-01-04T12:00:00Z,1
TX-914B9952B510,pq1693caa8a2f22449ebf5b287dfb6c,bc1ff2cbb6af26b4f5caa275e4f2022,0.252744,ML-DSA-65,3309,0.726,0.272,2026-01-04T12:24:00Z,1
TX-A8FC53ADFCC2,bc150fc35db83ca456c89bea8a3fbca,pq1dadadc94bda84ce9b4cd7f6994cc,0.353421,ECDSA-P256,72,0.056,0.111,2026-01-04T12:48:00Z,1
TX-5E690E932F0B,pq11c74f53296c54368abe4542c41c0,bc1ff2cbb6af26b4f5caa275e4f2022,1.123902,SLH-DSA-128f,17088,8.26,1.982,2026-01-04T13:12:00Z,1
TX-FC3498B2F77B,pq15c87ba841c844d41ae9a999671f7,bc1ff2cbb6af26b4f5caa275e4f2022,0.220587,ML-DSA-65,3309,0.854,0.32,2026-01-04T13:36:00Z,1
TX-C6E53AD70251,bc122cb9f6c669c4fb9b446f88678b2,pq1b0fd919e01e84830b4a7f4a3030a,0.498966,ECDSA-P256,72,0.078,0.156,2026-01-04T14:00:00Z,1
TX-EC5949ADF280,pq1f4ab2ca7bcb643c6b21fa5644102,pq15c87ba841c844d41ae9a999671f7,0.057085,ML-DSA-65,3309,1.064,0.399,2026-01-04T14:24:00Z,1
TX-01E4D4B26075,bc150fc35db83ca456c89bea8a3fbca,bc122cb9f6c669c4fb9b446f88678b2,0.234285,ECDSA-P256,72,0.058,0.117,2026-01-04T14:48:00Z,1
TX-8BE7CC1A315B,pq1496afe564cd747068b2b3a293d9b,pq11c74f53296c54368abe4542c41c0,0.132396,FALCON-512,666,0.3,0.1,2026-01-04T15:12:00Z,1
TX-0ACD9A804D78,pq1f4ab2ca7bcb643c6b21fa5644102,pq1dadadc94bda84ce9b4cd7f6994cc,1.149047,ML-DSA-65,3309,0.803,0.301,2026-01-04T15:36:00Z,1
TX-926248D57A07,pq15c87ba841c844d41ae9a999671f7,pq1dadadc94bda84ce9b4cd7f6994cc,0.096784,ML-DSA-65,3309,0.718,0.269,2026-01-04T16:00:00Z,1
TX-A4E2B3353F21,pq1b0fd919e01e84830b4a7f4a3030a,pq1496afe564cd747068b2b3a293d9b,0.002302,FALCON-512,666,0.419,0.14,2026-01-04T16:24:00Z,1
TX-65AC48A3B132,pq11c74f53296c54368abe4542c41c0,pq1496afe564cd747068b2b3a293d9b,0.186728,SLH-DSA-128f,17088,6.487,1.557,2026-01-04T16:48:00Z,1
TX-9705CBFE9558,pq15c87ba841c844d41ae9a999671f7,pq1496afe564cd747068b2b3a293d9b,0.60479,ML-DSA-65,3309,0.867,0.325,2026-01-04T17:12:00Z,1
TX-F3239BF6E0B7,bc150fc35db83ca456c89bea8a3fbca,pq11c74f53296c54368abe4542c41c0,1.328606,ECDSA-P256,72,0.076,0.151,2026-01-04T17:36:00Z,1
TX-BAA76CFE861F,bc150fc35db83ca456c89bea8a3fbca,pq1f4ab2ca7bcb643c6b21fa5644102,1.346917,ECDSA-P256,72,0.064,0.128,2026-01-04T18:00:00Z,1
TX-C1C168F0CFC2,pq1f4ab2ca7bcb643c6b21fa5644102,pq15c87ba841c844d41ae9a999671f7,1.824402,ML-DSA-65,3309,0.897,0.336,2026-01-04T18:24:00Z,1
TX-C30DC8CF61A8,pq1496afe564cd747068b2b3a293d9b,bc1ff2cbb6af26b4f5caa275e4f2022,1.321752,FALCON-512,666,0.375,0.125,2026-01-04T18:48:00Z,1
TX-9223C70DE33D,bc122cb9f6c669c4fb9b446f88678b2,pq1496afe564cd747068b2b3a293d9b,0.92598,ECDSA-P256,72,0.074,0.148,2026-01-04T19:12:00Z,1
TX-02ED23D5D3B8,bc1ff2cbb6af26b4f5caa275e4f2022,bc150fc35db83ca456c89bea8a3fbca,0.567016,ECDSA-P256,72,0.074,0.149,2026-01-04T19:36:00Z,1
TX-CD095E4D607D,pq1693caa8a2f22449ebf5b287dfb6c,pq15c87ba841c844d41ae9a999671f7,1.818632,ML-DSA-65,3309,1.117,0.419,2026-01-04T20:00:00Z,1
TX-6A5F96D65733,bc122cb9f6c669c4fb9b446f88678b2,pq15c87ba841c844d41ae9a999671f7,0.395875,ECDSA-P256,72,0.066,0.133,2026-01-04T20:24:00Z,1
TX-57D1106B706E,bc150fc35db83ca456c89bea8a3fbca,pq1f4ab2ca7bcb643c6b21fa5644102,1.20671,ECDSA-P256,72,0.052,0.105,2026-01-04T20:48:00Z,1
TX-C59378689E7B,pq1b0fd919e01e84830b4a7f4a3030a,pq1f4ab2ca7bcb643c6b21fa5644102,1.68683,FALCON-512,666,0.338,0.113,2026-01-04T21:12:00Z,1
TX-23B5033CCCCA,bc1ff2cbb6af26b4f5caa275e4f2022,pq11c74f53296c54368abe4542c41c0,1.194867,ECDSA-P256,72,0.063,0.126,2026-01-04T21:36:00Z,1
TX-32EFA54EE0D0,pq11c74f53296c54368abe4542c41c0,pq1f4ab2ca7bcb643c6b21fa5644102,0.522278,SLH-DSA-128f,17088,7.492,1.798,2026-01-04T22:00:00Z,1
TX-C79856304C9B,pq1496afe564cd747068b2b3a293d9b,bc150fc35db83ca456c89bea8a3fbca,0.413502,FALCON-512,666,0.262,0.087,2026-01-04T22:24:00Z,1
TX-AB712FAD2DFC,pq1dadadc94bda84ce9b4cd7f6994cc,pq11c74f53296c54368abe4542c41c0,1.440717,SLH-DSA-128f,17088,7.647,1.835,2026-01-04T22:48:00Z,1
TX-B0DE0C111B82,pq1f4ab2ca7bcb643c6b21fa5644102,pq1496afe564cd747068b2b3a293d9b,1.978271,ML-DSA-65,3309,0.64,0.24,2026-01-04T23:12:00Z,1
TX-E4595512469C,bc1ff2cbb6af26b4f5caa275e4f2022,pq1b0fd919e01e84830b4a7f4a3030a,0.094225,ECDSA-P256,72,0.067,0.134,2026-01-04T23:36:00Z,1
TX-A983A99956F8,pq11c74f53296c54368abe4542c41c0,bc122cb9f6c669c4fb9b446f88678b2,0.311229,SLH-DSA-128f,17088,9.071,2.177,2026-01-05T00:00:00Z,1
TX-3705AD1F3DFA,pq15c87ba841c844d41ae9a999671f7,pq1496afe564cd747068b2b3a293d9b,0.906453,ML-DSA-65,3309,1.097,0.412,2026-01-05T00:24:00Z,1
TX-0997611BD5E7,bc150fc35db83ca456c89bea8a3fbca,pq1b0fd919e01e84830b4a7f4a3030a,1.111031,ECDSA-P256,72,0.064,0.128,2026-01-05T00:48:00Z,1
TX-FE9D5C311532,pq11c74f53296c54368abe4542c41c0,pq1693caa8a2f22449ebf5b287dfb6c,1.668855,SLH-DSA-128f,17088,9.642,2.314,2026-01-05T01:12:00Z,1
TX-FB48834ED877,bc150fc35db83ca456c89bea8a3fbca,pq1f4ab2ca7bcb643c6b21fa5644102,0.348937,ECDSA-P256,72,0.081,0.162,2026-01-05T01:36:00Z,1
TX-D83599BACA7D,bc1ff2cbb6af26b4f5caa275e4f2022,pq1693caa8a2f22449ebf5b287dfb6c,1.930295,ECDSA-P256,72,0.07,0.14,2026-01-05T02:00:00Z,1
TX-FEFF04D6CB3D,bc150fc35db83ca456c89bea8a3fbca,pq1496afe564cd747068b2b3a293d9b,0.311873,ECDSA-P256,72,0.066,0.133,2026-01-05T02:24:00Z,1
TX-A01A9F46895D,pq15c87ba841c844d41ae9a999671f7,pq1f4ab2ca7bcb643c6b21fa5644102,0.688923,ML-DSA-65,3309,0.863,0.324,2026-01-05T02:48:00Z,1
TX-656DD7FAA2F4,pq1693caa8a2f22449ebf5b287dfb6c,pq15c87ba841c844d41ae9a999671f7,1.020486,ML-DSA-65,3309,0.82,0.308,2026-01-05T03:12:00Z,1
TX-C561013E1987,pq1f4ab2ca7bcb643c6b21fa5644102,pq1496afe564cd747068b2b3a293d9b,1.555556,ML-DSA-65,3309,0.778,0.292,2026-01-05T03:36:00Z,1
TX-DC9BA176F7C5,pq1496afe564cd747068b2b3a293d9b,pq1693caa8a2f22449ebf5b287dfb6c,1.7024,FALCON-512,666,0.283,0.094,2026-01-05T04:00:00Z,1
TX-203E53D98657,pq1693caa8a2f22449ebf5b287dfb6c,bc122cb9f6c669c4fb9b446f88678b2,0.131037,ML-DSA-65,3309,0.725,0.272,2026-01-05T04:24:00Z,1
TX-966868D9D044,pq11c74f53296c54368abe4542c41c0,pq1693caa8a2f22449ebf5b287dfb6c,1.544198,SLH-DSA-128f,17088,6.767,1.624,2026-01-05T04:48:00Z,1
TX-8975004BAAF1,bc122cb9f6c669c4fb9b446f88678b2,pq1dadadc94bda84ce9b4cd7f6994cc,0.903083,ECDSA-P256,72,0.082,0.164,2026-01-05T05:12:00Z,1
TX-02F40BBFE8CE,pq1dadadc94bda84ce9b4cd7f6994cc,bc122cb9f6c669c4fb9b446f88678b2,0.792247,SLH-DSA-128f,17088,10.302,2.472,2026-01-05T05:36:00Z,1
TX-A302BF874E0B,pq11c74f53296c54368abe4542c41c0,pq1dadadc94bda84ce9b4cd7f6994cc,1.282443,SLH-DSA-128f,17088,7.575,1.818,2026-01-05T06:00:00Z,1
TX-A83F1BCD86CF,pq11c74f53296c54368abe4542c41c0,pq1f4ab2ca7bcb643c6b21fa5644102,0.885924,SLH-DSA-128f,17088,7.655,1.837,2026-01-05T06:24:00Z,1
TX-0CD454DB61DB,bc150fc35db83ca456c89bea8a3fbca,pq11c74f53296c54368abe4542c41c0,0.859966,ECDSA-P256,72,0.056,0.112,2026-01-05T06:48:00Z,1
TX-EB766AD5D2E6,pq1f4ab2ca7bcb643c6b21fa5644102,bc1ff2cbb6af26b4f5caa275e4f2022,0.439835,ML-DSA-65,3309,0.992,0.372,2026-01-05T07:12:00Z,1
TX-D6A4B702877E,bc122cb9f6c669c4fb9b446f88678b2,pq1f4ab2ca7bcb643c6b21fa5644102,0.509034,ECDSA-P256,72,0.056,0.111,2026-01-05T07:36:00Z,1
TX-AFB85AB435BD,pq1693caa8a2f22449ebf5b287dfb6c,pq1dadadc94bda84ce9b4cd7f6994cc,0.321565,ML-DSA-65,3309,0.9,0.337,2026-01-05T08:00:00Z,1
TX-AFFC52A40398,pq1dadadc94bda84ce9b4cd7f6994cc,pq1496afe564cd747068b2b3a293d9b,0.898013,SLH-DSA-128f,17088,7.661,1.839,2026-01-05T08:24:00Z,1
TX-C78B74312E09,bc122cb9f6c669c4fb9b446f88678b2,pq1496afe564cd747068b2b3a293d9b,1.609094,ECDSA-P256,72,0.052,0.103,2026-01-05T08:48:00Z,1
TX-7F1A82B2B669,pq1f4ab2ca7bcb643c6b21fa5644102,bc122cb9f6c669c4fb9b446f88678b2,1.736456,ML-DSA-65,3309,1.055,0.396,2026-01-05T09:12:00Z,0
TX-60D507F8D9C9,pq1693caa8a2f22449ebf5b287dfb6c,pq1dadadc94bda84ce9b4cd7f6994cc,0.103975,ML-DSA-65,3309,1.049,0.394,2026-01-05T09:36:00Z,1
TX-CC3B15566537,pq1dadadc94bda84ce9b4cd7f6994cc,pq1693caa8a2f22449ebf5b287dfb6c,0.21573,SLH-DSA-128f,17088,8.652,2.077,2026-01-05T10:00:00Z,1
TX-8308F72BEA87,pq1496afe564cd747068b2b3a293d9b,pq15c87ba841c844d41ae9a999671f7,1.001882,FALCON-512,666,0.333,0.111,2026-01-05T10:24:00Z,1
TX-A7DC5D9BBE73,pq1693caa8a2f22449ebf5b287dfb6c,pq15c87ba841c844d41ae9a999671f7,1.55175,ML-DSA-65,3309,0.891,0.334,2026-01-05T10:48:00Z,1
TX-C5C90551B6D3,pq1693caa8a2f22449ebf5b287dfb6c,pq15c87ba841c844d41ae9a999671f7,1.643476,ML-DSA-65,3309,1.108,0.415,2026-01-05T11:12:00Z,1
TX-BA725BEC822B,pq11c74f53296c54368abe4542c41c0,pq1496afe564cd747068b2b3a293d9b,0.04082,SLH-DSA-128f,17088,7.87,1.889,2026-01-05T11:36:00Z,1
TX-C267A4CFA7F0,pq1b0fd919e01e84830b4a7f4a3030a,pq1693caa8a2f22449ebf5b287dfb6c,0.311774,FALCON-512,666,0.409,0.136,2026-01-05T12:00:00Z,1
TX-663FD7F25348,bc122cb9f6c669c4fb9b446f88678b2,pq1496afe564cd747068b2b3a293d9b,1.392295,ECDSA-P256,72,0.054,0.107,2026-01-05T12:24:00Z,1
TX-60929C83B9B3,bc150fc35db83ca456c89bea8a3fbca,pq11c74f53296c54368abe4542c41c0,1.391526,ECDSA-P256,72,0.078,0.155,2026-01-05T12:48:00Z,1
TX-8F5168254CE9,pq1f4ab2ca7bcb643c6b21fa5644102,pq1496afe564cd747068b2b3a293d9b,1.830372,ML-DSA-65,3309,0.881,0.33,2026-01-05T13:12:00Z,1
TX-65FB26ED99FE,bc122cb9f6c669c4fb9b446f88678b2,pq1dadadc94bda84ce9b4cd7f6994cc,0.533522,ECDSA-P256,72,0.072,0.143,2026-01-05T13:36:00Z,1
TX-96D3B18B1AC0,pq1693caa8a2f22449ebf5b287dfb6c,pq1496afe564cd747068b2b3a293d9b,1.654943,ML-DSA-65,3309,0.869,0.326,2026-01-05T14:00:00Z,1
TX-0B2E564165F4,bc122cb9f6c669c4fb9b446f88678b2,pq1f4ab2ca7bcb643c6b21fa5644102,1.036874,ECDSA-P256,72,0.063,0.125,2026-01-05T14:24:00Z,1
TX-CAE832A2D996,pq1496afe564cd747068b2b3a293d9b,bc150fc35db83ca456c89bea8a3fbca,0.905168,FALCON-512,666,0.356,0.119,2026-01-05T14:48:00Z,1
TX-AF0CFDCF7328,pq1f4ab2ca7bcb643c6b21fa5644102,pq1b0fd919e01e84830b4a7f4a3030a,0.194708,ML-DSA-65,3309,0.749,0.281,2026-01-05T15:12:00Z,1
TX-1B101C6D865D,pq1b0fd919e01e84830b4a7f4a3030a,pq15c87ba841c844d41ae9a999671f7,1.024039,FALCON-512,666,0.378,0.126,2026-01-05T15:36:00Z,1
TX-555E1CB340A5,bc1ff2cbb6af26b4f5caa275e4f2022,bc150fc35db83ca456c89bea8a3fbca,1.542319,ECDSA-P256,72,0.077,0.154,2026-01-05T16:00:00Z,1
TX-96ABBFC02367,pq1dadadc94bda84ce9b4cd7f6994cc,pq1693caa8a2f22449ebf5b287dfb6c,0.379784,SLH-DSA-128f,17088,9.215,2.212,2026-01-05T16:24:00Z,1
TX-75AB8D755414,pq1f4ab2ca7bcb643c6b21fa5644102,pq1b0fd919e01e84830b4a7f4a3030a,0.161641,ML-DSA-65,3309,1.102,0.413,2026-01-05T16:48:00Z,1
TX-B1A9176AB99B,bc122cb9f6c669c4fb9b446f88678b2,bc150fc35db83ca456c89bea8a3fbca,1.208819,ECDSA-P256,72,0.056,0.111,2026-01-05T17:12:00Z,1
TX-0E8583B3B1ED,pq11c74f53296c54368abe4542c41c0,pq1496afe564cd747068b2b3a293d9b,0.316783,SLH-DSA-128f,17088,9.057,2.174,2026-01-05T17:36:00Z,1
TX-6D0E206F4E99,bc1ff2cbb6af26b4f5caa275e4f2022,pq11c74f53296c54368abe4542c41c0,1.247242,ECDSA-P256,72,0.078,0.156,2026-01-05T18:00:00Z,1
TX-26AA9E7CCEAA,pq1b0fd919e01e84830b4a7f4a3030a,bc1ff2cbb6af26b4f5caa275e4f2022,0.060665,FALCON-512,666,0.312,0.104,2026-01-05T18:24:00Z,1
TX-5C47951B0313,pq15c87ba841c844d41ae9a999671f7,bc1ff2cbb6af26b4f5caa275e4f2022,1.973061,ML-DSA-65,3309,0.65,0.244,2026-01-05T18:48:00Z,1
TX-7FB6C7EBF0E9,pq1b0fd919e01e84830b4a7f4a3030a,pq15c87ba841c844d41ae9a999671f7,0.182329,FALCON-512,666,0.359,0.12,2026-01-05T19:12:00Z,1
TX-51540C824863,pq1496afe564cd747068b2b3a293d9b,pq15c87ba841c844d41ae9a999671f7,0.298482,FALCON-512,666,0.306,0.102,2026-01-05T19:36:00Z,1
TX-2C2B722F4425,bc1ff2cbb6af26b4f5caa275e4f2022,pq15c87ba841c844d41ae9a999671f7,1.385573,ECDSA-P256,72,0.058,0.116,2026-01-05T20:00:00Z,1
TX-24F1CC7A5AD4,bc122cb9f6c669c4fb9b446f88678b2,pq1693caa8a2f22449ebf5b287dfb6c,1.058872,ECDSA-P256,72,0.079,0.157,2026-01-05T20:24:00Z,1
TX-368B0F509E0C,pq1f4ab2ca7bcb643c6b21fa5644102,bc150fc35db83ca456c89bea8a3fbca,0.305144,ML-DSA-65,3309,0.722,0.271,2026-01-05T20:48:00Z,1
TX-74B538A839D0,bc1ff2cbb6af26b4f5caa275e4f2022,pq1f4ab2ca7bcb643c6b21fa5644102,0.291658,ECDSA-P256,72,0.052,0.103,2026-01-05T21:12:00Z,1
TX-214E907D17A3,pq11c74f53296c54368abe4542c41c0,bc150fc35db83ca456c89bea8a3fbca,0.576959,SLH-DSA-128f,17088,7.297,1.751,2026-01-05T21:36:00Z,1
TX-F98B877088A8,bc1ff2cbb6af26b4f5caa275e4f2022,bc122cb9f6c669c4fb9b446f88678b2,1.854575,ECDSA-P256,72,0.08,0.161,2026-01-05T22:00:00Z,1
TX-32B98A6C6326,pq1dadadc94bda84ce9b4cd7f6994cc,pq1496afe564cd747068b2b3a293d9b,1.79796,SLH-DSA-128f,17088,8.975,2.154,2026-01-05T22:24:00Z,1
TX-BAD659B17215,bc1ff2cbb6af26b4f5caa275e4f2022,pq1dadadc94bda84ce9b4cd7f6994cc,0.120278,ECDSA-P256,72,0.055,0.109,2026-01-05T22:48:00Z,1
TX-BF0DFA12C10D,pq1dadadc94bda84ce9b4cd7f6994cc,pq15c87ba841c844d41ae9a999671f7,0.582405,SLH-DSA-128f,17088,7.417,1.78,2026-01-05T23:12:00Z,1
TX-AF9D262AAA85,pq1dadadc94bda84ce9b4cd7f6994cc,pq1f4ab2ca7bcb643c6b21fa5644102,0.104058,SLH-DSA-128f,17088,6.013,1.443,2026-01-05T23:36:00Z,1
TX-4F102B6253C9,pq11c74f53296c54368abe4542c41c0,pq1f4ab2ca7bcb643c6b21fa5644102,0.006597,SLH-DSA-128f,17088,9.246,2.219,2026-01-06T00:00:00Z,1
TX-47C4E32F91C7,pq1dadadc94bda84ce9b4cd7f6994cc,pq1496afe564cd747068b2b3a293d9b,1.48843,SLH-DSA-128f,17088,8.821,2.117,2026-01-06T00:24:00Z,1
TX-520B09733E3C,pq1b0fd919e01e84830b4a7f4a3030a,pq1693caa8a2f22449ebf5b287dfb6c,0.107424,FALCON-512,666,0.394,0.131,2026-01-06T00:48:00Z,1
TX-9B16AF0AEEB1,bc122cb9f6c669c4fb9b446f88678b2,pq1693caa8a2f22449ebf5b287dfb6c,0.944042,ECDSA-P256,72,0.076,0.151,2026-01-06T01:12:00Z,1
TX-3D5914649364,bc150fc35db83ca456c89bea8a3fbca,pq1b0fd919e01e84830b4a7f4a3030a,0.254904,ECDSA-P256,72,0.076,0.152,2026-01-06T01:36:00Z,1
TX-AD5D4AC53CA8,pq11c74f53296c54368abe4542c41c0,pq1693caa8a2f22449ebf5b287dfb6c,1.462036,SLH-DSA-128f,17088,7.534,1.808,2026-01-06T02:00:00Z,1
TX-FEC47AA62228,pq15c87ba841c844d41ae9a999671f7,pq1b0fd919e01e84830b4a7f4a3030a,0.821862,ML-DSA-65,3309,0.829,0.311,2026-01-06T02:24:00Z,1
TX-85988DC9BAEF,pq1693caa8a2f22449ebf5b287dfb6c,bc1ff2cbb6af26b4f5caa275e4f2022,1.919331,ML-DSA-65,3309,0.988,0.371,2026-01-06T02:48:00Z,1
TX-8373C8F04195,bc150fc35db83ca456c89bea8a3fbca,bc122cb9f6c669c4fb9b446f88678b2,1.327947,ECDSA-P256,72,0.075,0.151,2026-01-06T03:12:00Z,1
TX-4C912CE58470,bc150fc35db83ca456c89bea8a3fbca,pq1496afe564cd747068b2b3a293d9b,0.670747,ECDSA-P256,72,0.078,0.155,2026-01-06T03:36:00Z,1
TX-B418C9D3DA37,bc150fc35db83ca456c89bea8a3fbca,pq1f4ab2ca7bcb643c6b21fa5644102,1.865831,ECDSA-P256,72,0.061,0.122,2026-01-06T04:00:00Z,1
TX-D5B9ED4859BB,bc1ff2cbb6af26b4f5caa275e4f2022,pq1693caa8a2f22449ebf5b287dfb6c,1.825621,ECDSA-P256,72,0.052,0.104,2026-01-06T04:24:00Z,1
TX-B10C4015DDC9,bc150fc35db83ca456c89bea8a3fbca,pq1b0fd919e01e84830b4a7f4a3030a,1.88195,ECDSA-P256,72,0.055,0.11,2026-01-06T04:48:00Z,1
TX-5F9D713DCA8A,pq1496afe564cd747068b2b3a293d9b,pq1f4ab2ca7bcb643c6b21fa5644102,0.541896,FALCON-512,666,0.395,0.132,2026-01-06T05:12:00Z,1
TX-AEFC6F1484F5,pq1dadadc94bda84ce9b4cd7f6994cc,pq1693caa8a2f22449ebf5b287dfb6c,1.000155,SLH-DSA-128f,17088,10.038,2.409,2026-01-06T05:36:00Z,1
TX-7BAA4D64E52D,pq1b0fd919e01e84830b4a7f4a3030a,pq1f4ab2ca7bcb643c6b21fa5644102,1.81843,FALCON-512,666,0.278,0.093,2026-01-06T06:00:00Z,1
TX-B935971CEC7E,pq1f4ab2ca7bcb643c6b21fa5644102,pq1b0fd919e01e84830b4a7f4a3030a,1.941656,ML-DSA-65,3309,1.032,0.387,2026-01-06T06:24:00Z,1
TX-F638A1D7F9CC,pq11c74f53296c54368abe4542c41c0,pq1f4ab2ca7bcb643c6b21fa5644102,1.67578,SLH-DSA-128f,17088,8.946,2.147,2026-01-06T06:48:00Z,1
TX-7D83ADBBF87B,pq1b0fd919e01e84830b4a7f4a3030a,pq1496afe564cd747068b2b3a293d9b,1.101779,FALCON-512,666,0.374,0.125,2026-01-06T07:12:00Z,1
TX-87693C154D33,bc1ff2cbb6af26b4f5caa275e4f2022,bc122cb9f6c669c4fb9b446f88678b2,1.657737,ECDSA-P256,72,0.076,0.152,2026-01-06T07:36:00Z,1
TX-A79543FDEABD,bc1ff2cbb6af26b4f5caa275e4f2022,pq1f4ab2ca7bcb643c6b21fa5644102,0.003518,ECDSA-P256,72,0.057,0.114,2026-01-06T08:00:00Z,1
TX-51CF8C100C87,pq1b0fd919e01e84830b4a7f4a3030a,bc1ff2cbb6af26b4f5caa275e4f2022,1.2448,FALCON-512,666,0.268,0.089,2026-01-06T08:24:00Z,1
TX-B3A7AAAB4C8D,bc122cb9f6c669c4fb9b446f88678b2,pq1dadadc94bda84ce9b4cd7f6994cc,1.817264,ECDSA-P256,72,0.072,0.144,2026-01-06T08:48:00Z,1
TX-4956CD1CF9B5,bc122cb9f6c669c4fb9b446f88678b2,pq1dadadc94bda84ce9b4cd7f6994cc,1.572691,ECDSA-P256,72,0.063,0.127,2026-01-06T09:12:00Z,1
TX-20FD50F1587C,bc1ff2cbb6af26b4f5caa275e4f2022,pq1f4ab2ca7bcb643c6b21fa5644102,0.378915,ECDSA-P256,72,0.066,0.132,2026-01-06T09:36:00Z,1
TX-3E0C7EE916B5,bc122cb9f6c669c4fb9b446f88678b2,pq11c74f53296c54368abe4542c41c0,0.448046,ECDSA-P256,72,0.075,0.149,2026-01-06T10:00:00Z,1
TX-18DCE6C0F362,pq1b0fd919e01e84830b4a7f4a3030a,pq1693caa8a2f22449ebf5b287dfb6c,1.569331,FALCON-512,666,0.247,0.082,2026-01-06T10:24:00Z,1
TX-45AC9F210CB6,pq11c74f53296c54368abe4542c41c0,pq1dadadc94bda84ce9b4cd7f6994cc,1.109708,SLH-DSA-128f,17088,7.329,1.759,2026-01-06T10:48:00Z,1
TX-9CA83CC67660,pq15c87ba841c844d41ae9a999671f7,bc150fc35db83ca456c89bea8a3fbca,0.103584,ML-DSA-65,3309,0.956,0.359,2026-01-06T11:12:00Z,1
TX-AE615D1931E6,pq1b0fd919e01e84830b4a7f4a3030a,bc1ff2cbb6af26b4f5caa275e4f2022,0.840604,FALCON-512,666,0.419,0.14,2026-01-06T11:36:00Z,1
TX-265B98BE9DA4,pq1dadadc94bda84ce9b4cd7f6994cc,pq1496afe564cd747068b2b3a293d9b,0.380954,SLH-DSA-128f,17088,7.166,1.72,2026-01-06T12:00:00Z,1
TX-B85911A3AB05,pq1f4ab2ca7bcb643c6b21fa5644102,pq11c74f53296c54368abe4542c41c0,1.060194,ML-DSA-65,3309,0.868,0.325,2026-01-06T12:24:00Z,1
TX-01FBDB384F2C,pq1f4ab2ca7bcb643c6b21fa5644102,pq1693caa8a2f22449ebf5b287dfb6c,0.240993,ML-DSA-65,3309,0.725,0.272,2026-01-06T12:48:00Z,1
TX-1AB1C2BCBB1D,pq15c87ba841c844d41ae9a999671f7,pq1f4ab2ca7bcb643c6b21fa5644102,0.49807,ML-DSA-65,3309,1.067,0.4,2026-01-06T13:12:00Z,1
TX-B172B4E1D691,pq1b0fd919e01e84830b4a7f4a3030a,pq15c87ba841c844d41ae9a999671f7,0.972201,FALCON-512,666,0.381,0.127,2026-01-06T13:36:00Z,1
TX-22BA21C50218,pq1f4ab2ca7bcb643c6b21fa5644102,pq15c87ba841c844d41ae9a999671f7,0.056207,ML-DSA-65,3309,0.688,0.258,2026-01-06T14:00:00Z,1
TX-58C2D24C91D1,pq1f4ab2ca7bcb643c6b21fa5644102,pq1dadadc94bda84ce9b4cd7f6994cc,0.421612,ML-DSA-65,3309,1.035,0.388,2026-01-06T14:24:00Z,1
TX-63CA2A35B424,pq15c87ba841c844d41ae9a999671f7,bc1ff2cbb6af26b4f5caa275e4f2022,1.906353,ML-DSA-65,3309,0.796,0.299,2026-01-06T14:48:00Z,1
TX-9F48D0C8799C,pq1dadadc94bda84ce9b4cd7f6994cc,pq1693caa8a2f22449ebf5b287dfb6c,1.380511,SLH-DSA-128f,17088,7.607,1.826,2026-01-06T15:12:00Z,1
TX-A5218CBBC32A,pq11c74f53296c54368abe4542c41c0,pq1693caa8a2f22449ebf5b287dfb6c,0.93185,SLH-DSA-128f,17088,10.211,2.451,2026-01-06T15:36:00Z,1
TX-FBEE59BFEBF2,pq1dadadc94bda84ce9b4cd7f6994cc,pq15c87ba841c844d41ae9a999671f7,1.322754,SLH-DSA-128f,17088,9.336,2.241,2026-01-06T16:00:00Z,1
TX-33D9700926E5,bc122cb9f6c669c4fb9b446f88678b2,pq1b0fd919e01e84830b4a7f4a3030a,0.393712,ECDSA-P256,72,0.072,0.145,2026-01-06T16:24:00Z,1
TX-792F654A4983,pq1693caa8a2f22449ebf5b287dfb6c,pq1496afe564cd747068b2b3a293d9b,0.008048,ML-DSA-65,3309,0.924,0.347,2026-01-06T16:48:00Z,0
TX-1284EF74776E,pq1496afe564cd747068b2b3a293d9b,pq1dadadc94bda84ce9b4cd7f6994cc,0.19268,FALCON-512,666,0.265,0.088,2026-01-06T17:12:00Z,1
TX-9BEAF164F506,bc150fc35db83ca456c89bea8a3fbca,pq15c87ba841c844d41ae9a999671f7,0.709106,ECDSA-P256,72,0.079,0.157,2026-01-06T17:36:00Z,1
TX-81828163FCA3,pq15c87ba841c844d41ae9a999671f7,bc1ff2cbb6af26b4f5caa275e4f2022,1.049787,ML-DSA-65,3309,1.086,0.407,2026-01-06T18:00:00Z,1
TX-4E94230FF337,bc150fc35db83ca456c89bea8a3fbca,pq1693caa8a2f22449ebf5b287dfb6c,1.7683,ECDSA-P256,72,0.055,0.11,2026-01-06T18:24:00Z,1
TX-97296DA7680A,bc150fc35db83ca456c89bea8a3fbca,pq1f4ab2ca7bcb643c6b21fa5644102,0.881157,ECDSA-P256,72,0.06,0.121,2026-01-06T18:48:00Z,1
TX-C88E56BFF834,bc1ff2cbb6af26b4f5caa275e4f2022,pq11c74f53296c54368abe4542c41c0,1.032587,ECDSA-P256,72,0.062,0.125,2026-01-06T19:12:00Z,1
TX-060A681BB9ED,pq11c74f53296c54368abe4542c41c0,bc122cb9f6c669c4fb9b446f88678b2,1.134804,SLH-DSA-128f,17088,7.833,1.88,2026-01-06T19:36:00Z,1
TX-915EA342C1A3,pq1f4ab2ca7bcb643c6b21fa5644102,pq15c87ba841c844d41ae9a999671f7,1.68844,ML-DSA-65,3309,0.764,0.287,2026-01-06T20:00:00Z,1
TX-EC559E82E793,pq15c87ba841c844d41ae9a999671f7,pq11c74f53296c54368abe4542c41c0,0.159251,ML-DSA-65,3309,0.976,0.366,2026-01-06T20:24:00Z,1
TX-F7033B9714DE,bc1ff2cbb6af26b4f5caa275e4f2022,pq1f4ab2ca7bcb643c6b21fa5644102,1.333698,ECDSA-P256,72,0.06,0.121,2026-01-06T20:48:00Z,1
TX-155F6F76104A,pq11c74f53296c54368abe4542c41c0,pq1dadadc94bda84ce9b4cd7f6994cc,0.629136,SLH-DSA-128f,17088,8.751,2.1,2026-01-06T21:12:00Z,1
TX-9B2B6F3BAE99,pq1b0fd919e01e84830b4a7f4a3030a,pq1dadadc94bda84ce9b4cd7f6994cc,0.204446,FALCON-512,666,0.276,0.092,2026-01-06T21:36:00Z,1
TX-3018A7CF7EDE,bc1ff2cbb6af26b4f5caa275e4f2022,pq1b0fd919e01e84830b4a7f4a3030a,0.594893,ECDSA-P256,72,0.077,0.154,2026-01-06T22:00:00Z,1
TX-E36B5967EAA4,bc150fc35db83ca456c89bea8a3fbca,bc1ff2cbb6af26b4f5caa275e4f2022,1.797229,ECDSA-P256,72,0.049,0.098,2026-01-06T22:24:00Z,1
TX-91EE0392A0B8,bc1ff2cbb6af26b4f5caa275e4f2022,pq11c74f53296c54368abe4542c41c0,1.380739,ECDSA-P256,72,0.066,0.132,2026-01-06T22:48:00Z,1
TX-C78DB988D0C5,pq1496afe564cd747068b2b3a293d9b,bc150fc35db83ca456c89bea8a3fbca,0.109511,FALCON-512,666,0.244,0.081,2026-01-06T23:12:00Z,1
TX-854A8EE8DBA7,bc150fc35db83ca456c89bea8a3fbca,bc122cb9f6c669c4fb9b446f88678b2,1.480737,ECDSA-P256,72,0.071,0.142,2026-01-06T23:36:00Z,1
TX-0178CBDA44DF,pq1dadadc94bda84ce9b4cd7f6994cc,bc150fc35db83ca456c89bea8a3fbca,1.939724,SLH-DSA-128f,17088,6.792,1.63,2026-01-07T00:00:00Z,1
TX-F4C3B1ED18CB,pq1496afe564cd747068b2b3a293d9b,pq1693caa8a2f22449ebf5b287dfb6c,0.602262,FALCON-512,666,0.32,0.107,2026-01-07T00:24:00Z,1
TX-FFCF6B1561BB,pq1693caa8a2f22449ebf5b287dfb6c,pq1dadadc94bda84ce9b4cd7f6994cc,1.379699,ML-DSA-65,3309,0.901,0.338,2026-01-07T00:48:00Z,1
TX-4D72F4CAF008,bc122cb9f6c669c4fb9b446f88678b2,pq1f4ab2ca7bcb643c6b21fa5644102,0.898196,ECDSA-P256,72,0.081,0.161,2026-01-07T01:12:00Z,1
TX-903844EE606C,pq11c74f53296c54368abe4542c41c0,pq1496afe564cd747068b2b3a293d9b,0.349138,SLH-DSA-128f,17088,8.547,2.051,2026-01-07T01:36:00Z,1
TX-9C3C0EF8378C,pq1b0fd919e01e84830b4a7f4a3030a,pq1f4ab2ca7bcb643c6b21fa5644102,0.453021,FALCON-512,666,0.333,0.111,2026-01-07T02:00:00Z,1
TX-1CA4EC27A20E,pq1496afe564cd747068b2b3a293d9b,pq1dadadc94bda84ce9b4cd7f6994cc,1.818496,FALCON-512,666,0.312,0.104,2026-01-07T02:24:00Z,1
TX-B4394ABB914F,pq1693caa8a2f22449ebf5b287dfb6c,bc150fc35db83ca456c89bea8a3fbca,0.695521,ML-DSA-65,3309,0.714,0.268,2026-01-07T02:48:00Z,1
TX-2C02DA0FF977,pq1693caa8a2f22449ebf5b287dfb6c,pq1496afe564cd747068b2b3a293d9b,0.673251,ML-DSA-65,3309,0.829,0.311,2026-01-07T03:12:00Z,1
TX-8019CCAF0C76,pq1496afe564cd747068b2b3a293d9b,pq1b0fd919e01e84830b4a7f4a3030a,0.015621,FALCON-512,666,0.276,0.092,2026-01-07T03:36:00Z,1
TX-E1C4398DFE89,bc150fc35db83ca456c89bea8a3fbca,bc1ff2cbb6af26b4f5caa275e4f2022,1.108954,ECDSA-P256,72,0.05,0.099,2026-01-07T04:00:00Z,1
TX-442298174620,bc122cb9f6c669c4fb9b446f88678b2,pq1496afe564cd747068b2b3a293d9b,1.484291,ECDSA-P256,72,0.062,0.125,2026-01-07T04:24:00Z,1
TX-65C850E3B59D,bc1ff2cbb6af26b4f5caa275e4f2022,pq11c74f53296c54368abe4542c41c0,1.63848,ECDSA-P256,72,0.073,0.146,2026-01-07T04:48:00Z,1
TX-DCD4ECD2C4C1,pq11c74f53296c54368abe4542c41c0,bc150fc35db83ca456c89bea8a3fbca,0.068031,SLH-DSA-128f,17088,6.828,1.639,2026-01-07T05:12:00Z,1
TX-C2C4E0C85FCA,bc1ff2cbb6af26b4f5caa275e4f2022,pq1693caa8a2f22449ebf5b287dfb6c,0.304324,ECDSA-P256,72,0.06,0.12,2026-01-07T05:36:00Z,1
TX-2FDB2C176ED7,bc122cb9f6c669c4fb9b446f88678b2,pq15c87ba841c844d41ae9a999671f7,1.979785,ECDSA-P256,72,0.06,0.119,2026-01-07T06:00:00Z,1
TX-65A9F0F425BB,bc1ff2cbb6af26b4f5caa275e4f2022,pq15c87ba841c844d41ae9a999671f7,0.039074,ECDSA-P256,72,0.054,0.109,2026-01-07T06:24:00Z,1
TX-D45FF6D60BC5,bc1ff2cbb6af26b4f5caa275e4f2022,bc122cb9f6c669c4fb9b446f88678b2,0.652946,ECDSA-P256,72,0.049,0.099,2026-01-07T06:48:00Z,1
TX-98CA25180944,pq1496afe564cd747068b2b3a293d9b,bc122cb9f6c669c4fb9b446f88678b2,1.552374,FALCON-512,666,0.302,0.101,2026-01-07T07:12:00Z,1
TX-EA44940CA754,pq1b0fd919e01e84830b4a7f4a3030a,pq1693caa8a2f22449ebf5b287dfb6c,0.242699,FALCON-512,666,0.398,0.133,2026-01-07T07:36:00Z,1
TX-F916188731F6,bc150fc35db83ca456c89bea8a3fbca,pq1496afe564cd747068b2b3a293d9b,0.033675,ECDSA-P256,72,0.08,0.161,2026-01-07T08:00:00Z,1
TX-2DD80EADACC5,pq1693caa8a2f22449ebf5b287dfb6c,pq1f4ab2ca7bcb643c6b21fa5644102,1.64483,ML-DSA-65,3309,0.68,0.255,2026-01-07T08:24:00Z,1
TX-A77E952A2F20,pq1b0fd919e01e84830b4a7f4a3030a,pq11c74f53296c54368abe4542c41c0,1.774346,FALCON-512,666,0.343,0.114,2026-01-07T08:48:00Z,1
TX-8F52F567E502,bc1ff2cbb6af26b4f5caa275e4f2022,pq15c87ba841c844d41ae9a999671f7,1.321773,ECDSA-P256,72,0.066,0.133,2026-01-07T09:12:00Z,1
TX-401DE5BF804B,pq15c87ba841c844d41ae9a999671f7,bc150fc35db83ca456c89bea8a3fbca,1.295316,ML-DSA-65,3309,1.006,0.377,2026-01-07T09:36:00Z,1
TX-F77269AFDC16,pq11c74f53296c54368abe4542c41c0,pq1693caa8a2f22449ebf5b287dfb6c,0.254237,SLH-DSA-128f,17088,10.388,2.493,2026-01-07T10:00:00Z,1
TX-DE2B9D96CC99,bc1ff2cbb6af26b4f5caa275e4f2022,pq15c87ba841c844d41ae9a999671f7,0.77003,ECDSA-P256,72,0.058,0.116,2026-01-07T10:24:00Z,1
TX-11CA8F8DA88E,pq1b0fd919e01e84830b4a7f4a3030a,pq1dadadc94bda84ce9b4cd7f6994cc,0.994925,FALCON-512,666,0.418,0.139,2026-01-07T10:48:00Z,1
TX-3BA73E731BA6,pq1b0fd919e01e84830b4a7f4a3030a,pq1f4ab2ca7bcb643c6b21fa5644102,1.622853,FALCON-512,666,0.374,0.125,2026-01-07T11:12:00Z,1
TX-D7562DFA687E,pq15c87ba841c844d41ae9a999671f7,pq1693caa8a2f22449ebf5b287dfb6c,1.114557,ML-DSA-65,3309,0.827,0.31,2026-01-07T11:36:00Z,1
TX-D8A497B609EC,pq1496afe564cd747068b2b3a293d9b,bc122cb9f6c669c4fb9b446f88678b2,1.956504,FALCON-512,666,0.401,0.134,2026-01-07T12:00:00Z,1
TX-D75F8D857812,pq1b0fd919e01e84830b4a7f4a3030a,pq11c74f53296c54368abe4542c41c0,1.447069,FALCON-512,666,0.248,0.083,2026-01-07T12:24:00Z,1
TX-CADDCC78FD7E,bc1ff2cbb6af26b4f5caa275e4f2022,pq1496afe564cd747068b2b3a293d9b,0.91431,ECDSA-P256,72,0.071,0.143,2026-01-07T12:48:00Z,1
TX-D5B2E6983C34,pq1dadadc94bda84ce9b4cd7f6994cc,bc1ff2cbb6af26b4f5caa275e4f2022,1.979923,SLH-DSA-128f,17088,8.993,2.158,2026-01-07T13:12:00Z,1
TX-BBCEF6DCD7BF,bc150fc35db83ca456c89bea8a3fbca,pq1496afe564cd747068b2b3a293d9b,1.446133,ECDSA-P256,72,0.067,0.135,2026-01-07T13:36:00Z,1
TX-8F5ACE1AE399,pq1b0fd919e01e84830b4a7f4a3030a,pq1496afe564cd747068b2b3a293d9b,0.111748,FALCON-512,666,0.298,0.099,2026-01-07T14:00:00Z,1
TX-D613D8A5A89A,bc122cb9f6c669c4fb9b446f88678b2,pq1693caa8a2f22449ebf5b287dfb6c,0.765399,ECDSA-P256,72,0.062,0.124,2026-01-07T14:24:00Z,1
TX-70A93D1D274C,pq11c74f53296c54368abe4542c41c0,pq15c87ba841c844d41ae9a999671f7,1.731339,SLH-DSA-128f,17088,7.833,1.88,2026-01-07T14:48:00Z,1
TX-ADB106F3F278,bc122cb9f6c669c4fb9b446f88678b2,bc150fc35db83ca456c89bea8a3fbca,1.475991,ECDSA-P256,72,0.081,0.162,2026-01-07T15:12:00Z,1
TX-A5136CA33688,bc150fc35db83ca456c89bea8a3fbca,bc122cb9f6c669c4fb9b446f88678b2,1.103358,ECDSA-P256,72,0.083,0.166,2026-01-07T15:36:00Z,1
TX-5AD24B451867,pq1496afe564cd747068b2b3a293d9b,bc1ff2cbb6af26b4f5caa275e4f2022,1.742428,FALCON-512,666,0.317,0.106,2026-01-07T16:00:00Z,1
TX-652A1B996FAC,bc1ff2cbb6af26b4f5caa275e4f2022,pq1b0fd919e01e84830b4a7f4a3030a,1.824188,ECDSA-P256,72,0.081,0.162,2026-01-07T16:24:00Z,1
TX-6021EAB7FD12,pq1496afe564cd747068b2b3a293d9b,bc150fc35db83ca456c89bea8a3fbca,0.418411,FALCON-512,666,0.274,0.091,2026-01-07T16:48:00Z,1
TX-53AA9E4FCD95,pq1b0fd919e01e84830b4a7f4a3030a,bc150fc35db83ca456c89bea8a3fbca,1.29846,FALCON-512,666,0.25,0.083,2026-01-07T17:12:00Z,1
TX-840D4A8CB918,pq1f4ab2ca7bcb643c6b21fa5644102,pq1dadadc94bda84ce9b4cd7f6994cc,0.408913,ML-DSA-65,3309,0.658,0.247,2026-01-07T17:36:00Z,1
TX-E240FEF7160E,pq1496afe564cd747068b2b3a293d9b,pq1f4ab2ca7bcb643c6b21fa5644102,0.969998,FALCON-512,666,0.294,0.098,2026-01-07T18:00:00Z,1
TX-CC36163B6E15,bc150fc35db83ca456c89bea8a3fbca,pq1b0fd919e01e84830b4a7f4a3030a,0.731975,ECDSA-P256,72,0.074,0.147,2026-01-07T18:24:00Z,1
TX-7768D60BB3CF,bc122cb9f6c669c4fb9b446f88678b2,bc150fc35db83ca456c89bea8a3fbca,1.183794,ECDSA-P256,72,0.061,0.121,2026-01-07T18:48:00Z,1
TX-94F3F7B4A049,pq1dadadc94bda84ce9b4cd7f6994cc,pq1496afe564cd747068b2b3a293d9b,0.730219,SLH-DSA-128f,17088,6.742,1.618,2026-01-07T19:12:00Z,1
TX-0253E806A65D,bc150fc35db83ca456c89bea8a3fbca,pq1496afe564cd747068b2b3a293d9b,1.796714,ECDSA-P256,72,0.08,0.16,2026-01-07T19:36:00Z,1
TX-243797B6FD4D,pq1b0fd919e01e84830b4a7f4a3030a,bc150fc35db83ca456c89bea8a3fbca,0.109083,FALCON-512,666,0.398,0.133,2026-01-07T20:00:00Z,1
TX-C220700192C3,pq1496afe564cd747068b2b3a293d9b,pq1693caa8a2f22449ebf5b287dfb6c,1.766785,FALCON-512,666,0.342,0.114,2026-01-07T20:24:00Z,1
TX-4D9948280315,bc1ff2cbb6af26b4f5caa275e4f2022,pq15c87ba841c844d41ae9a999671f7,0.779637,ECDSA-P256,72,0.077,0.154,2026-01-07T20:48:00Z,1
TX-D65508C61697,bc122cb9f6c669c4fb9b446f88678b2,bc150fc35db83ca456c89bea8a3fbca,0.746055,ECDSA-P256,72,0.06,0.12,2026-01-07T21:12:00Z,1
TX-0BBECD7F9712,bc122cb9f6c669c4fb9b446f88678b2,pq15c87ba841c844d41ae9a999671f7,0.420664,ECDSA-P256,72,0.065,0.13,2026-01-07T21:36:00Z,1
TX-418E01289D46,bc1ff2cbb6af26b4f5caa275e4f2022,pq1496afe564cd747068b2b3a293d9b,1.699525,ECDSA-P256,72,0.05,0.1,2026-01-07T22:00:00Z,1
TX-ABE1F7412A25,bc150fc35db83ca456c89bea8a3fbca,pq11c74f53296c54368abe4542c41c0,0.243475,ECDSA-P256,72,0.06,0.12,2026-01-07T22:24:00Z,1
TX-0E884BB3D144,bc1ff2cbb6af26b4f5caa275e4f2022,bc150fc35db83ca456c89bea8a3fbca,0.835564,ECDSA-P256,72,0.082,0.163,2026-01-07T22:48:00Z,1
TX-EFD0921D9155,bc122cb9f6c669c4fb9b446f88678b2,pq1f4ab2ca7bcb643c6b21fa5644102,0.930915,ECDSA-P256,72,0.056,0.112,2026-01-07T23:12:00Z,1
TX-992F6DE527B0,bc150fc35db83ca456c89bea8a3fbca,pq15c87ba841c844d41ae9a999671f7,1.129592,ECDSA-P256,72,0.068,0.137,2026-01-07T23:36:00Z,1
TX-A11B283EF86B,bc122cb9f6c669c4fb9b446f88678b2,pq1693caa8a2f22449ebf5b287dfb6c,1.754789,ECDSA-P256,72,0.049,0.098,2026-01-08T00:00:00Z,1
TX-5FC0E21DD89A,pq1f4ab2ca7bcb643c6b21fa5644102,pq1dadadc94bda84ce9b4cd7f6994cc,0.448372,ML-DSA-65,3309,1.087,0.408,2026-01-08T00:24:00Z,1
TX-7438E3837A71,pq11c74f53296c54368abe4542c41c0,pq1b0fd919e01e84830b4a7f4a3030a,0.945308,SLH-DSA-128f,17088,7.844,1.882,2026-01-08T00:48:00Z,1
TX-9C89082745A1,pq1f4ab2ca7bcb643c6b21fa5644102,pq1496afe564cd747068b2b3a293d9b,0.122194,ML-DSA-65,3309,0.921,0.345,2026-01-08T01:12:00Z,1
TX-973AF719911B,bc150fc35db83ca456c89bea8a3fbca,pq15c87ba841c844d41ae9a999671f7,1.37994,ECDSA-P256,72,0.056,0.111,2026-01-08T01:36:00Z,1
TX-DB866C2DD681,pq1496afe564cd747068b2b3a293d9b,pq1b0fd919e01e84830b4a7f4a3030a,1.811814,FALCON-512,666,0.408,0.136,2026-01-08T02:00:00Z,1
TX-E02D297A0020,pq11c74f53296c54368abe4542c41c0,pq1f4ab2ca7bcb643c6b21fa5644102,1.2147,SLH-DSA-128f,17088,9.522,2.285,2026-01-08T02:24:00Z,1
TX-11203BB66B31,pq11c74f53296c54368abe4542c41c0,bc150fc35db83ca456c89bea8a3fbca,0.328046,SLH-DSA-128f,17088,6.692,1.606,2026-01-08T02:48:00Z,1
TX-11C3A1DFB43A,pq1b0fd919e01e84830b4a7f4a3030a,bc122cb9f6c669c4fb9b446f88678b2,0.032131,FALCON-512,666,0.292,0.097,2026-01-08T03:12:00Z,1
TX-3AC747265415,bc1ff2cbb6af26b4f5caa275e4f2022,pq1f4ab2ca7bcb643c6b21fa5644102,0.102146,ECDSA-P256,72,0.071,0.142,2026-01-08T03:36:00Z,1
TX-DADB60B86B49,pq11c74f53296c54368abe4542c41c0,pq1b0fd919e01e84830b4a7f4a3030a,1.517435,SLH-DSA-128f,17088,6.753,1.621,2026-01-08T04:00:00Z,1
TX-4D9DCA14F99D,pq1f4ab2ca7bcb643c6b21fa5644102,pq15c87ba841c844d41ae9a999671f7,0.278818,ML-DSA-65,3309,0.641,0.24,2026-01-08T04:24:00Z,1
TX-402E6FE4C38C,bc1ff2cbb6af26b4f5caa275e4f2022,pq1693caa8a2f22449ebf5b287dfb6c,0.639696,ECDSA-P256,72,0.076,0.153,2026-01-08T04:48:00Z,1
TX-D7549B50457B,pq11c74f53296c54368abe4542c41c0,bc122cb9f6c669c4fb9b446f88678b2,0.219702,SLH-DSA-128f,17088,10.397,2.495,2026-01-08T05:12:00Z,1
TX-0D8F3C1F2CD7,pq15c87ba841c844d41ae9a999671f7,pq11c74f53296c54368abe4542c41c0,0.198939,ML-DSA-65,3309,0.931,0.349,2026-01-08T05:36:00Z,1
TX-B45373E1E912,pq11c74f53296c54368abe4542c41c0,pq1f4ab2ca7bcb643c6b21fa5644102,0.016823,SLH-DSA-128f,17088,9.203,2.209,2026-01-08T06:00:00Z,1
TX-4A3581A1D9F9,pq1f4ab2ca7bcb643c6b21fa5644102,pq1693caa8a2f22449ebf5b287dfb6c,0.81522,ML-DSA-65,3309,0.893,0.335,2026-01-08T06:24:00Z,1
TX-F76D4D2B4744,pq11c74f53296c54368abe4542c41c0,pq1f4ab2ca7bcb643c6b21fa5644102,0.545037,SLH-DSA-128f,17088,6.193,1.486,2026-01-08T06:48:00Z,1
TX-76DB96E430A2,pq1dadadc94bda84ce9b4cd7f6994cc,bc1ff2cbb6af26b4f5caa275e4f2022,0.245491,SLH-DSA-128f,17088,7.42,1.781,2026-01-08T07:12:00Z,1
TX-1A519AA68708,pq11c74f53296c54368abe4542c41c0,pq1b0fd919e01e84830b4a7f4a3030a,1.707738,SLH-DSA-128f,17088,9.121,2.189,2026-01-08T07:36:00Z,1
TX-B885CFA4FD26,pq1496afe564cd747068b2b3a293d9b,pq1dadadc94bda84ce9b4cd7f6994cc,1.856368,FALCON-512,666,0.322,0.107,2026-01-08T08:00:00Z,1
TX-73D7BE3F89D6,pq1f4ab2ca7bcb643c6b21fa5644102,pq1496afe564cd747068b2b3a293d9b,1.421902,ML-DSA-65,3309,0.655,0.246,2026-01-08T08:24:00Z,1
TX-7CA93CB69BDC,pq1f4ab2ca7bcb643c6b21fa5644102,pq1b0fd919e01e84830b4a7f4a3030a,0.248519,ML-DSA-65,3309,1.056,0.396,2026-01-08T08:48:00Z,1
TX-5FE81AF74ACA,bc1ff2cbb6af26b4f5caa275e4f2022,pq1b0fd919e01e84830b4a7f4a3030a,0.076548,ECDSA-P256,72,0.057,0.115,2026-01-08T09:12:00Z,1
TX-1BDF0B55C35E,pq11c74f53296c54368abe4542c41c0,pq1496afe564cd747068b2b3a293d9b,0.832699,SLH-DSA-128f,17088,7.825,1.878,2026-01-08T09:36:00Z,1
TX-CB8317478249,pq1f4ab2ca7bcb643c6b21fa5644102,pq1dadadc94bda84ce9b4cd7f6994cc,1.571448,ML-DSA-65,3309,0.675,0.253,2026-01-08T10:00:00Z,1
TX-713F23E1C594,pq1693caa8a2f22449ebf5b287dfb6c,pq1f4ab2ca7bcb643c6b21fa5644102,0.166856,ML-DSA-65,3309,0.654,0.245,2026-01-08T10:24:00Z,1
TX-6189DD6FAE26,pq11c74f53296c54368abe4542c41c0,pq1b0fd919e01e84830b4a7f4a3030a,0.992089,SLH-DSA-128f,17088,7.773,1.866,2026-01-08T10:48:00Z,1
TX-0E3F0241929F,bc122cb9f6c669c4fb9b446f88678b2,pq1693caa8a2f22449ebf5b287dfb6c,1.888986,ECDSA-P256,72,0.07,0.14,2026-01-08T11:12:00Z,1
TX-F0D0A95EF3E8,pq1496afe564cd747068b2b3a293d9b,pq1693caa8a2f22449ebf5b287dfb6c,1.729441,FALCON-512,666,0.394,0.131,2026-01-08T11:36:00Z,1
TX-F14D699FF89C,pq1693caa8a2f22449ebf5b287dfb6c,bc122cb9f6c669c4fb9b446f88678b2,1.295893,ML-DSA-65,3309,0.683,0.256,2026-01-08T12:00:00Z,1
TX-C5BAF7672CD7,pq1693caa8a2f22449ebf5b287dfb6c,pq1b0fd919e01e84830b4a7f4a3030a,0.51808,ML-DSA-65,3309,1.032,0.387,2026-01-08T12:24:00Z,1
TX-E4CC23B669F0,pq1496afe564cd747068b2b3a293d9b,pq1693caa8a2f22449ebf5b287dfb6c,0.02852,FALCON-512,666,0.402,0.134,2026-01-08T12:48:00Z,1
TX-7A9935DA40EF,pq1dadadc94bda84ce9b4cd7f6994cc,pq11c74f53296c54368abe4542c41c0,0.963482,SLH-DSA-128f,17088,9.958,2.39,2026-01-08T13:12:00Z,1
TX-2994DFB3E4EF,pq1f4ab2ca7bcb643c6b21fa5644102,bc1ff2cbb6af26b4f5caa275e4f2022,0.518665,ML-DSA-65,3309,0.812,0.304,2026-01-08T13:36:00Z,1
TX-D15B5DA5518A,pq1693caa8a2f22449ebf5b287dfb6c,pq1b0fd919e01e84830b4a7f4a3030a,1.092489,ML-DSA-65,3309,0.663,0.249,2026-01-08T14:00:00Z,1
TX-82DFC046275A,pq1dadadc94bda84ce9b4cd7f6994cc,bc1ff2cbb6af26b4f5caa275e4f2022,1.983674,SLH-DSA-128f,17088,8.261,1.983,2026-01-08T14:24:00Z,1
TX-5F83991F089D,pq15c87ba841c844d41ae9a999671f7,pq11c74f53296c54368abe4542c41c0,0.649143,ML-DSA-65,3309,0.885,0.332,2026-01-08T14:48:00Z,1
TX-467778DAE2F2,pq1496afe564cd747068b2b3a293d9b,pq11c74f53296c54368abe4542c41c0,1.252865,FALCON-512,666,0.403,0.134,2026-01-08T15:12:00Z,1
TX-08B783C175ED,pq1496afe564cd747068b2b3a293d9b,pq15c87ba841c844d41ae9a999671f7,0.568902,FALCON-512,666,0.255,0.085,2026-01-08T15:36:00Z,1
TX-E02061C003B9,pq1496afe564cd747068b2b3a293d9b,bc1ff2cbb6af26b4f5caa275e4f2022,0.060332,FALCON-512,666,0.27,0.09,2026-01-08T16:00:00Z,1
TX-D2E4AE78F0B1,pq1496afe564cd747068b2b3a293d9b,bc122cb9f6c669c4fb9b446f88678b2,0.307309,FALCON-512,666,0.264,0.088,2026-01-08T16:24:00Z,1
TX-875CC8538F0C,bc122cb9f6c669c4fb9b446f88678b2,pq1dadadc94bda84ce9b4cd7f6994cc,0.321771,ECDSA-P256,72,0.07,0.14,2026-01-08T16:48:00Z,1
TX-9A634A08B90D,pq1693caa8a2f22449ebf5b287dfb6c,bc150fc35db83ca456c89bea8a3fbca,0.522037,ML-DSA-65,3309,1.042,0.391,2026-01-08T17:12:00Z,1
TX-73F5C59C421D,bc1ff2cbb6af26b4f5caa275e4f2022,pq1b0fd919e01e84830b4a7f4a3030a,1.497461,ECDSA-P256,72,0.074,0.148,2026-01-08T17:36:00Z,1
TX-EA8291017455,bc1ff2cbb6af26b4f5caa275e4f2022,pq1f4ab2ca7bcb643c6b21fa5644102,1.943209,ECDSA-P256,72,0.071,0.142,2026-01-08T18:00:00Z,1
TX-4521E0CDBDEF,pq11c74f53296c54368abe4542c41c0,pq15c87ba841c844d41ae9a999671f7,1.772428,SLH-DSA-128f,17088,9.086,2.181,2026-01-08T18:24:00Z,1
TX-84161CE7E8D0,bc122cb9f6c669c4fb9b446f88678b2,pq15c87ba841c844d41ae9a999671f7,1.368758,ECDSA-P256,72,0.072,0.144,2026-01-08T18:48:00Z,1
TX-3D5D27B77EA8,pq1b0fd919e01e84830b4a7f4a3030a,pq1693caa8a2f22449ebf5b287dfb6c,1.313978,FALCON-512,666,0.295,0.098,2026-01-08T19:12:00Z,1
TX-1C1F82A1D583,pq1b0fd919e01e84830b4a7f4a3030a,bc1ff2cbb6af26b4f5caa275e4f2022,0.480096,FALCON-512,666,0.383,0.128,2026-01-08T19:36:00Z,1
TX-8BEA4B66D873,pq1496afe564cd747068b2b3a293d9b,bc122cb9f6c669c4fb9b446f88678b2,1.671331,FALCON-512,666,0.299,0.1,2026-01-08T20:00:00Z,0
TX-C77D3510F072,pq1693caa8a2f22449ebf5b287dfb6c,pq1b0fd919e01e84830b4a7f4a3030a,0.137943,ML-DSA-65,3309,0.803,0.301,2026-01-08T20:24:00Z,1
TX-73012719A624,bc1ff2cbb6af26b4f5caa275e4f2022,pq1496afe564cd747068b2b3a293d9b,1.482988,ECDSA-P256,72,0.05,0.1,2026-01-08T20:48:00Z,1
TX-56B5AE350938,pq15c87ba841c844d41ae9a999671f7,bc122cb9f6c669c4fb9b446f88678b2,1.520367,ML-DSA-65,3309,1.011,0.379,2026-01-08T21:12:00Z,1
TX-7819D64543A3,pq1693caa8a2f22449ebf5b287dfb6c,bc150fc35db83ca456c89bea8a3fbca,0.621355,ML-DSA-65,3309,0.906,0.34,2026-01-08T21:36:00Z,1
TX-0C36DB8C1478,pq1dadadc94bda84ce9b4cd7f6994cc,pq1f4ab2ca7bcb643c6b21fa5644102,0.287525,SLH-DSA-128f,17088,7.847,1.883,2026-01-08T22:00:00Z,1
TX-0238CD8EF550,pq1f4ab2ca7bcb643c6b21fa5644102,bc1ff2cbb6af26b4f5caa275e4f2022,1.009289,ML-DSA-65,3309,1.007,0.378,2026-01-08T22:24:00Z,1
TX-46B9D6388CD6,pq1693caa8a2f22449ebf5b287dfb6c,pq1496afe564cd747068b2b3a293d9b,1.683896,ML-DSA-65,3309,0.906,0.34,2026-01-08T22:48:00Z,1
TX-CC05FFBA8242,pq15c87ba841c844d41ae9a999671f7,bc150fc35db83ca456c89bea8a3fbca,0.693967,ML-DSA-65,3309,0.881,0.331,2026-01-08T23:12:00Z,1
TX-100A427E2511,pq1dadadc94bda84ce9b4cd7f6994cc,bc1ff2cbb6af26b4f5caa275e4f2022,1.326527,SLH-DSA-128f,17088,9.776,2.346,2026-01-08T23:36:00Z,1
TX-07B5256D398D,bc122cb9f6c669c4fb9b446f88678b2,pq1f4ab2ca7bcb643c6b21fa5644102,0.784213,ECDSA-P256,72,0.058,0.116,2026-01-09T00:00:00Z,1
TX-8BA7354F6784,bc122cb9f6c669c4fb9b446f88678b2,pq1dadadc94bda84ce9b4cd7f6994cc,1.05304,ECDSA-P256,72,0.071,0.143,2026-01-09T00:24:00Z,1
TX-A5FFDE00CAE8,pq15c87ba841c844d41ae9a999671f7,pq1b0fd919e01e84830b4a7f4a3030a,1.773844,ML-DSA-65,3309,0.965,0.362,2026-01-09T00:48:00Z,1
TX-9A909CDE890C,bc150fc35db83ca456c89bea8a3fbca,pq1693caa8a2f22449ebf5b287dfb6c,1.950343,ECDSA-P256,72,0.072,0.144,2026-01-09T01:12:00Z,1
TX-245A0C86FDA9,pq1693caa8a2f22449ebf5b287dfb6c,pq15c87ba841c844d41ae9a999671f7,0.098407,ML-DSA-65,3309,0.653,0.245,2026-01-09T01:36:00Z,1
TX-23354CA908B4,pq1f4ab2ca7bcb643c6b21fa5644102,bc122cb9f6c669c4fb9b446f88678b2,0.713922,ML-DSA-65,3309,1.035,0.388,2026-01-09T02:00:00Z,1
TX-23D60A28D0B7,pq1693caa8a2f22449ebf5b287dfb6c,pq1dadadc94bda84ce9b4cd7f6994cc,1.919169,ML-DSA-65,3309,0.672,0.252,2026-01-09T02:24:00Z,1
TX-BF07468F2E6E,bc150fc35db83ca456c89bea8a3fbca,bc1ff2cbb6af26b4f5caa275e4f2022,1.491316,ECDSA-P256,72,0.059,0.119,2026-01-09T02:48:00Z,1
TX-C2CF12A1FDAF,pq15c87ba841c844d41ae9a999671f7,pq1b0fd919e01e84830b4a7f4a3030a,1.923669,ML-DSA-65,3309,1.019,0.382,2026-01-09T03:12:00Z,1
TX-042649357DCB,pq1dadadc94bda84ce9b4cd7f6994cc,pq11c74f53296c54368abe4542c41c0,0.863152,SLH-DSA-128f,17088,6.353,1.525,2026-01-09T03:36:00Z,1
TX-6F3539C1A2F0,pq1b0fd919e01e84830b4a7f4a3030a,pq1f4ab2ca7bcb643c6b21fa5644102,1.196211,FALCON-512,666,0.243,0.081,2026-01-09T04:00:00Z,1
TX-A64DC60743EE,bc122cb9f6c669c4fb9b446f88678b2,pq1dadadc94bda84ce9b4cd7f6994cc,1.652117,ECDSA-P256,72,0.083,0.166,2026-01-09T04:24:00Z,1
TX-BFB4DA8FB551,pq1496afe564cd747068b2b3a293d9b,pq15c87ba841c844d41ae9a999671f7,1.471249,FALCON-512,666,0.32,0.107,2026-01-09T04:48:00Z,1
TX-9866FC6D6A87,pq1496afe564cd747068b2b3a293d9b,pq11c74f53296c54368abe4542c41c0,0.492783,FALCON-512,666,0.288,0.096,2026-01-09T05:12:00Z,1
TX-5BA7A0DBBD9A,pq15c87ba841c844d41ae9a999671f7,pq1dadadc94bda84ce9b4cd7f6994cc,0.446251,ML-DSA-65,3309,0.673,0.252,2026-01-09T05:36:00Z,1
TX-34849B372E90,pq1dadadc94bda84ce9b4cd7f6994cc,pq1496afe564cd747068b2b3a293d9b,1.592018,SLH-DSA-128f,17088,9.942,2.386,2026-01-09T06:00:00Z,1
TX-36DA11E7269E,pq1496afe564cd747068b2b3a293d9b,bc150fc35db83ca456c89bea8a3fbca,0.363188,FALCON-512,666,0.396,0.132,2026-01-09T06:24:00Z,1
TX-034F17CBE957,pq15c87ba841c844d41ae9a999671f7,bc150fc35db83ca456c89bea8a3fbca,1.086482,ML-DSA-65,3309,1.057,0.397,2026-01-09T06:48:00Z,1
TX-60D1ABA6AF0F,bc122cb9f6c669c4fb9b446f88678b2,pq1496afe564cd747068b2b3a293d9b,0.747112,ECDSA-P256,72,0.075,0.149,2026-01-09T07:12:00Z,1
TX-59026403C55B,pq1dadadc94bda84ce9b4cd7f6994cc,pq1693caa8a2f22449ebf5b287dfb6c,0.096912,SLH-DSA-128f,17088,10.051,2.412,2026-01-09T07:36:00Z,1
